step,session_id,nav_action,nav_action_name,article_title,pos_in_article,action_vec_norm,free_energy,prediction_error,confidence,obs_norm,beta,info_gain,text_preview,in_consolidation,delta_fe_consolidation
0,0,0,forward,Mathematics_8,256,1.287035,10.518464,0.167499,0.897082,0.163233,0.999960,1.000000, Mathematics_8 is an article a,0,0.000000
1,0,4,follow_link,Geography_20,256,1.760105,30.053961,0.170241,0.917459,0.161112,0.999921,1.000000, Geography_20 is an article ab,0,0.000000
2,0,4,follow_link,Geography_16,256,1.467318,25.527069,0.176666,0.917248,0.164283,0.999881,1.000000, Geography_16 is an article ab,0,0.000000
3,0,1,backward,Geography_16,256,1.571091,23.633826,0.179668,0.917561,0.164283,0.999842,3.182882, Geography_16 is an article ab,0,0.000000
4,0,1,backward,Geography_16,256,1.937147,24.859091,0.182916,0.917902,0.164283,0.999802,3.017397, Geography_16 is an article ab,0,0.000000
5,0,0,forward,Geography_16,512,1.617056,22.617294,0.210681,0.916859,0.190999,0.999762,2.813271,"oncepts such as war, revolutio",0,0.000000
6,0,5,random_article,Computer Science_2,256,1.429186,19.919965,0.189905,0.917135,0.164981,0.999723,3.488290, Computer Science_2 is an arti,0,0.000000
7,0,2,fast_forward,Computer Science_15,256,2.074243,18.690741,0.190359,0.917717,0.160639,0.999683,3.295805, Computer Science_15 is an art,0,0.000000
8,0,4,follow_link,Geography_22,256,1.799295,17.860951,0.189761,0.917828,0.154592,0.999644,3.672345, Geography_22 is an article ab,0,0.000000
9,0,4,follow_link,Computer Science_22,256,1.880975,17.802044,0.202777,0.917670,0.165549,0.999604,3.945233, Computer Science_22 is an art,0,0.000000
10,0,5,random_article,Biology_18,256,1.547322,17.588490,0.185413,0.917247,0.151203,0.999564,4.036099, Biology_18 is an article abou,0,0.000000
11,0,1,backward,Biology_18,256,1.909532,17.693551,0.187834,0.917402,0.151203,0.999525,2.732836, Biology_18 is an article abou,0,0.000000
12,0,2,fast_forward,Biology_18,256,1.925697,16.570471,0.190184,0.917406,0.151203,0.999485,2.671200, Biology_18 is an article abou,0,0.000000
13,0,4,follow_link,Mathematics_1,256,2.175443,16.171324,0.207709,0.917732,0.165634,0.999446,3.196662, Mathematics_1 is an article a,0,0.000000
14,0,0,forward,Mathematics_1,512,1.563386,15.686773,0.233338,0.916822,0.191047,0.999406,3.211129,12]]. It discusses concepts su,0,0.000000
15,0,3,jump_within,Mathematics_1,513,1.418631,15.808699,0.236344,0.916834,0.190412,0.999366,4.577979,2]]. It discusses concepts suc,0,0.000000
16,0,2,fast_forward,Biology_10,256,1.971025,15.754982,0.199904,0.917450,0.150677,0.999327,4.100059, Biology_10 is an article abou,0,0.000000
17,0,1,backward,Biology_10,256,1.960741,15.644548,0.201953,0.917374,0.150677,0.999287,3.750248, Biology_10 is an article abou,0,0.000000
18,0,1,backward,Biology_10,256,1.660655,15.622109,0.203934,0.917365,0.150677,0.999248,4.223080, Biology_10 is an article abou,0,0.000000
19,0,2,fast_forward,Mathematics_8,256,1.612569,15.926056,0.219119,0.917743,0.163233,0.999208,0.908489, Mathematics_8 is an article a,0,0.000000
20,0,1,backward,Mathematics_8,256,1.507703,15.859492,0.220979,0.917266,0.163233,0.999168,3.297548, Mathematics_8 is an article a,0,0.000000
21,0,2,fast_forward,History_19,256,1.385159,16.085284,0.203511,0.917521,0.142155,0.999129,3.158351, History_19 is an article abou,0,0.000000
22,0,2,fast_forward,Mathematics_20,256,1.532335,16.117938,0.221855,0.917912,0.159052,0.999089,3.491622, Mathematics_20 is an article ,0,0.000000
23,0,4,follow_link,Mathematics_18,256,1.789408,16.256400,0.221148,0.917232,0.155446,0.999050,3.250213, Mathematics_18 is an article ,0,0.000000
24,0,4,follow_link,Biology_19,256,1.600616,16.254791,0.213926,0.917657,0.151345,0.999010,1.844411, Biology_19 is an article abou,0,0.000000
25,0,4,follow_link,Physics_9,256,1.449242,16.010300,0.220903,0.917504,0.161532,0.998970,2.479977, Physics_9 is an article about,0,0.000000
26,0,5,random_article,History_9,256,1.390031,15.914761,0.223594,0.917577,0.158281,0.998931,2.279429, History_9 is an article about,0,0.000000
27,0,1,backward,History_9,256,1.398787,15.927958,0.224849,0.917637,0.158281,0.998891,2.653596, History_9 is an article about,0,0.000000
28,0,0,forward,History_9,504,2.221700,16.066122,0.257754,0.916894,0.190510,0.998852,1.013192,", and empire. It discusses con",0,0.000000
29,0,4,follow_link,Physics_21,256,1.251078,16.172948,0.217530,0.917681,0.152513,0.998812,2.351851, Physics_21 is an article abou,0,0.000000
30,0,5,random_article,Geography_2,256,1.782152,16.156359,0.231371,0.917586,0.154613,0.998772,2.928189, Geography_2 is an article abo,0,0.000000
31,0,5,random_article,Biology_22,256,1.928276,16.304783,0.222319,0.917577,0.145370,0.998733,2.336396, Biology_22 is an article abou,0,0.000000
32,0,3,jump_within,Biology_22,412,1.246545,16.250813,0.232846,0.917160,0.157537,0.998693,1.923565,: [[Geography_10|Geography_10],0,0.000000
33,0,2,fast_forward,Biology_23,256,1.234758,15.778241,0.224567,0.917618,0.147154,0.998654,0.660514, Biology_23 is an article abou,0,0.000000
34,0,3,jump_within,Biology_23,543,1.678127,15.836204,0.261898,0.916939,0.186706,0.998614,1.289677,"war, revolution, and empire. I",0,0.000000
35,0,5,random_article,Geography_1,256,1.442299,15.739371,0.228765,0.917966,0.149580,0.998574,0.885304, Geography_1 is an article abo,0,0.000000
36,0,4,follow_link,Physics_22,256,2.179352,15.590885,0.241304,0.917420,0.162554,0.998535,2.239390, Physics_22 is an article abou,0,0.000000
37,0,3,jump_within,Physics_22,447,1.886893,15.563560,0.258126,0.917095,0.178128,0.998495,0.176211,History_9|History_9]]. It disc,0,0.000000
38,0,0,forward,Physics_22,507,1.663471,15.893452,0.276680,0.917030,0.197640,0.998456,1.962274,e. It discusses concepts such ,0,0.000000
39,0,0,forward,Computer Science_21,256,1.101730,16.213594,0.244902,0.917484,0.163553,0.998416,2.966249, Computer Science_21 is an art,0,0.000000
40,0,3,jump_within,Computer Science_21,454,2.110446,16.245571,0.256714,0.917185,0.176960,0.998376,2.971375,"Physics_17]], [[Physics_21|Phy",0,0.000000
41,0,3,jump_within,Computer Science_21,473,2.054538,16.415053,0.265111,0.917134,0.180680,0.998337,2.852364,sics_21|Physics_21]]. It discu,0,0.000000
42,0,3,jump_within,Computer Science_21,398,1.631111,16.300543,0.249360,0.917119,0.167401,0.998297,0.361061,ience involves king and dynast,0,0.000000
43,0,3,jump_within,Computer Science_21,291,1.513356,16.228887,0.252469,0.917439,0.167983,0.998258,0.843668,about computer science. It dis,0,0.000000
44,0,0,forward,Computer Science_21,532,1.508440,16.255804,0.277889,0.916889,0.188836,0.998218,0.299737,mpire. It discusses concepts s,0,0.000000
45,0,0,forward,Physics_3,256,1.511049,16.391299,0.249122,0.917513,0.160876,0.998178,2.436601, Physics_3 is an article about,0,0.000000
46,0,3,jump_within,Physics_3,463,1.505176,16.647876,0.280478,0.916937,0.192196,0.998139,1.813765,. It discusses concepts such a,0,0.000000
47,0,2,fast_forward,History_1,256,1.944253,16.603871,0.257610,0.917388,0.163759,0.998099,2.229769, History_1 is an article about,0,0.000000
48,0,3,jump_within,History_1,370,1.440349,16.711978,0.259500,0.917056,0.167845,0.998060,0.298647,story involves king and dynast,0,0.000000
49,0,1,backward,History_1,256,1.392255,16.981444,0.259255,0.917349,0.163759,0.998020,0.878100, History_1 is an article about,0,0.000000
50,0,2,fast_forward,Physics_12,256,1.912306,17.197125,0.237133,0.917849,0.140541,0.997980,0.823183, Physics_12 is an article abou,0,0.000000
51,0,5,random_article,Computer Science_8,256,1.656724,17.022868,0.263735,0.917574,0.161714,0.997941,0.745790, Computer Science_8 is an arti,0,0.000000
52,0,1,backward,Computer Science_8,256,1.458982,17.330583,0.264415,0.917502,0.161714,0.997901,0.401221, Computer Science_8 is an arti,0,0.000000
53,0,1,backward,Computer Science_8,256,1.561103,17.173216,0.265083,0.917310,0.161714,0.997862,0.670017, Computer Science_8 is an arti,0,0.000000
54,0,0,forward,Computer Science_8,512,1.530973,17.204605,0.287774,0.916878,0.192728,0.997822,0.605298,"cepts such as war, revolution,",0,0.000000
55,0,2,fast_forward,History_20,256,1.171024,17.198109,0.252353,0.917496,0.148002,0.997782,0.694927, History_20 is an article abou,0,0.000000
56,0,4,follow_link,Computer Science_21,256,1.843376,17.224398,0.261744,0.917399,0.163553,0.997743,0.781041, Computer Science_21 is an art,0,0.000000
57,0,4,follow_link,Physics_17,256,1.504340,17.548515,0.257487,0.917568,0.156471,0.997703,0.691599, Physics_17 is an article abou,0,0.000000
58,0,0,forward,Physics_17,512,1.594857,17.697846,0.286226,0.916755,0.186706,0.997664,0.809343,"war, revolution, and empire. I",0,0.000000
59,0,5,random_article,Mathematics_0,256,1.572950,17.812143,0.261788,0.917456,0.154113,0.997624,0.826450, Mathematics_0 is an article a,0,0.000000
60,0,0,forward,Mathematics_0,512,1.619424,17.601318,0.291062,0.917431,0.192332,0.997584,0.816499, discusses concepts such as wa,0,0.000000
61,0,4,follow_link,Physics_3,256,1.572721,17.591658,0.262934,0.917416,0.160876,0.997545,0.507924, Physics_3 is an article about,0,0.000000
62,0,1,backward,Physics_3,256,1.381198,17.604520,0.263229,0.917942,0.160876,0.997505,0.755094, Physics_3 is an article about,0,0.000000
63,0,4,follow_link,Physics_6,256,1.331732,17.553952,0.267687,0.918027,0.159132,0.997466,0.506959, Physics_6 is an article about,0,0.000000
64,0,5,random_article,Biology_12,256,1.571139,17.693508,0.271245,0.917441,0.158808,0.997426,0.803835, Biology_12 is an article abou,0,0.000000
65,0,5,random_article,Physics_18,256,1.586802,17.949879,0.265716,0.917488,0.157569,0.997386,0.873028, Physics_18 is an article abou,0,0.000000
66,0,0,forward,Physics_18,512,1.542961,17.800780,0.291086,0.917015,0.186706,0.997347,0.587763,"war, revolution, and empire. I",0,0.000000
67,0,2,fast_forward,Mathematics_17,256,1.500840,17.887018,0.276757,0.917179,0.167008,0.997307,0.507927, Mathematics_17 is an article ,0,0.000000
68,0,4,follow_link,Physics_23,256,1.723788,18.001368,0.269479,0.917781,0.159990,0.997268,0.715164, Physics_23 is an article abou,0,0.000000
69,0,5,random_article,Physics_3,256,1.536561,18.106727,0.267631,0.917671,0.160876,0.997228,0.664102, Physics_3 is an article about,0,0.000000
70,0,4,follow_link,Physics_6,256,1.038818,18.086835,0.271944,0.917659,0.159132,0.997188,0.728987, Physics_6 is an article about,0,0.000000
71,0,4,follow_link,Computer Science_23,256,1.297283,17.951609,0.274521,0.917727,0.158248,0.997149,0.712063, Computer Science_23 is an art,0,0.000000
72,0,0,forward,Computer Science_23,504,1.677468,17.937039,0.289736,0.917032,0.182505,0.997109,0.809801,History_20]]. It discusses con,0,0.000000
73,0,2,fast_forward,Geography_14,256,1.077484,18.132611,0.275806,0.917213,0.158312,0.997070,0.187772, Geography_14 is an article ab,0,0.000000
74,0,0,forward,Geography_14,512,1.556648,18.593259,0.294174,0.916948,0.184316,0.997030,0.670877,ence_21|Computer Science_21]].,0,0.000000
75,0,2,fast_forward,Geography_15,256,1.350432,18.523928,0.279501,0.917490,0.167093,0.996990,0.897421, Geography_15 is an article ab,0,0.000000
76,0,4,follow_link,Mathematics_0,256,1.594022,18.790917,0.273649,0.917358,0.154113,0.996951,0.673267, Mathematics_0 is an article a,0,0.000000
77,0,4,follow_link,Geography_4,256,1.205773,18.698006,0.271460,0.917238,0.153544,0.996911,0.233209, Geography_4 is an article abo,0,0.000000
78,0,5,random_article,Geography_7,256,1.520952,18.774365,0.277171,0.917603,0.164926,0.996872,0.693128, Geography_7 is an article abo,0,0.000000
79,0,3,jump_within,Geography_7,372,1.957351,18.970734,0.279648,0.917180,0.169216,0.996832,1.194531,geography involves king and dy,0,0.000000
80,0,3,jump_within,Geography_7,374,1.317694,18.900073,0.278427,0.917202,0.167643,0.996792,1.303136,ography involves king and dyna,0,0.000000
81,0,4,follow_link,History_18,256,1.337659,18.904359,0.283313,0.917487,0.164548,0.996753,0.947839, History_18 is an article abou,0,0.000000
82,0,4,follow_link,Computer Science_8,256,1.690100,18.403300,0.283744,0.917373,0.161714,0.996713,1.171548, Computer Science_8 is an arti,0,0.000000
83,0,2,fast_forward,Physics_4,256,1.617369,18.468102,0.271535,0.918422,0.156288,0.996674,0.926009, Physics_4 is an article about,0,0.000000
84,0,4,follow_link,Biology_11,256,1.650250,18.213380,0.271840,0.917664,0.152868,0.996634,0.575991, Biology_11 is an article abou,0,0.000000
85,0,4,follow_link,Physics_0,256,1.640357,18.342536,0.279874,0.917572,0.161967,0.996594,0.650412, Physics_0 is an article about,0,0.000000
86,0,1,backward,Physics_0,256,1.521919,18.198112,0.280294,0.917625,0.161967,0.996555,0.661426, Physics_0 is an article about,0,0.000000
87,0,2,fast_forward,Mathematics_19,256,1.816469,18.290643,0.283467,0.917266,0.167960,0.996515,1.120761, Mathematics_19 is an article ,0,0.000000
88,0,4,follow_link,Physics_12,256,1.679686,18.302031,0.260891,0.917346,0.140541,0.996476,1.006317, Physics_12 is an article abou,0,0.000000
89,0,2,fast_forward,History_20,256,1.342954,18.344174,0.271078,0.917429,0.148002,0.996436,0.694601, History_20 is an article abou,0,0.000000
90,0,4,follow_link,Physics_5,256,1.735709,18.317983,0.271022,0.917410,0.150880,0.996396,0.562639, Physics_5 is an article about,0,0.000000
91,0,5,random_article,Geography_22,256,1.712602,18.083074,0.281458,0.917776,0.154592,0.996357,0.631255, Geography_22 is an article ab,0,0.000000
92,0,0,forward,Geography_22,512,1.401915,18.311178,0.298918,0.916915,0.183563,0.996317,0.291933,ce_15|Computer Science_15]]. I,0,0.000000
93,0,3,jump_within,Geography_22,474,2.004560,18.208287,0.297937,0.917572,0.178876,0.996278,0.456077,"omputer Science_22]], [[Comput",0,0.000000
94,0,5,random_article,History_9,256,1.370616,18.324645,0.280388,0.917650,0.158281,0.996238,0.608369, History_9 is an article about,0,0.000000
95,0,3,jump_within,History_9,324,1.431785,18.507392,0.278297,0.917299,0.159219,0.996198,0.602614,"s war, revolution, and empire.",0,0.000000
96,0,0,forward,History_9,504,1.488177,18.526990,0.308149,0.917164,0.189921,0.996159,0.440409,ire. It discusses concepts suc,0,0.000000
97,0,2,fast_forward,Biology_5,256,1.363547,18.740667,0.287587,0.917459,0.163574,0.996119,0.535052, Biology_5 is an article about,0,0.000000
98,0,4,follow_link,Mathematics_14,256,1.317847,18.761579,0.286646,0.917395,0.159429,0.996080,0.468867, Mathematics_14 is an article ,0,0.000000
99,0,4,follow_link,Biology_4,256,1.552566,18.749434,0.278322,0.917597,0.145007,0.996040,0.608898, Biology_4 is an article about,0,0.000000
100,0,-1,consolidation,History_14,256,0.000000,18.752498,0.000000,0.000000,0.000000,0.996040,0.000000,,1,0.002588
101,0,-1,consolidation,History_14,256,0.000000,18.754533,0.000000,0.000000,0.000000,0.996040,0.000000,,1,0.002026
102,0,-1,consolidation,History_14,256,0.000000,18.756683,0.000000,0.000000,0.000000,0.996040,0.000000,,1,0.002138
103,0,-1,consolidation,History_14,256,0.000000,18.758502,0.000000,0.000000,0.000000,0.996040,0.000000,,1,0.001818
104,0,-1,consolidation,History_14,256,0.000000,18.760289,0.000000,0.000000,0.000000,0.996040,0.000000,,1,0.001778
105,0,-1,consolidation,History_14,256,0.000000,18.763036,0.000000,0.000000,0.000000,0.996040,0.000000,,1,0.002703
106,0,-1,consolidation,History_14,256,0.000000,18.764668,0.000000,0.000000,0.000000,0.996040,0.000000,,1,0.001636
107,0,-1,consolidation,History_14,256,0.000000,18.767403,0.000000,0.000000,0.000000,0.996040,0.000000,,1,0.002696
108,0,-1,consolidation,History_14,256,0.000000,18.768767,0.000000,0.000000,0.000000,0.996040,0.000000,,1,0.001376
109,0,-1,consolidation,History_14,256,0.000000,18.769660,0.000000,0.000000,0.000000,0.996040,0.000000,,1,0.000909
110,0,-1,consolidation,History_14,256,0.000000,18.771284,0.000000,0.000000,0.000000,0.996040,0.000000,,1,0.001611
111,0,-1,consolidation,History_14,256,0.000000,18.772897,0.000000,0.000000,0.000000,0.996040,0.000000,,1,0.001610
112,0,-1,consolidation,History_14,256,0.000000,18.774992,0.000000,0.000000,0.000000,0.996040,0.000000,,1,0.002076
113,0,-1,consolidation,History_14,256,0.000000,18.777200,0.000000,0.000000,0.000000,0.996040,0.000000,,1,0.002182
114,0,-1,consolidation,History_14,256,0.000000,18.779013,0.000000,0.000000,0.000000,0.996040,0.000000,,1,0.001807
115,0,-1,consolidation,History_14,256,0.000000,18.780159,0.000000,0.000000,0.000000,0.996040,0.000000,,1,0.001158
116,0,-1,consolidation,History_14,256,0.000000,18.782110,0.000000,0.000000,0.000000,0.996040,0.000000,,1,0.001928
117,0,-1,consolidation,History_14,256,0.000000,18.783543,0.000000,0.000000,0.000000,0.996040,0.000000,,1,0.001432
118,0,-1,consolidation,History_14,256,0.000000,18.784665,0.000000,0.000000,0.000000,0.996040,0.000000,,1,0.001135
119,0,-1,consolidation,History_14,256,0.000000,18.786754,0.000000,0.000000,0.000000,0.996040,0.000000,,1,0.002049
120,1,1,backward,History_14,256,1.504111,18.604550,0.386121,0.917340,0.163264,0.996000,0.473940, History_14 is an article abou,0,0.000000
121,1,2,fast_forward,Geography_13,256,1.672333,18.486621,0.376958,0.918002,0.151196,0.995961,0.353551, Geography_13 is an article ab,0,0.000000
122,1,1,backward,Geography_13,256,1.476327,18.560119,0.376479,0.917913,0.151196,0.995921,0.417037, Geography_13 is an article ab,0,0.000000
123,1,2,fast_forward,Physics_6,256,1.534922,18.850342,0.386080,0.917504,0.159132,0.995882,0.457673, Physics_6 is an article about,0,0.000000
124,1,5,random_article,Biology_10,256,1.480230,18.863850,0.379743,0.917365,0.150677,0.995842,0.606417, Biology_10 is an article abou,0,0.000000
125,1,3,jump_within,Biology_10,451,1.672566,18.540051,0.393916,0.916906,0.180510,0.995802,0.495253,ics_17|Mathematics_17]]. It di,0,0.000000
126,1,2,fast_forward,Geography_7,256,1.587910,18.412434,0.386022,0.917285,0.164926,0.995763,0.236287, Geography_7 is an article abo,0,0.000000
127,1,5,random_article,History_2,256,1.687851,18.492367,0.383430,0.917707,0.155218,0.995723,0.348145, History_2 is an article about,0,0.000000
128,1,4,follow_link,Physics_10,256,1.132584,18.271760,0.375798,0.917465,0.151745,0.995684,0.387662, Physics_10 is an article abou,0,0.000000
129,1,5,random_article,History_13,256,1.857137,18.161774,0.379172,0.917896,0.152397,0.995644,0.334055, History_13 is an article abou,0,0.000000
130,1,2,fast_forward,Geography_16,256,1.533588,18.173304,0.392247,0.918074,0.164283,0.995604,0.325626, Geography_16 is an article ab,0,0.000000
131,1,5,random_article,History_0,256,1.361984,18.160131,0.387397,0.917624,0.161458,0.995565,0.337146, History_0 is an article about,0,0.000000
132,1,1,backward,History_0,256,1.374731,18.153152,0.387613,0.917679,0.161458,0.995525,0.382654, History_0 is an article about,0,0.000000
133,1,4,follow_link,Geography_15,256,1.660895,18.018558,0.388525,0.917336,0.167093,0.995486,0.365509, Geography_15 is an article ab,0,0.000000
134,1,1,backward,Geography_15,256,1.337961,18.271392,0.388829,0.917329,0.167093,0.995446,0.416802, Geography_15 is an article ab,0,0.000000
135,1,3,jump_within,Geography_15,273,1.809440,18.201674,0.389527,0.917468,0.166531,0.995406,0.361096,an article about geography. It,0,0.000000
136,1,0,forward,Geography_15,517,1.793347,18.394987,0.404223,0.916954,0.191097,0.995367,0.375303,d empire. It discusses concept,0,0.000000
137,1,4,follow_link,Mathematics_0,256,1.547606,18.320565,0.389025,0.917376,0.154113,0.995327,0.338010, Mathematics_0 is an article a,0,0.000000
138,1,2,fast_forward,Geography_20,256,1.257095,18.300078,0.390404,0.917685,0.161112,0.995288,0.323860, Geography_20 is an article ab,0,0.000000
139,1,5,random_article,Computer Science_10,256,1.524472,18.296093,0.390142,0.917548,0.162699,0.995248,0.275078, Computer Science_10 is an art,0,0.000000
140,1,1,backward,Computer Science_10,256,1.570905,18.244327,0.390278,0.917399,0.162699,0.995208,0.416947, Computer Science_10 is an art,0,0.000000
141,1,4,follow_link,Computer Science_21,256,1.652765,18.056805,0.385865,0.917440,0.163553,0.995169,0.372902, Computer Science_21 is an art,0,0.000000
142,1,3,jump_within,Computer Science_21,503,1.474350,18.168467,0.407187,0.917604,0.194352,0.995129,0.363250,"sses concepts such as war, rev",0,0.000000
143,1,5,random_article,Physics_6,256,1.557186,18.293555,0.390293,0.917566,0.159132,0.995090,0.309359, Physics_6 is an article about,0,0.000000
144,1,4,follow_link,Geography_10,256,1.769131,18.221677,0.383320,0.917713,0.152725,0.995050,0.497013, Geography_10 is an article ab,0,0.000000
145,1,1,backward,Geography_10,256,1.650433,18.232633,0.382930,0.917748,0.152725,0.995010,0.356453, Geography_10 is an article ab,0,0.000000
146,1,1,backward,Geography_10,256,1.734487,18.177201,0.382584,0.917559,0.152725,0.994971,0.264083, Geography_10 is an article ab,0,0.000000
147,1,2,fast_forward,Biology_22,256,1.178693,18.070610,0.384008,0.917611,0.145370,0.994931,0.445821, Biology_22 is an article abou,0,0.000000
148,1,5,random_article,Mathematics_19,256,1.845555,17.965426,0.387533,0.917366,0.167960,0.994892,0.492896, Mathematics_19 is an article ,0,0.000000
149,1,0,forward,Mathematics_19,512,1.327372,17.794362,0.405926,0.916761,0.190999,0.994852,0.423011,"oncepts such as war, revolutio",0,0.000000
150,1,0,forward,Mathematics_19,535,1.645925,17.827509,0.421523,0.917501,0.195175,0.994812,0.279730," revolution, and empire",0,0.000000
151,1,4,follow_link,Computer Science_14,256,1.821128,17.925954,0.393666,0.917394,0.161275,0.994773,0.490553, Computer Science_14 is an art,0,0.000000
152,1,5,random_article,Computer Science_14,256,1.144405,18.071406,0.393849,0.917305,0.161275,0.994733,0.476357, Computer Science_14 is an art,0,0.000000
153,1,5,random_article,Biology_17,256,1.737244,17.925752,0.387852,0.917485,0.151477,0.994694,0.346641, Biology_17 is an article abou,0,0.000000
154,1,3,jump_within,Biology_17,447,1.578789,18.054770,0.399468,0.916825,0.176017,0.994654,0.297482,story_20|History_20]]. It disc,0,0.000000
155,1,2,fast_forward,Computer Science_2,256,1.549299,17.957678,0.392744,0.917255,0.164981,0.994614,0.354099, Computer Science_2 is an arti,0,0.000000
156,1,0,forward,Computer Science_2,512,1.615976,17.905628,0.409883,0.917193,0.193231,0.994575,0.238926,"cusses concepts such as war, r",0,0.000000
157,1,1,backward,Computer Science_2,256,1.466183,18.090549,0.394234,0.917088,0.164981,0.994535,0.304837, Computer Science_2 is an arti,0,0.000000
158,1,3,jump_within,Computer Science_2,312,1.589679,17.902599,0.392306,0.916932,0.169379,0.994496,0.184929,. It discusses concepts such a,0,0.000000
159,1,3,jump_within,Computer Science_2,360,1.203670,17.815644,0.391752,0.916863,0.168016,0.994456,0.368698, and empire. The study of comp,0,0.000000
160,1,4,follow_link,Geography_19,256,1.718491,17.982739,0.394702,0.917824,0.147825,0.994416,0.473956, Geography_19 is an article ab,0,0.000000
161,1,2,fast_forward,History_0,256,1.540811,18.075085,0.394739,0.917312,0.161458,0.994377,0.341094, History_0 is an article about,0,0.000000
162,1,3,jump_within,History_0,383,1.901194,17.929179,0.394767,0.916895,0.164905,0.994337,0.330768,s king and dynasty. See also: ,0,0.000000
163,1,5,random_article,Biology_19,256,1.497457,17.880103,0.391202,0.917302,0.151345,0.994298,0.206509, Biology_19 is an article abou,0,0.000000
164,1,2,fast_forward,Physics_11,256,1.205503,18.086276,0.380930,0.917511,0.148386,0.994258,0.444689, Physics_11 is an article abou,0,0.000000
165,1,2,fast_forward,Geography_21,256,1.630074,18.101076,0.386759,0.917860,0.148087,0.994218,0.269752, Geography_21 is an article ab,0,0.000000
166,1,0,forward,Geography_21,512,1.474046,18.269423,0.403961,0.917113,0.189054,0.994179,0.473897,_17]]. It discusses concepts s,0,0.000000
167,1,5,random_article,Biology_24,256,1.588053,18.095964,0.394451,0.917509,0.155619,0.994139,0.383825, Biology_24 is an article abou,0,0.000000
168,1,3,jump_within,Biology_24,267,1.786983,18.004478,0.392695,0.917245,0.157801,0.994100,0.365132, is an article about biology. ,0,0.000000
169,1,2,fast_forward,Geography_4,256,1.171424,18.049036,0.389330,0.917378,0.153544,0.994060,0.386352, Geography_4 is an article abo,0,0.000000
170,1,2,fast_forward,Physics_4,256,1.508816,17.986731,0.389428,0.917907,0.156288,0.994020,0.417263, Physics_4 is an article about,0,0.000000
171,1,2,fast_forward,History_15,256,1.521497,18.200210,0.393541,0.917557,0.165635,0.993981,0.319359, History_15 is an article abou,0,0.000000
172,1,0,forward,History_15,512,1.636578,18.169564,0.409350,0.917053,0.186326,0.993941,0.319211,"evolution, and empire. It disc",0,0.000000
173,1,0,forward,History_15,513,1.827327,18.303802,1.003618,0.917594,0.909727,0.993902,0.427384,e,0,0.000000
174,1,0,forward,Mathematics_24,256,1.860510,18.336956,0.420421,0.917203,0.174184,0.993862,0.481857, Mathematics_24 is an article ,0,0.000000
175,1,1,backward,Mathematics_24,256,1.362732,18.358765,0.419518,0.917296,0.174184,0.993822,0.261998, Mathematics_24 is an article ,0,0.000000
176,1,1,backward,Mathematics_24,256,1.659868,18.295623,0.418706,0.917367,0.174184,0.993783,0.321531, Mathematics_24 is an article ,0,0.000000
177,1,1,backward,Mathematics_24,256,1.304484,18.038100,0.417974,0.917295,0.174184,0.993743,0.356292, Mathematics_24 is an article ,0,0.000000
178,1,1,backward,Mathematics_24,256,1.472972,17.939339,0.417315,0.917288,0.174184,0.993704,0.318848, Mathematics_24 is an article ,0,0.000000
179,1,1,backward,Mathematics_24,256,1.234408,17.976419,0.416722,0.917130,0.174184,0.993664,0.277400, Mathematics_24 is an article ,0,0.000000
180,1,1,backward,Mathematics_24,256,1.205795,17.911270,0.416190,0.917184,0.174184,0.993624,0.334495, Mathematics_24 is an article ,0,0.000000
181,1,3,jump_within,Mathematics_24,401,1.525070,17.901577,0.412384,0.917096,0.171981,0.993585,0.254019,g and dynasty. See also: [[Phy,0,0.000000
182,1,4,follow_link,Physics_5,256,1.971983,18.040637,0.402061,0.917433,0.150880,0.993545,0.449844, Physics_5 is an article about,0,0.000000
183,1,1,backward,Physics_5,256,1.858538,18.158449,0.400948,0.917330,0.150880,0.993506,0.261907, Physics_5 is an article about,0,0.000000
184,1,3,jump_within,Physics_5,471,1.325858,17.958901,0.414671,0.916929,0.181323,0.993466,0.431711,"ence_4]], [[Physics_15|Physics",0,0.000000
185,1,4,follow_link,Physics_15,256,1.798292,18.026251,0.406723,0.917335,0.162559,0.993426,0.347644, Physics_15 is an article abou,0,0.000000
186,1,4,follow_link,Mathematics_0,256,1.583601,17.730080,0.406049,0.917301,0.154113,0.993387,0.240058, Mathematics_0 is an article a,0,0.000000
187,1,2,fast_forward,Mathematics_18,256,1.471751,17.640159,0.404810,0.917364,0.155446,0.993347,0.351122, Mathematics_18 is an article ,0,0.000000
188,1,4,follow_link,Biology_19,256,1.908976,17.519772,0.401552,0.917586,0.151345,0.993308,0.441292, Biology_19 is an article abou,0,0.000000
189,1,0,forward,Biology_19,501,1.393816,17.302993,0.418919,0.916983,0.189946,0.993268,0.591832,nd empire. It discusses concep,0,0.000000
190,1,1,backward,Biology_19,256,1.481556,17.499062,0.401800,0.917500,0.151345,0.993228,0.638279, Biology_19 is an article abou,0,0.000000
191,1,2,fast_forward,Mathematics_17,256,1.708541,17.600518,0.406358,0.917114,0.167008,0.993189,0.410867, Mathematics_17 is an article ,0,0.000000
192,1,4,follow_link,Mathematics_2,256,1.672873,17.538642,0.408004,0.917568,0.166721,0.993149,0.423816, Mathematics_2 is an article a,0,0.000000
193,1,2,fast_forward,Mathematics_24,256,1.691048,17.705135,0.410886,0.917228,0.174184,0.993110,0.452652, Mathematics_24 is an article ,0,0.000000
194,1,0,forward,Mathematics_24,512,1.663346,17.860633,0.420108,0.916908,0.188661,0.993070,0.302626,"s war, revolution, and empire.",0,0.000000
195,1,1,backward,Mathematics_24,256,1.617418,17.871285,0.411723,0.917210,0.174184,0.993030,0.351996, Mathematics_24 is an article ,0,0.000000
196,1,2,fast_forward,Physics_11,256,1.743121,17.854195,0.392390,0.917479,0.148386,0.992991,0.766080, Physics_11 is an article abou,0,0.000000
197,1,1,backward,Physics_11,256,1.348400,17.868018,0.391588,0.917633,0.148386,0.992951,0.245966, Physics_11 is an article abou,0,0.000000
198,1,0,forward,Physics_11,512,1.449367,17.777552,0.420885,0.917367,0.194352,0.992912,0.352318,"ses concepts such as war, revo",0,0.000000
199,1,5,random_article,Physics_21,256,2.122655,18.034134,0.395064,0.917832,0.152513,0.992872,0.575844, Physics_21 is an article abou,0,0.000000
200,1,0,forward,History_14,512,1.242200,18.041029,0.419886,0.916952,0.188661,0.992832,0.554223,"s war, revolution, and empire.",0,0.000000
201,1,1,backward,History_14,256,1.407975,18.052320,0.403846,0.917779,0.163264,0.992793,0.312122, History_14 is an article abou,0,0.000000
202,1,4,follow_link,History_8,256,1.800630,18.025163,0.408295,0.917182,0.161207,0.992753,0.348981, History_8 is an article about,0,0.000000
203,1,1,backward,History_8,256,1.536214,17.799589,0.408191,0.917326,0.161207,0.992714,0.339813, History_8 is an article about,0,0.000000
204,1,3,jump_within,History_8,360,1.534890,17.864924,0.404811,0.917241,0.162822,0.992674,0.290083,tudy of history involves king ,0,0.000000
205,1,2,fast_forward,Computer Science_16,256,1.719146,17.809893,0.407671,0.917363,0.167663,0.992634,0.445653, Computer Science_16 is an art,0,0.000000
206,1,3,jump_within,Computer Science_16,348,1.722352,17.629441,0.408414,0.916928,0.172204,0.992595,0.257420,", revolution, and empire. The ",0,0.000000
207,1,2,fast_forward,Mathematics_7,256,1.919449,17.726455,0.408010,0.917269,0.162380,0.992555,0.549154, Mathematics_7 is an article a,0,0.000000
208,1,5,random_article,Physics_15,256,1.581556,17.875500,0.405437,0.917342,0.162559,0.992516,0.311880, Physics_15 is an article abou,0,0.000000
209,1,5,random_article,Biology_12,256,1.608552,18.202376,0.409304,0.917354,0.158808,0.992476,0.377385, Biology_12 is an article abou,0,0.000000
210,1,0,forward,Biology_12,512,1.874011,18.178477,0.422450,0.916948,0.192999,0.992436,0.392557,"pts such as war, revolution, a",0,0.000000
211,1,4,follow_link,Mathematics_13,256,1.326321,18.337816,0.403480,0.917119,0.162708,0.992397,0.343856, Mathematics_13 is an article ,0,0.000000
212,1,4,follow_link,Mathematics_12,256,1.595381,18.498813,0.405767,0.917426,0.154054,0.992357,0.389080, Mathematics_12 is an article ,0,0.000000
213,1,0,forward,Mathematics_12,512,1.802966,18.765171,0.417184,0.916796,0.187682,0.992318,0.468427,gy_13]]. It discusses concepts,0,0.000000
214,1,4,follow_link,Computer Science_4,256,1.606466,18.705458,0.410221,0.917702,0.160810,0.992278,0.445980, Computer Science_4 is an arti,0,0.000000
215,1,2,fast_forward,Biology_7,256,1.413121,18.630734,0.396599,0.917776,0.138814,0.992238,0.372295, Biology_7 is an article about,0,0.000000
216,1,5,random_article,Geography_21,256,1.437545,18.670427,0.399204,0.917725,0.148087,0.992199,0.533205, Geography_21 is an article ab,0,0.000000
217,1,3,jump_within,Geography_21,397,1.188618,18.585270,0.394336,0.917190,0.151926,0.992159,0.445337,and dynasty. See also: [[Biolo,0,0.000000
218,1,5,random_article,Biology_4,256,1.326681,18.563101,0.400941,0.917566,0.145007,0.992120,0.444416, Biology_4 is an article about,0,0.000000
219,1,2,fast_forward,Physics_18,256,1.523245,18.641745,0.403250,0.917391,0.157569,0.992080,0.452280, Physics_18 is an article abou,0,0.000000
220,1,-1,consolidation,Physics_18,256,0.000000,18.648207,0.000000,0.000000,0.000000,0.992080,0.000000,,1,0.005658
221,1,-1,consolidation,Physics_18,256,0.000000,18.654160,0.000000,0.000000,0.000000,0.992080,0.000000,,1,0.005780
222,1,-1,consolidation,Physics_18,256,0.000000,18.649424,0.000000,0.000000,0.000000,0.992080,0.000000,,1,-0.004555
223,1,-1,consolidation,Physics_18,256,0.000000,18.648652,0.000000,0.000000,0.000000,0.992080,0.000000,,1,-0.000731
224,1,-1,consolidation,Physics_18,256,0.000000,18.649335,0.000000,0.000000,0.000000,0.992080,0.000000,,1,0.000686
225,1,-1,consolidation,Physics_18,256,0.000000,18.648463,0.000000,0.000000,0.000000,0.992080,0.000000,,1,-0.000816
226,1,-1,consolidation,Physics_18,256,0.000000,18.649774,0.000000,0.000000,0.000000,0.992080,0.000000,,1,0.001280
227,1,-1,consolidation,Physics_18,256,0.000000,18.650697,0.000000,0.000000,0.000000,0.992080,0.000000,,1,0.000922
228,1,-1,consolidation,Physics_18,256,0.000000,18.652652,0.000000,0.000000,0.000000,0.992080,0.000000,,1,0.001913
229,1,-1,consolidation,Physics_18,256,0.000000,18.652919,0.000000,0.000000,0.000000,0.992080,0.000000,,1,0.000291
230,1,-1,consolidation,Physics_18,256,0.000000,18.653951,0.000000,0.000000,0.000000,0.992080,0.000000,,1,0.001018
231,1,-1,consolidation,Physics_18,256,0.000000,18.654995,0.000000,0.000000,0.000000,0.992080,0.000000,,1,0.001036
232,1,-1,consolidation,Physics_18,256,0.000000,18.655541,0.000000,0.000000,0.000000,0.992080,0.000000,,1,0.000553
233,1,-1,consolidation,Physics_18,256,0.000000,18.660102,0.000000,0.000000,0.000000,0.992080,0.000000,,1,0.004408
234,1,-1,consolidation,Physics_18,256,0.000000,18.658767,0.000000,0.000000,0.000000,0.992080,0.000000,,1,-0.001264
235,1,-1,consolidation,Physics_18,256,0.000000,18.663996,0.000000,0.000000,0.000000,0.992080,0.000000,,1,0.005059
236,1,-1,consolidation,Physics_18,256,0.000000,18.661169,0.000000,0.000000,0.000000,0.992080,0.000000,,1,-0.002723
237,1,-1,consolidation,Physics_18,256,0.000000,18.660719,0.000000,0.000000,0.000000,0.992080,0.000000,,1,-0.000423
238,1,-1,consolidation,Physics_18,256,0.000000,18.661174,0.000000,0.000000,0.000000,0.992080,0.000000,,1,0.000451
239,1,-1,consolidation,Physics_18,256,0.000000,18.661165,0.000000,0.000000,0.000000,0.992080,0.000000,,1,0.000020
240,2,1,backward,Physics_18,256,1.531089,18.810241,0.442175,0.917796,0.157569,0.992040,0.616115, Physics_18 is an article abou,0,0.000000
241,2,0,forward,Physics_18,512,1.904065,18.971498,0.457431,0.916987,0.186706,0.992001,0.645904,"war, revolution, and empire. I",0,0.000000
242,2,4,follow_link,Biology_6,256,1.694151,18.881976,0.447626,0.917712,0.155983,0.991961,0.454045, Biology_6 is an article about,0,0.000000
243,2,5,random_article,Computer Science_2,256,1.824671,18.735003,0.443478,0.917293,0.164981,0.991922,0.595312, Computer Science_2 is an arti,0,0.000000
244,2,0,forward,Computer Science_2,512,1.294789,18.765636,0.460332,0.917063,0.193231,0.991882,0.614559,"cusses concepts such as war, r",0,0.000000
245,2,0,forward,Computer Science_2,543,1.387581,18.690594,0.473534,0.916924,0.200821,0.991842,0.666133," as war, revolution, and empir",0,0.000000
246,2,0,forward,Computer Science_15,256,1.190392,18.713548,0.447385,0.917516,0.160639,0.991803,0.422949, Computer Science_15 is an art,0,0.000000
247,2,5,random_article,Biology_18,256,1.496771,18.612749,0.442483,0.917321,0.151203,0.991763,0.666160, Biology_18 is an article abou,0,0.000000
248,2,1,backward,Biology_18,256,1.672067,18.609740,0.442208,0.917381,0.151203,0.991724,0.603367, Biology_18 is an article abou,0,0.000000
249,2,4,follow_link,Mathematics_19,256,1.574103,18.712326,0.442960,0.917354,0.167960,0.991684,0.340676, Mathematics_19 is an article ,0,0.000000
250,2,0,forward,Mathematics_19,512,1.352406,18.731420,0.461006,0.916835,0.190999,0.991644,0.555105,"oncepts such as war, revolutio",0,0.000000
251,2,5,random_article,Biology_18,256,1.407256,18.608875,0.443231,0.917302,0.151203,0.991605,0.562389, Biology_18 is an article abou,0,0.000000
252,2,4,follow_link,Mathematics_1,256,1.485576,18.719615,0.451502,0.917498,0.165634,0.991565,0.339962, Mathematics_1 is an article a,0,0.000000
253,2,5,random_article,Biology_10,256,1.492165,18.750641,0.442016,0.917414,0.150677,0.991526,0.359123, Biology_10 is an article abou,0,0.000000
254,2,0,forward,Biology_10,512,1.643451,18.989035,0.459647,0.916778,0.186326,0.991486,0.512133,"evolution, and empire. It disc",0,0.000000
255,2,4,follow_link,Biology_24,256,1.551063,19.148587,0.448155,0.917405,0.155619,0.991446,0.324033, Biology_24 is an article abou,0,0.000000
256,2,0,forward,Biology_24,509,1.572713,19.223334,0.459866,0.916814,0.187187,0.991407,0.649204,"ution, and empire. It discusse",0,0.000000
257,2,5,random_article,Mathematics_8,256,1.536999,19.311091,0.446958,0.917361,0.163233,0.991367,0.452276, Mathematics_8 is an article a,0,0.000000
258,2,5,random_article,History_19,256,1.040252,19.450792,0.440838,0.917616,0.142155,0.991328,0.533617, History_19 is an article abou,0,0.000000
259,2,4,follow_link,Computer Science_14,256,1.500961,19.443893,0.449482,0.917226,0.161275,0.991288,0.494284, Computer Science_14 is an art,0,0.000000
260,2,2,fast_forward,Mathematics_20,256,1.742521,19.391486,0.449268,0.917317,0.159052,0.991248,0.355061, Mathematics_20 is an article ,0,0.000000
261,2,4,follow_link,Physics_24,256,1.520973,19.438606,0.442841,0.917352,0.165820,0.991209,0.527418, Physics_24 is an article abou,0,0.000000
262,2,0,forward,Physics_24,512,1.929791,19.378757,0.463159,0.916979,0.192999,0.991169,0.541676,"pts such as war, revolution, a",0,0.000000
263,2,0,forward,Physics_24,531,1.835519,19.217605,0.460610,0.917189,0.168532,0.991130,0.477496,"olution, and empire",0,0.000000
264,2,1,backward,Physics_24,275,1.374136,19.096641,0.446772,0.917215,0.173356,0.991090,0.465222,rticle about physics. It discu,0,0.000000
265,2,1,backward,Physics_24,256,1.325415,18.809662,0.443793,0.917369,0.165820,0.991050,0.327910, Physics_24 is an article abou,0,0.000000
266,2,4,follow_link,Computer Science_11,256,1.526551,18.801148,0.451609,0.917307,0.159081,0.991011,0.477275, Computer Science_11 is an art,0,0.000000
267,2,0,forward,Computer Science_11,512,1.382522,18.747873,0.464680,0.917151,0.194881,0.990971,0.366567,"epts such as war, revolution, ",0,0.000000
268,2,3,jump_within,Computer Science_11,449,1.611565,18.794101,0.456365,0.917062,0.168845,0.990932,0.363723,"y_5|Biology_5]], [[Geography_4",0,0.000000
269,2,1,backward,Computer Science_11,256,1.842655,18.567983,0.453030,0.917526,0.159081,0.990892,0.502031, Computer Science_11 is an art,0,0.000000
270,2,2,fast_forward,History_9,256,1.835563,18.801186,0.446359,0.917748,0.158281,0.990852,0.351939, History_9 is an article about,0,0.000000
271,2,1,backward,History_9,256,1.724524,18.772637,0.446169,0.917910,0.158281,0.990813,0.417029, History_9 is an article about,0,0.000000
272,2,1,backward,History_9,256,1.854432,18.817927,0.445999,0.917575,0.158281,0.990773,0.445612, History_9 is an article about,0,0.000000
273,2,3,jump_within,History_9,306,1.456196,18.834585,0.445745,0.917429,0.164318,0.990734,0.447137,"es concepts such as war, revol",0,0.000000
274,2,3,jump_within,History_9,279,1.687575,18.847231,0.444787,0.917581,0.162753,0.990694,0.407861,e about history. It discusses ,0,0.000000
275,2,1,backward,History_9,256,1.622036,19.064009,0.446110,0.917646,0.158281,0.990654,0.595924, History_9 is an article about,0,0.000000
276,2,2,fast_forward,Geography_2,256,1.776848,19.157546,0.446084,0.917633,0.154613,0.990615,0.419482, Geography_2 is an article abo,0,0.000000
277,2,5,random_article,Biology_22,256,1.336026,19.084734,0.445344,0.917644,0.145370,0.990575,0.297301, Biology_22 is an article abou,0,0.000000
278,2,5,random_article,Biology_23,256,1.445686,18.739258,0.441845,0.918002,0.147154,0.990536,0.453655, Biology_23 is an article abou,0,0.000000
279,2,3,jump_within,Biology_23,411,1.523778,18.789578,0.444027,0.917475,0.160265,0.990496,0.470166,o: [[Computer Science_14|Compu,0,0.000000
280,2,1,backward,Biology_23,256,2.005101,18.781019,0.441410,0.917599,0.147154,0.990456,0.359662, Biology_23 is an article abou,0,0.000000
281,2,0,forward,Biology_23,512,1.766308,18.760035,0.461967,0.916990,0.191306,0.990417,0.578086, It discusses concepts such as,0,0.000000
282,2,4,follow_link,History_12,256,1.385672,18.714885,0.448904,0.917269,0.161308,0.990377,0.330075, History_12 is an article abou,0,0.000000
283,2,2,fast_forward,Geography_1,256,1.301413,18.833948,0.444909,0.917980,0.149580,0.990338,0.417315, Geography_1 is an article abo,0,0.000000
284,2,3,jump_within,Geography_1,462,1.655615,18.641649,0.454785,0.917111,0.175408,0.990298,0.320366,"ory_9]], [[Physics_22|Physics_",0,0.000000
285,2,4,follow_link,Physics_22,256,1.396696,18.555508,0.450043,0.917571,0.162554,0.990258,0.463109, Physics_22 is an article abou,0,0.000000
286,2,4,follow_link,History_9,256,1.720560,18.552037,0.445696,0.917414,0.158281,0.990219,0.408755, History_9 is an article about,0,0.000000
287,2,2,fast_forward,Computer Science_21,256,1.839786,18.505908,0.445102,0.917551,0.163553,0.990179,0.346911, Computer Science_21 is an art,0,0.000000
288,2,5,random_article,Physics_3,256,1.764919,18.407865,0.447306,0.917618,0.160876,0.990140,0.475765, Physics_3 is an article about,0,0.000000
289,2,5,random_article,History_1,256,1.732994,18.380748,0.447989,0.917258,0.163759,0.990100,0.401576, History_1 is an article about,0,0.000000
290,2,0,forward,History_1,510,1.282409,18.338065,0.462073,0.917318,0.187153,0.990060,0.567663,"lution, and empire. It discuss",0,0.000000
291,2,4,follow_link,Mathematics_7,256,1.509966,18.273097,0.451547,0.917225,0.162380,0.990021,0.506453, Mathematics_7 is an article a,0,0.000000
292,2,3,jump_within,Mathematics_7,392,1.984840,18.064230,0.448718,0.917365,0.158182,0.989981,0.555030,lves king and dynasty. See als,0,0.000000
293,2,0,forward,Mathematics_7,520,1.725163,18.063017,0.464259,0.916822,0.190267,0.989942,0.558922,and empire. It discusses conce,0,0.000000
294,2,3,jump_within,Mathematics_7,289,1.694644,18.148129,0.448183,0.917364,0.159727,0.989902,0.546823,t mathematics. It discusses co,0,0.000000
295,2,5,random_article,Physics_12,256,1.138720,18.256654,0.438770,0.917239,0.140541,0.989862,0.688249, Physics_12 is an article abou,0,0.000000
296,2,4,follow_link,Biology_16,256,1.738666,18.257365,0.449063,0.917519,0.159254,0.989823,0.620377, Biology_16 is an article abou,0,0.000000
297,2,5,random_article,Computer Science_8,256,1.723050,18.334408,0.452920,0.917617,0.161714,0.989783,0.214466, Computer Science_8 is an arti,0,0.000000
298,2,5,random_article,History_20,256,1.441031,18.375892,0.443948,0.917610,0.148002,0.989744,0.477246, History_20 is an article abou,0,0.000000
299,2,4,follow_link,Computer Science_21,256,1.754457,18.212714,0.445843,0.917811,0.163553,0.989704,0.465852, Computer Science_21 is an art,0,0.000000
300,2,3,jump_within,Computer Science_21,394,1.849463,18.334154,0.446171,0.917041,0.168341,0.989664,0.362465,r science involves king and dy,0,0.000000
301,2,1,backward,Computer Science_21,256,1.881529,18.607888,0.446218,0.917670,0.163553,0.989625,0.576332, Computer Science_21 is an art,0,0.000000
302,2,0,forward,Computer Science_21,512,1.829475,18.642876,0.466572,0.917202,0.194881,0.989585,0.380408,"epts such as war, revolution, ",0,0.000000
303,2,2,fast_forward,Mathematics_0,256,1.846146,18.859236,0.451486,0.917593,0.154113,0.989546,0.586069, Mathematics_0 is an article a,0,0.000000
304,2,2,fast_forward,Biology_12,256,1.894040,19.081544,0.454764,0.917428,0.158808,0.989506,0.567254, Biology_12 is an article abou,0,0.000000
305,2,3,jump_within,Biology_12,358,1.656893,19.111578,0.455729,0.917048,0.167560,0.989466,0.402117,e study of biology involves ki,0,0.000000
306,2,2,fast_forward,Physics_18,256,1.868895,19.054701,0.450173,0.917426,0.157569,0.989427,0.605660, Physics_18 is an article abou,0,0.000000
307,2,2,fast_forward,Mathematics_17,256,1.758441,18.866972,0.451474,0.917012,0.167008,0.989387,0.561987, Mathematics_17 is an article ,0,0.000000
308,2,2,fast_forward,Physics_3,256,1.714115,18.880828,0.449456,0.917585,0.160876,0.989348,0.477188, Physics_3 is an article about,0,0.000000
309,2,2,fast_forward,Geography_14,256,1.486144,18.801584,0.449627,0.917269,0.158312,0.989308,0.455512, Geography_14 is an article ab,0,0.000000
310,2,4,follow_link,Mathematics_17,256,1.509993,19.063739,0.451412,0.917163,0.167008,0.989268,0.366460, Mathematics_17 is an article ,0,0.000000
311,2,0,forward,Mathematics_17,509,1.948472,19.070981,0.463027,0.917137,0.181698,0.989229,0.712266,s_23|Physics_23]]. It discusse,0,0.000000
312,2,2,fast_forward,Geography_15,256,1.896866,19.039699,0.452884,0.917204,0.167093,0.989189,0.303195, Geography_15 is an article ab,0,0.000000
313,2,4,follow_link,Mathematics_0,256,1.738204,19.307555,0.452100,0.917252,0.154113,0.989150,0.567479, Mathematics_0 is an article a,0,0.000000
314,2,1,backward,Mathematics_0,256,1.956788,19.536892,0.451779,0.917365,0.154113,0.989110,0.591683, Mathematics_0 is an article a,0,0.000000
315,2,2,fast_forward,Geography_7,256,1.559660,19.509693,0.449858,0.917253,0.164926,0.989070,0.489681, Geography_7 is an article abo,0,0.000000
316,2,4,follow_link,Mathematics_14,256,1.213314,19.707708,0.451445,0.917183,0.159429,0.989031,0.407625, Mathematics_14 is an article ,0,0.000000
317,2,2,fast_forward,Physics_4,256,1.316245,19.692448,0.447426,0.917618,0.156288,0.988991,0.421087, Physics_4 is an article about,0,0.000000
318,2,2,fast_forward,Mathematics_19,256,1.769482,19.668145,0.448737,0.917217,0.167960,0.988952,0.684456, Mathematics_19 is an article ,0,0.000000
319,2,1,backward,Mathematics_19,256,1.486982,19.619771,0.448973,0.917482,0.167960,0.988912,0.475041, Mathematics_19 is an article ,0,0.000000
320,2,4,follow_link,Computer Science_14,256,1.274458,19.538248,0.453936,0.917225,0.161275,0.988872,0.449527, Computer Science_14 is an art,0,0.000000
321,2,0,forward,Computer Science_14,512,1.579580,19.420938,0.467509,0.916994,0.194352,0.988833,0.668145,"ses concepts such as war, revo",0,0.000000
322,2,1,backward,Computer Science_14,256,1.959043,19.429833,0.455032,0.917506,0.161275,0.988793,0.583612, Computer Science_14 is an art,0,0.000000
323,2,4,follow_link,Biology_22,256,1.677366,19.495587,0.449106,0.917555,0.145370,0.988754,0.351265, Biology_22 is an article abou,0,0.000000
324,2,2,fast_forward,History_20,256,1.000421,19.476268,0.446029,0.917367,0.148002,0.988714,0.571485, History_20 is an article abou,0,0.000000
325,2,4,follow_link,Physics_5,256,1.594513,19.533337,0.446412,0.917704,0.150880,0.988674,0.587230, Physics_5 is an article about,0,0.000000
326,2,1,backward,Physics_5,256,1.656966,19.668991,0.446059,0.917698,0.150880,0.988635,0.609526, Physics_5 is an article about,0,0.000000
327,2,2,fast_forward,Geography_22,256,1.410176,19.789236,0.451407,0.917452,0.154592,0.988595,0.491124, Geography_22 is an article ab,0,0.000000
328,2,5,random_article,History_9,256,1.759188,19.907695,0.447549,0.917574,0.158281,0.988556,0.338808, History_9 is an article about,0,0.000000
329,2,3,jump_within,History_9,391,1.582802,20.105974,0.448072,0.917232,0.167084,0.988516,0.662609,nd dynasty. See also: [[Physic,0,0.000000
330,2,1,backward,History_9,256,1.329381,20.160705,0.447814,0.917702,0.158281,0.988476,0.562227, History_9 is an article about,0,0.000000
331,2,5,random_article,Biology_5,256,1.272441,20.149151,0.452316,0.917465,0.163574,0.988437,0.560277, Biology_5 is an article about,0,0.000000
332,2,2,fast_forward,Geography_13,256,1.877472,20.021390,0.441719,0.917759,0.151196,0.988397,0.623244, Geography_13 is an article ab,0,0.000000
333,2,0,forward,Geography_13,512,1.625496,19.884426,0.465273,0.916992,0.191859,0.988358,0.438149,"s concepts such as war, revolu",0,0.000000
334,2,0,forward,Geography_13,538,1.826031,19.969927,0.488837,0.917559,0.204485,0.988318,0.445671,"ar, revolution, and empire",0,0.000000
335,2,1,backward,Geography_13,282,1.440712,19.742003,0.444256,0.917655,0.159209,0.988278,0.513794,e about geography. It discusse,0,0.000000
336,2,5,random_article,Physics_6,256,1.302251,19.284028,0.451750,0.917522,0.159132,0.988239,0.361670, Physics_6 is an article about,0,0.000000
337,2,1,backward,Physics_6,256,1.250712,19.305656,0.451688,0.917538,0.159132,0.988199,0.439646, Physics_6 is an article about,0,0.000000
338,2,5,random_article,Biology_10,256,1.299622,19.459520,0.447807,0.917364,0.150677,0.988160,0.493296, Biology_10 is an article abou,0,0.000000
339,2,4,follow_link,Biology_24,256,1.647079,19.643168,0.452950,0.917668,0.155619,0.988120,0.465773, Biology_24 is an article abou,0,0.000000
340,2,-1,consolidation,Biology_24,256,0.000000,19.644729,0.000000,0.000000,0.000000,0.988120,0.000000,,1,0.000920
341,2,-1,consolidation,Biology_24,256,0.000000,19.645091,0.000000,0.000000,0.000000,0.988120,0.000000,,1,0.000373
342,2,-1,consolidation,Biology_24,256,0.000000,19.645065,0.000000,0.000000,0.000000,0.988120,0.000000,,1,-0.000007
343,2,-1,consolidation,Biology_24,256,0.000000,19.646260,0.000000,0.000000,0.000000,0.988120,0.000000,,1,0.001154
344,2,-1,consolidation,Biology_24,256,0.000000,19.646460,0.000000,0.000000,0.000000,0.988120,0.000000,,1,0.000214
345,2,-1,consolidation,Biology_24,256,0.000000,19.647742,0.000000,0.000000,0.000000,0.988120,0.000000,,1,0.001256
346,2,-1,consolidation,Biology_24,256,0.000000,19.647964,0.000000,0.000000,0.000000,0.988120,0.000000,,1,0.000236
347,2,-1,consolidation,Biology_24,256,0.000000,19.648687,0.000000,0.000000,0.000000,0.988120,0.000000,,1,0.000713
348,2,-1,consolidation,Biology_24,256,0.000000,19.648983,0.000000,0.000000,0.000000,0.988120,0.000000,,1,0.000304
349,2,-1,consolidation,Biology_24,256,0.000000,19.650671,0.000000,0.000000,0.000000,0.988120,0.000000,,1,0.001647
350,2,-1,consolidation,Biology_24,256,0.000000,19.650411,0.000000,0.000000,0.000000,0.988120,0.000000,,1,-0.000235
351,2,-1,consolidation,Biology_24,256,0.000000,19.651175,0.000000,0.000000,0.000000,0.988120,0.000000,,1,0.000767
352,2,-1,consolidation,Biology_24,256,0.000000,19.651619,0.000000,0.000000,0.000000,0.988120,0.000000,,1,0.000441
353,2,-1,consolidation,Biology_24,256,0.000000,19.652494,0.000000,0.000000,0.000000,0.988120,0.000000,,1,0.000872
354,2,-1,consolidation,Biology_24,256,0.000000,19.652577,0.000000,0.000000,0.000000,0.988120,0.000000,,1,0.000091
355,2,-1,consolidation,Biology_24,256,0.000000,19.653011,0.000000,0.000000,0.000000,0.988120,0.000000,,1,0.000422
356,2,-1,consolidation,Biology_24,256,0.000000,19.653164,0.000000,0.000000,0.000000,0.988120,0.000000,,1,0.000159
357,2,-1,consolidation,Biology_24,256,0.000000,19.653654,0.000000,0.000000,0.000000,0.988120,0.000000,,1,0.000484
358,2,-1,consolidation,Biology_24,256,0.000000,19.654393,0.000000,0.000000,0.000000,0.988120,0.000000,,1,0.000738
359,2,-1,consolidation,Biology_24,256,0.000000,19.655144,0.000000,0.000000,0.000000,0.988120,0.000000,,1,0.000747
