step,action,action_vec_norm,obs_norm,free_energy,confidence,cycle_count,frame_mean,elapsed_ms
0,2,1.248425,0.516117,9.895697,0.896090,1,2.919800,14.814
1,2,1.501282,0.583705,26.910225,0.916552,2,2.875000,13.402
2,1,1.543809,0.475967,26.233707,0.916769,3,2.890564,13.179
3,1,1.426821,0.606013,23.603673,0.916834,4,2.902344,13.189
4,1,1.675511,0.654486,22.760433,0.917767,5,2.947144,13.151
5,3,1.296913,0.630979,19.880077,0.916825,6,2.921692,13.300
6,0,1.817144,0.581047,18.122563,0.916778,7,2.890564,13.220
7,3,1.668708,0.432962,17.554217,0.916802,8,2.890564,13.212
8,0,1.577334,0.610846,17.680281,0.916277,9,2.904236,13.223
9,0,1.608887,0.599189,17.876158,0.916202,10,2.890564,13.239
10,3,2.047352,0.640418,17.927786,0.916840,11,2.919800,13.465
11,3,1.899073,0.613203,18.009934,0.916377,12,2.892456,13.404
12,2,1.722673,0.601858,18.019090,0.916085,13,2.875000,13.717
13,3,1.457417,0.538232,17.449117,0.916861,14,2.902344,13.801
14,2,1.785090,0.648553,17.102591,0.915891,15,2.906128,49.809
15,0,1.403216,0.619744,16.669020,0.915456,16,2.875000,13.282
16,0,1.866929,0.466531,16.317702,0.916691,17,2.861328,13.576
17,2,1.362306,0.654603,16.570810,0.916645,18,2.904236,13.266
18,2,1.833498,0.531755,16.497422,0.917190,19,2.888672,13.368
19,3,1.148664,0.596187,16.134591,0.917117,20,2.847656,45.787
20,2,1.083298,0.367589,15.632461,0.917923,21,2.845764,13.644
21,3,1.727662,0.472091,15.504707,0.916158,22,2.904236,13.437
22,3,1.826889,0.468589,15.552955,0.919039,23,2.812744,13.349
23,3,2.006797,0.524465,15.588736,0.917862,24,2.904236,13.345
24,2,1.569087,0.430368,15.692437,0.917402,25,2.876892,13.935
25,2,1.609150,0.483791,15.380072,0.917492,26,2.863220,13.323
26,3,1.774382,0.500240,15.466713,0.916834,27,2.892456,13.390
27,3,1.832943,0.563106,15.342261,0.917178,28,2.853760,13.335
28,2,1.592739,0.649725,15.396416,0.917607,29,2.875000,45.923
29,3,2.037902,0.499966,15.273914,0.915824,30,2.847656,13.302
30,3,1.655024,0.539238,15.362101,0.917182,31,2.876892,13.531
31,2,1.550055,0.465394,15.329396,0.916826,32,2.933472,13.395
32,3,1.943349,0.469721,15.101183,0.916505,33,2.904236,13.311
33,3,1.299289,0.570766,15.014546,0.917415,34,2.933472,45.815
34,2,1.860330,0.655899,14.949105,0.917714,35,2.890564,13.387
35,3,1.758566,0.539976,14.858322,0.917908,36,2.890564,13.316
36,3,1.898692,0.496690,14.819626,0.917663,37,2.933472,13.528
37,2,1.646814,0.530527,14.882825,0.917414,38,2.921692,13.775
38,2,1.246091,0.574513,15.006214,0.917366,39,2.917908,45.849
39,2,1.805623,0.627099,15.165199,0.916753,40,2.876892,13.373
40,3,1.790071,0.732072,15.097833,0.917172,41,2.919800,13.749
41,3,1.448488,0.715854,15.063234,0.916433,42,2.904236,13.505
42,0,1.795540,0.755560,15.140443,0.916839,43,2.878784,13.348
43,2,1.318810,0.626358,15.306243,0.916560,44,2.890564,46.025
44,0,2.056321,0.506194,15.337109,0.917367,45,2.888672,13.378
45,0,1.602863,0.532145,15.619123,0.917365,46,2.890564,13.422
46,3,1.191138,0.495597,15.754761,0.917291,47,2.906128,13.366
47,2,1.523602,0.537308,16.289298,0.916851,48,2.892456,13.517
48,0,1.750275,0.507612,16.476847,0.917107,49,2.876892,41.908
49,1,1.971873,0.678894,16.330217,0.916821,50,2.826416,13.349
50,1,1.676399,0.669780,16.115143,0.917156,51,2.892456,13.633
51,1,2.568733,0.621136,16.214891,0.917359,52,2.900452,13.774
52,2,1.380586,0.625894,16.342536,0.916487,53,2.906128,13.407
53,0,1.096791,0.515367,16.505012,0.916742,54,2.904236,41.910
54,1,1.544242,0.355516,16.404589,0.916594,55,2.843872,13.543
55,3,1.221961,0.387106,16.566691,0.916229,56,2.904236,13.716
56,3,1.667397,0.489738,16.684149,0.916945,57,2.931580,13.547
57,1,1.469668,0.472445,17.251355,0.917147,58,2.906128,13.640
58,3,1.387329,0.591107,17.079931,0.916480,59,2.921692,13.681
59,2,1.146172,0.560044,17.395535,0.917850,60,2.785400,13.617
60,0,1.549454,0.546826,17.582286,0.917896,61,2.847656,13.800
61,0,1.821272,0.623669,17.756987,0.917427,62,2.904236,13.614
62,1,1.708267,0.563911,17.760776,0.918028,63,2.917908,13.925
63,1,2.125570,0.635598,17.932462,0.918062,64,2.876892,46.472
64,1,1.738759,0.675318,18.401979,0.917447,65,2.888672,13.588
65,2,1.336668,0.702274,18.293743,0.917280,66,2.863220,13.668
66,3,1.329994,0.630892,18.214643,0.916500,67,2.886780,13.688
67,1,1.657681,0.602192,18.313904,0.917849,68,2.875000,13.493
68,0,1.330009,0.568556,18.494163,0.917240,69,2.892456,42.245
69,3,1.496388,0.489317,18.962680,0.917450,70,2.857544,13.606
70,0,1.812324,0.467074,19.113712,0.917353,71,2.904236,13.785
71,2,1.450549,0.495712,18.957165,0.916836,72,2.917908,13.420
72,2,1.339476,0.501236,19.126776,0.916346,73,2.890564,13.584
73,2,1.693327,0.672400,19.090774,0.917156,74,2.904236,49.908
74,0,1.665721,0.588433,18.953252,0.917126,75,2.843872,13.475
75,3,1.640777,0.482829,18.777953,0.917000,76,2.904236,13.335
76,2,1.739706,0.505939,18.826301,0.917418,77,2.933472,13.417
77,0,1.452257,0.506588,18.602393,0.917232,78,2.904236,13.402
78,2,1.608717,0.556605,18.832364,0.917746,79,2.906128,45.968
79,2,1.712962,0.710601,18.578289,0.917062,80,2.826416,13.370
80,0,1.465741,0.641077,18.430794,0.917327,81,2.947144,13.525
81,3,1.451806,0.623943,18.378365,0.917463,82,2.919800,13.468
82,2,1.447046,0.611160,18.700754,0.916900,83,2.890564,14.218
83,3,1.203284,0.572430,18.678227,0.917892,84,2.919800,45.970
84,0,1.364529,0.514957,18.931149,0.917321,85,2.902344,13.500
85,0,1.511550,0.490583,18.800867,0.917188,86,2.890564,13.364
86,1,1.519178,0.414210,18.703954,0.917084,87,2.919800,13.412
87,2,1.679916,0.452535,18.657244,0.917960,88,2.919800,14.120
88,2,1.634674,0.520511,18.465623,0.917479,89,2.890564,13.431
89,1,1.693677,0.525422,18.383469,0.917801,90,2.904236,13.331
90,3,1.622244,0.469294,18.307575,0.917766,91,2.904236,13.641
91,3,1.622805,0.455384,18.481218,0.917913,92,2.919800,13.518
92,0,1.308270,0.515792,18.291226,0.917718,93,2.878784,13.505
93,3,1.970812,0.623194,18.212782,0.918355,94,2.917908,13.444
94,3,1.804660,0.645067,18.162676,0.918029,95,2.919800,13.468
95,3,1.648184,0.569127,17.983981,0.917154,96,2.892456,13.434
96,3,1.709048,0.489309,17.881414,0.917262,97,2.890564,13.355
97,3,1.591421,0.573248,18.253405,0.916885,98,2.892456,13.593
98,1,1.945589,0.578317,18.377866,0.917536,99,2.917908,13.499
99,3,1.836445,0.498348,18.305346,0.917085,100,2.888672,13.627
100,0,1.413457,0.479214,19.770984,0.916353,101,2.847656,14.161
101,2,1.261692,0.556645,19.667038,0.917525,102,2.800964,14.018
102,0,1.748675,0.484753,19.656451,0.916412,103,2.919800,13.921
103,1,1.768179,0.478694,19.674729,0.916893,104,2.890564,14.264
104,0,1.646479,0.552086,19.834626,0.916988,105,2.931580,13.895
105,1,1.432419,0.592443,19.893117,0.916081,106,2.888672,13.867
106,0,1.799532,0.610852,19.789947,0.916187,107,2.826416,42.361
107,2,0.965305,0.617966,19.612750,0.916210,108,2.904236,13.819
108,0,1.272576,0.616352,19.849221,0.916495,109,2.876892,13.800
109,0,1.461428,0.604687,19.752976,0.915870,110,2.916016,13.570
110,1,1.469915,0.515917,19.824613,0.916330,111,2.890564,13.795
111,1,1.199636,0.513732,20.158610,0.917091,112,2.826416,46.036
112,1,1.918083,0.498489,20.052059,0.915928,113,2.904236,13.618
113,0,1.592572,0.494876,20.246638,0.916759,114,2.892456,13.569
114,0,1.608989,0.614632,20.253729,0.916430,115,2.875000,13.667
115,2,1.553117,0.741655,20.118375,0.916085,116,2.875000,13.657
116,2,1.261245,0.642818,20.029856,0.916637,117,2.875000,50.051
117,3,1.441543,0.594232,19.765838,0.917360,118,2.919800,13.593
118,3,1.131199,0.506808,19.669287,0.916291,119,2.894348,13.634
119,3,1.624230,0.447276,19.685849,0.917381,120,2.904236,13.515
120,1,1.899547,0.460439,19.491921,0.917502,121,2.904236,46.420
121,0,1.647045,0.448423,19.438052,0.917822,122,2.890564,13.597
122,2,1.519782,0.588431,19.502298,0.917590,123,2.947144,13.647
123,3,1.400630,0.550006,19.396573,0.917744,124,2.906128,13.669
124,1,1.589241,0.518066,19.583766,0.917916,125,2.931580,13.476
125,0,1.488490,0.535042,19.563308,0.918352,126,2.859436,49.817
126,1,1.451699,0.581308,19.592677,0.917021,127,2.890564,13.180
127,0,1.501303,0.576786,19.311277,0.917391,128,2.933472,13.185
128,3,1.667315,0.536271,19.275700,0.917297,129,2.890564,13.242
129,2,1.402456,0.499001,19.531914,0.917624,130,2.933472,13.171
130,2,1.684967,0.517753,19.611401,0.917160,131,2.861328,13.377
131,1,1.524033,0.688360,19.530920,0.918104,132,2.832092,13.135
132,0,1.769396,0.656854,19.876026,0.917655,133,2.888672,13.245
133,1,1.418823,0.468884,19.719469,0.917678,134,2.900452,13.243
134,2,1.377944,0.525930,19.793646,0.918251,135,2.863220,48.858
135,3,1.033959,0.642810,19.799780,0.916604,136,2.904236,13.303
136,3,1.342049,0.597914,19.592720,0.916950,137,2.890564,13.204
137,2,1.560898,0.487389,19.520919,0.917051,138,2.947144,13.849
138,0,1.311784,0.429007,19.370392,0.916881,139,2.826416,13.270
139,0,1.139043,0.491623,19.519813,0.917099,140,2.812744,13.223
140,2,1.543967,0.556111,19.537263,0.917284,141,2.875000,13.355
141,0,1.433615,0.485080,19.595089,0.917277,142,2.888672,13.317
142,2,1.478878,0.468665,19.305664,0.917213,143,2.806641,13.304
143,1,1.548830,0.559247,19.225430,0.917134,144,2.906128,13.278
144,1,1.790500,0.589417,19.584958,0.916909,145,2.904236,45.815
145,2,1.631579,0.504440,19.436712,0.917099,146,2.906128,13.409
146,0,1.425815,0.756480,19.362809,0.914762,147,2.888672,13.311
147,0,1.259767,0.578893,19.475316,0.916541,148,2.917908,17.258
148,0,1.618541,0.612178,19.675115,0.917912,149,2.919800,13.246
149,1,1.530673,0.398761,19.924627,0.917580,150,2.935364,41.726
150,2,1.174746,0.561920,20.254300,0.917350,151,2.876892,13.575
151,3,1.436694,0.585364,19.959316,0.917052,152,2.869324,13.347
152,3,1.639706,0.615322,19.964523,0.917449,153,2.906128,13.241
153,0,1.477486,0.507291,19.826308,0.916949,154,2.892456,13.544
154,0,1.476694,0.642890,19.853527,0.916755,155,2.904236,41.793
155,1,1.477675,0.532513,19.951199,0.917330,156,2.947144,13.442
156,0,1.203825,0.467077,19.534755,0.917655,157,2.857544,13.427
157,0,1.880360,0.450558,19.400660,0.917194,158,2.888672,13.174
158,0,1.318997,0.525138,19.528466,0.917218,159,2.875000,13.174
159,3,1.758047,0.393239,19.827854,0.917276,160,2.890564,49.740
160,3,1.359971,0.519279,19.941452,0.917334,161,2.902344,18.902
161,2,1.584678,0.598701,19.719794,0.916716,162,2.875000,13.240
162,2,1.337663,0.565821,19.626519,0.915790,163,2.904236,13.241
163,1,1.402255,0.525122,19.354714,0.916534,164,2.861328,13.202
164,0,1.623374,0.696854,19.270551,0.915923,165,2.841980,13.230
165,0,1.291133,0.775705,19.106824,0.916144,166,2.890564,13.229
166,3,1.903767,0.675784,18.904154,0.916230,167,2.894348,13.424
167,1,1.597829,0.654599,18.796991,0.917733,168,2.919800,13.332
168,3,0.811178,0.732552,18.743118,0.916843,169,2.904236,13.529
169,0,1.862685,0.647368,18.888711,0.917006,170,2.873108,13.365
170,1,1.358929,0.550286,18.927017,0.918019,171,2.873108,13.443
171,2,1.429427,0.474071,18.733246,0.917931,172,2.861328,13.769
172,3,1.662802,0.485674,18.713622,0.916123,173,2.876892,13.415
173,3,1.465763,0.739224,18.719776,0.916566,174,2.873108,42.265
174,3,1.043566,0.631865,18.824988,0.916824,175,2.890564,17.705
175,0,1.703042,0.671876,18.884222,0.916375,176,2.916016,13.485
176,1,1.537124,0.621633,18.651913,0.917243,177,2.906128,13.574
177,0,1.748492,0.544068,18.693792,0.916642,178,2.863220,13.658
178,0,1.729735,0.678714,18.900193,0.916760,179,2.843872,46.031
179,3,1.464978,0.612249,18.985258,0.918028,180,2.890564,13.443
180,2,1.540929,0.572329,19.073387,0.917495,181,2.931580,13.603
181,1,1.879002,0.575257,18.898148,0.917505,182,2.906128,13.459
182,2,1.340916,0.610787,18.734744,0.916843,183,2.906128,13.380
183,1,1.394681,0.674104,19.105931,0.916758,184,2.830200,50.134
184,1,1.567361,0.569469,19.124654,0.918005,185,2.876892,13.573
185,2,1.178797,0.623749,19.238502,0.917563,186,2.904236,13.444
186,1,1.386302,0.603772,19.043318,0.917121,187,2.935364,13.548
187,1,1.528907,0.540482,19.016816,0.916942,188,2.890564,13.633
188,3,1.498851,0.559937,19.244665,0.916416,189,2.859436,51.273
189,0,1.264387,0.425922,19.198883,0.917974,190,2.908020,13.696
190,3,1.436778,0.619332,19.049465,0.917080,191,2.906128,13.367
191,2,1.529502,0.559607,19.100958,0.917417,192,2.919800,13.766
192,2,1.643251,0.495410,19.035285,0.917626,193,2.847656,45.652
193,0,1.368579,0.548651,19.010719,0.917227,194,2.812744,13.689
194,0,1.458290,0.450630,19.092131,0.917799,195,2.878784,13.183
195,1,1.343986,0.541493,19.166205,0.917159,196,2.902344,13.230
196,3,1.434293,0.529456,19.076794,0.916576,197,2.890564,13.187
197,0,1.617566,0.621334,19.228737,0.916448,198,2.875000,45.861
198,1,1.596011,0.661802,19.391123,0.917072,199,2.888672,13.282
199,1,1.209100,0.577819,19.265348,0.916765,200,2.890564,13.247
200,0,1.265685,0.529449,20.188289,0.917963,201,2.917908,14.038
201,2,1.594499,0.620717,20.174211,0.916807,202,2.847656,13.259
202,1,1.763543,0.484444,20.251307,0.917171,203,2.876892,13.225
203,0,1.593055,0.454899,20.011452,0.916580,204,2.828308,13.170
204,0,1.554198,0.569960,19.760130,0.917005,205,2.931580,13.230
205,1,1.393206,0.628946,19.939317,0.917144,206,2.933472,13.145
206,2,1.433387,0.524870,19.738832,0.916415,207,2.906128,13.247
207,3,1.251564,0.532253,19.554303,0.917259,208,2.812744,13.274
208,3,1.404200,0.602795,19.592578,0.916548,209,2.890564,13.205
209,1,1.360961,0.616728,19.587948,0.918156,210,2.853760,13.198
210,1,1.547509,0.585691,19.680904,0.916796,211,2.890564,13.367
211,0,1.511811,0.551408,19.721626,0.917558,212,2.875000,45.702
212,1,1.836144,0.555145,19.899534,0.917574,213,2.921692,13.215
213,0,1.240525,0.685300,19.825933,0.917896,214,2.904236,13.252
214,2,1.516897,0.639182,19.737013,0.917075,215,2.826416,13.391
215,2,1.830593,0.622869,20.015390,0.917829,216,2.906128,13.250
216,3,1.923561,0.592943,20.158469,0.917287,217,2.890564,45.698
217,2,1.254942,0.558631,20.228074,0.917299,218,2.919800,13.155
218,1,1.446197,0.624955,20.199185,0.917376,219,2.933472,13.833
219,3,1.565250,0.594105,20.092362,0.917343,220,2.812744,13.201
220,1,1.283478,0.473403,19.874343,0.916304,221,2.888672,13.387
221,0,1.298657,0.512363,19.526306,0.916526,222,2.863220,49.809
222,3,1.759056,0.488817,19.513137,0.915898,223,2.931580,13.593
223,2,1.377320,0.615770,19.360216,0.916457,224,2.919800,13.220
224,2,1.562054,0.623798,19.124241,0.916932,225,2.863220,13.202
225,1,1.345890,0.631196,18.947456,0.916674,226,2.892456,13.149
226,1,1.379415,0.724340,18.770321,0.918341,227,2.888672,45.948
227,1,1.552721,0.627077,18.922125,0.917150,228,2.890564,13.443
228,3,1.533161,0.632066,18.957430,0.916976,229,2.935364,13.443
229,2,1.561745,0.630138,18.934872,0.917090,230,2.908020,13.470
230,2,1.810411,0.602322,19.039347,0.917834,231,2.863220,50.201
231,1,1.642289,0.647179,19.081344,0.917400,232,2.916016,13.518
232,1,1.470756,0.585183,18.969537,0.917391,233,2.873108,13.576
233,1,1.716097,0.587395,18.938609,0.916979,234,2.931580,13.505
234,0,1.352693,0.509801,18.927385,0.917180,235,2.888672,13.655
235,1,1.791937,0.607236,19.053538,0.917812,236,2.906128,50.113
236,0,1.501037,0.548098,19.298941,0.917016,237,2.917908,13.537
237,2,1.551909,0.719534,19.313406,0.917382,238,2.863220,13.512
238,2,1.409802,0.591998,19.297200,0.917705,239,2.888672,13.547
239,3,1.297334,0.645145,19.304529,0.916943,240,2.799072,14.043
240,3,1.208361,0.517772,19.332270,0.918113,241,2.935364,46.217
241,3,1.890845,0.564362,19.472273,0.917372,242,2.906128,13.550
242,3,1.262123,0.548629,19.619805,0.916263,243,2.890564,13.614
243,3,1.875648,0.500202,19.697237,0.918126,244,2.904236,13.270
244,1,1.466690,0.466261,19.491510,0.917334,245,2.812744,13.367
245,3,1.462826,0.587861,19.343533,0.917338,246,2.904236,13.225
246,2,1.791980,0.508188,19.336452,0.917071,247,2.949036,13.189
247,0,1.541682,0.510142,19.512343,0.916398,248,2.863220,13.199
248,0,1.249783,0.497230,19.532754,0.917229,249,2.859436,13.248
249,1,1.633425,0.559067,19.340490,0.917224,250,2.921692,13.683
250,3,1.323181,0.417105,19.196788,0.917057,251,2.890564,13.347
251,0,1.734207,0.575723,19.200134,0.916829,252,2.814636,13.206
252,3,1.542415,0.512108,19.266786,0.916756,253,2.876892,13.172
253,2,1.424720,0.472149,19.262576,0.916851,254,2.904236,13.260
254,2,1.397527,0.547626,19.205789,0.916486,255,2.904236,49.671
255,0,1.477716,0.492639,19.101644,0.916792,256,2.861328,13.226
256,1,2.022505,0.574490,19.304288,0.916569,257,2.917908,13.717
257,1,1.718800,0.678462,19.402357,0.915790,258,2.871216,13.280
258,1,1.655264,0.541514,19.463869,0.914785,259,2.857544,13.214
259,2,1.697536,0.529885,19.719555,0.916761,260,2.917908,46.044
260,2,1.701468,0.726815,19.618709,0.916613,261,2.919800,13.382
261,2,1.532439,0.611133,19.578473,0.916167,262,2.890564,13.443
262,2,1.076531,0.493385,19.373855,0.917366,263,2.888672,13.252
263,0,1.786586,0.612936,19.520095,0.916410,264,2.902344,13.292
264,2,1.434808,0.549946,19.557263,0.917271,265,2.841980,13.546
265,2,1.381224,0.460722,19.425303,0.917508,266,2.888672,13.632
266,0,1.316963,0.623191,19.326640,0.917224,267,2.919800,13.589
267,2,1.486804,0.588907,19.308266,0.917919,268,2.931580,13.431
268,2,1.677941,0.628838,19.465737,0.917371,269,2.861328,46.186
269,2,1.588226,0.599635,19.221329,0.917198,270,2.890564,13.475
270,2,1.957795,0.589219,19.312649,0.917421,271,2.931580,13.332
271,2,1.222528,0.595988,19.562209,0.918241,272,2.888672,13.272
272,1,1.111530,0.704339,19.431700,0.916465,273,2.892456,13.765
273,3,1.563651,0.690090,19.385116,0.916871,274,2.921692,45.672
274,2,1.539035,0.547567,19.209176,0.916575,275,2.904236,13.771
275,1,1.659620,0.472118,19.188424,0.917315,276,2.947144,13.161
276,2,1.502153,0.566713,19.380133,0.918404,277,2.843872,13.215
277,0,1.344113,0.487067,19.343668,0.917484,278,2.888672,13.129
278,3,1.644755,0.534577,19.274984,0.916990,279,2.875000,45.720
279,0,1.471901,0.597615,19.054680,0.917357,280,2.890564,13.238
280,3,1.777638,0.435638,18.748401,0.917064,281,2.947144,13.934
281,0,1.382408,0.535693,19.110464,0.916862,282,2.906128,13.283
282,2,1.839757,0.527386,19.033261,0.916750,283,2.859436,13.309
283,1,1.520158,0.592674,19.063627,0.916622,284,2.892456,41.801
284,1,1.670316,0.636334,19.108559,0.916829,285,2.902344,13.234
285,2,1.746197,0.606143,19.199377,0.916810,286,2.931580,13.288
286,1,1.486768,0.645111,19.143408,0.916531,287,2.906128,13.123
287,1,1.153080,0.543949,19.132232,0.916046,288,2.890564,13.214
288,0,1.827218,0.526021,18.963269,0.916219,289,2.873108,13.289
289,0,1.379988,0.483107,19.167630,0.917472,290,2.861328,13.290
290,1,1.614191,0.485493,19.259236,0.917268,291,2.931580,13.871
291,3,1.416097,0.581704,19.054624,0.917302,292,2.906128,14.001
292,1,1.717529,0.582483,19.137919,0.916785,293,2.888672,13.619
293,0,1.584024,0.618097,19.331092,0.916897,294,2.917908,46.144
294,1,1.532834,0.505109,19.320212,0.917369,295,2.904236,13.595
295,1,1.574100,0.564586,19.237955,0.917684,296,2.884888,13.553
296,1,1.294485,0.538486,19.117846,0.917610,297,2.892456,13.672
297,3,1.331599,0.641524,19.146352,0.917134,298,2.890564,13.556
298,0,1.654041,0.752262,19.460167,0.916581,299,2.863220,46.458
299,3,1.799282,0.727166,19.719593,0.916681,300,2.890564,13.663
300,0,1.735588,0.616604,19.022431,0.917402,301,2.919800,13.608
301,3,1.779039,0.534632,18.941744,0.916887,302,2.906128,13.531
302,3,1.499353,0.660492,18.964159,0.917855,303,2.876892,13.401
303,2,1.424380,0.533892,19.174171,0.917173,304,2.855652,13.342
304,3,1.516155,0.517949,19.397931,0.917072,305,2.919800,13.351
305,0,1.956952,0.577749,19.395049,0.917126,306,2.904236,13.299
306,1,1.362934,0.608616,19.482737,0.917056,307,2.890564,45.869
307,1,1.167472,0.565936,19.456386,0.916755,308,2.890564,13.352
308,3,1.557949,0.537235,19.408054,0.916307,309,2.892456,13.480
309,1,1.089275,0.563871,19.522016,0.916009,310,2.890564,13.313
310,3,1.382738,0.607115,19.464085,0.916301,311,2.904236,13.795
311,1,1.622788,0.645217,19.622754,0.917087,312,2.843872,46.769
312,0,1.778486,0.585800,19.560120,0.916024,313,2.919800,13.352
313,1,1.414960,0.558747,19.638015,0.917002,314,2.917908,13.687
314,2,1.492392,0.566892,19.587056,0.916000,315,2.904236,13.362
315,0,1.607684,0.549935,19.620342,0.916085,316,2.863220,13.288
316,1,1.762426,0.558980,19.830660,0.916915,317,2.919800,45.869
317,2,1.590760,0.716075,19.688371,0.917238,318,2.890564,13.299
318,1,1.913108,0.504827,19.680166,0.917559,319,2.878784,13.264
319,0,1.649487,0.601696,19.561221,0.917580,320,2.855652,13.324
320,0,1.491188,0.525180,19.374363,0.917393,321,2.904236,13.492
321,3,1.493509,0.506161,19.418575,0.916580,322,2.875000,13.511
322,1,2.199064,0.525365,19.481854,0.916695,323,2.933472,13.311
323,2,1.453526,0.584834,19.559229,0.916420,324,2.904236,13.388
324,3,1.318660,0.477694,19.605594,0.917890,325,2.919800,13.343
325,1,1.726389,0.579521,19.639149,0.917940,326,2.863220,45.774
326,0,1.676385,0.498412,19.360553,0.916683,327,2.904236,13.422
327,1,2.037204,0.632725,19.200329,0.917245,328,2.812744,13.256
328,2,1.663508,0.629196,19.237145,0.917906,329,2.890564,13.358
329,1,1.072582,0.596022,19.351456,0.918369,330,2.876892,13.367
330,3,1.692899,0.496014,19.642648,0.915726,331,2.863220,45.990
331,2,1.640451,0.664941,19.774457,0.917112,332,2.931580,13.399
332,2,1.352747,0.502066,19.873366,0.917081,333,2.904236,13.494
333,0,1.650627,0.590220,19.828628,0.916904,334,2.875000,13.525
334,2,1.669658,0.589468,19.872102,0.916702,335,2.904236,13.617
335,3,1.539240,0.522194,19.738741,0.916711,336,2.841980,46.095
336,3,1.588162,0.566735,19.463996,0.916880,337,2.861328,13.579
337,3,1.524787,0.642228,19.355623,0.917587,338,2.931580,13.620
338,1,1.817614,0.620307,19.317617,0.917161,339,2.906128,13.649
339,1,1.420550,0.580119,19.218670,0.916851,340,2.859436,13.529
340,0,1.569814,0.490301,19.131233,0.917916,341,2.845764,50.258
341,1,1.496983,0.662820,19.289037,0.917098,342,2.855652,13.693
342,2,1.238900,0.641231,19.460684,0.917801,343,2.962708,13.589
343,1,1.593650,0.684722,19.471838,0.915847,344,2.906128,14.263
344,2,1.427066,0.627163,19.632476,0.916056,345,2.906128,54.492
345,1,1.563308,0.614446,19.684393,0.916586,346,2.875000,14.047
346,3,1.546719,0.543342,19.555788,0.917319,347,2.876892,13.839
347,2,1.493241,0.629140,19.482416,0.916020,348,2.962708,13.943
348,2,1.459367,0.667485,19.362434,0.915934,349,2.873108,56.897
349,1,1.622796,0.767954,19.426598,0.915433,350,2.890564,18.872
350,2,1.224822,0.605149,19.432023,0.917396,351,2.884888,14.178
351,1,1.634211,0.573083,19.566619,0.917564,352,2.904236,14.137
352,2,1.567279,0.584811,19.691046,0.915962,353,2.904236,46.127
353,1,1.398958,0.616793,19.638732,0.917441,354,2.812744,13.362
354,2,1.813929,0.575559,19.552884,0.917012,355,2.890564,13.297
355,2,1.454559,0.530380,19.659162,0.916905,356,2.863220,13.309
356,2,1.753652,0.612031,19.571583,0.916513,357,2.904236,13.378
357,3,1.574431,0.498816,19.404347,0.917538,358,2.904236,45.765
358,1,1.313595,0.451429,19.431211,0.916876,359,2.890564,13.395
359,1,1.693767,0.571053,19.416105,0.916537,360,2.890564,13.343
360,3,1.413903,0.502083,19.429625,0.917797,361,2.908020,13.588
361,2,1.066518,0.649027,19.132419,0.917686,362,2.876892,13.301
362,1,1.341259,0.485375,19.211610,0.917867,363,2.840088,49.805
363,2,1.336961,0.489817,19.239843,0.917282,364,2.888672,13.282
364,0,1.971802,0.618055,19.313589,0.917402,365,2.828308,13.257
365,0,1.820558,0.676729,19.275408,0.916430,366,2.904236,13.338
366,1,1.493196,0.492542,19.255082,0.917192,367,2.919800,13.254
367,3,1.387570,0.444287,19.334614,0.917047,368,2.876892,13.378
368,3,1.541351,0.525862,19.464125,0.917859,369,2.894348,13.257
369,2,1.401877,0.466473,19.602467,0.918144,370,2.917908,13.369
370,1,1.270882,0.456281,19.551177,0.914077,371,2.826416,13.969
371,3,1.876408,0.579723,19.652338,0.916429,372,2.892456,45.778
372,3,1.507069,0.624982,19.507692,0.917118,373,2.888672,13.328
373,0,1.636573,0.636292,19.400832,0.917805,374,2.904236,13.353
374,2,1.551562,0.545873,19.394494,0.917547,375,2.892456,13.840
375,2,1.198057,0.563986,19.409310,0.916183,376,2.878784,13.308
376,2,1.375967,0.490068,19.391118,0.918084,377,2.917908,45.776
377,3,1.176764,0.502713,19.328477,0.917634,378,2.890564,13.332
378,1,1.267522,0.479051,19.274542,0.916445,379,2.828308,13.713
379,3,1.448033,0.534730,19.271096,0.916528,380,2.933472,13.297
380,0,1.184932,0.499379,19.089733,0.917561,381,2.904236,13.491
381,0,1.396302,0.524424,19.128652,0.917644,382,2.875000,46.042
382,2,1.090342,0.628998,18.933855,0.916455,383,2.876892,13.603
383,2,1.192328,0.560646,18.984954,0.917073,384,2.902344,13.445
384,0,1.720816,0.503870,19.158509,0.916998,385,2.890564,13.740
385,0,1.731001,0.716360,19.043842,0.916742,386,2.904236,13.600
386,0,1.465772,0.509565,19.006618,0.917524,387,2.917908,13.658
387,3,1.574558,0.562516,18.937176,0.916979,388,2.863220,13.615
388,3,1.586129,0.677760,18.964796,0.916871,389,2.878784,13.682
389,2,1.412976,0.731998,19.084324,0.917216,390,2.873108,13.615
390,0,1.474857,0.599073,19.051338,0.916725,391,2.890564,46.209
391,2,1.461890,0.591587,19.224326,0.916607,392,2.888672,13.869
392,2,1.456176,0.614785,19.246271,0.917588,393,2.904236,13.902
393,2,1.335987,0.526312,19.449617,0.917594,394,2.902344,13.674
394,0,1.774062,0.384631,19.162079,0.917663,395,2.908020,13.576
395,2,1.643505,0.595114,19.357599,0.917090,396,2.861328,46.044
396,0,1.959894,0.534223,19.289762,0.917348,397,2.888672,13.581
397,0,1.500821,0.557787,19.544771,0.917171,398,2.890564,13.643
398,2,1.494197,0.725745,19.598420,0.916934,399,2.906128,13.575
399,3,1.990266,0.598762,19.409225,0.916505,400,2.933472,13.490
400,1,1.453243,0.575691,19.697012,0.916566,401,2.876892,13.538
401,3,1.778826,0.554584,19.874266,0.916477,402,2.812744,13.414
402,0,1.376206,0.636845,19.800919,0.917401,403,2.785400,13.365
403,1,1.391859,0.588679,19.817978,0.917297,404,2.906128,13.323
404,0,1.659029,0.546028,19.659146,0.916422,405,2.921692,13.424
405,2,1.671897,0.450250,19.613834,0.916702,406,2.890564,13.325
406,0,1.467299,0.632579,19.596227,0.917259,407,2.947144,13.352
407,1,1.419286,0.533860,19.592200,0.916991,408,2.863220,13.314
408,2,1.417854,0.457756,19.796417,0.917642,409,2.888672,13.373
409,3,1.338228,0.595060,19.723318,0.916949,410,2.878784,13.378
410,2,1.398498,0.621772,19.734943,0.917915,411,2.826416,13.610
411,3,1.448057,0.558275,19.481348,0.917914,412,2.890564,13.358
412,1,1.428829,0.601647,19.405998,0.916491,413,2.904236,13.339
413,1,1.533008,0.551544,19.757871,0.916077,414,2.843872,45.890
414,3,1.799508,0.474493,19.843594,0.917407,415,2.863220,13.429
415,3,1.456431,0.637807,19.671028,0.915819,416,2.785400,13.366
416,2,1.526910,0.584974,19.733984,0.916898,417,2.906128,13.528
417,1,1.282963,0.500781,19.654948,0.917372,418,2.892456,13.378
418,1,1.435286,0.467671,19.627560,0.917793,419,2.888672,50.214
419,3,1.309315,0.588402,19.613377,0.916835,420,2.902344,13.439
420,0,1.561610,0.499522,19.701400,0.917094,421,2.902344,13.527
421,2,1.432345,0.464979,19.715109,0.916817,422,2.919800,13.421
422,2,1.580711,0.637499,19.709855,0.917123,423,2.863220,13.338
423,0,1.386929,0.493340,20.085547,0.917641,424,2.890564,45.747
424,1,1.686917,0.557581,20.314872,0.916626,425,2.863220,13.564
425,2,1.594582,0.628310,20.495075,0.917183,426,2.878784,13.366
426,2,1.492292,0.694372,20.358360,0.917332,427,2.830200,13.429
427,2,1.398525,0.543550,20.610166,0.917427,428,2.890564,13.329
428,2,1.694069,0.659869,20.315022,0.915911,429,2.843872,13.338
429,1,1.404400,0.662782,20.282707,0.915594,430,2.919800,13.802
430,1,1.778161,0.698445,20.296275,0.916480,431,2.902344,13.768
431,1,1.706392,0.627567,20.281061,0.917044,432,2.890564,13.861
432,3,1.735178,0.719314,20.185995,0.916971,433,2.904236,50.149
433,0,1.671671,0.704066,19.970654,0.916831,434,2.935364,13.620
434,3,1.403227,0.429462,20.067132,0.917530,435,2.890564,13.635
435,0,1.449282,0.595254,19.799230,0.917418,436,2.890564,13.676
436,0,1.607963,0.592842,19.749335,0.916387,437,2.933472,13.598
437,3,1.614368,0.690588,19.891021,0.916393,438,2.843872,42.846
438,1,1.279839,0.720836,20.007756,0.916539,439,2.886780,13.588
439,2,1.549283,0.605750,20.040735,0.916222,440,2.873108,13.663
440,3,1.568960,0.668770,19.980684,0.916697,441,2.890564,13.805
441,1,1.806331,0.646311,19.962284,0.916441,442,2.931580,13.676
442,2,1.393977,0.655492,20.128032,0.916467,443,2.876892,13.646
443,0,1.620081,0.669306,20.388069,0.915945,444,2.863220,13.667
444,1,1.632366,0.610956,20.347566,0.916858,445,2.888672,13.809
445,1,1.407733,0.646692,20.350270,0.916831,446,2.931580,13.713
446,3,1.473620,0.508450,20.159954,0.917915,447,2.904236,13.399
447,1,1.555644,0.483181,20.187349,0.916733,448,2.890564,13.414
448,1,1.335808,0.599036,20.201865,0.917115,449,2.890564,13.344
449,3,1.600172,0.637423,20.089569,0.916483,450,2.875000,13.361
450,1,1.490108,0.579250,19.865735,0.917132,451,2.843872,13.587
451,1,1.387036,0.606990,19.704158,0.916301,452,2.894348,42.468
452,1,1.718979,0.541346,19.665666,0.916721,453,2.888672,13.292
453,3,1.375746,0.603025,19.671939,0.915914,454,2.845764,13.352
454,2,1.395752,0.551261,19.635624,0.917366,455,2.906128,13.489
455,2,1.212954,0.698130,19.337946,0.916896,456,2.857544,13.412
456,1,1.621775,0.548199,19.257143,0.917023,457,2.841980,45.865
457,1,1.685193,0.671141,19.321977,0.916284,458,2.921692,13.340
458,2,1.351749,0.642115,19.468904,0.916917,459,2.876892,13.321
459,3,1.552474,0.545352,19.224747,0.916870,460,2.799072,13.313
460,1,1.536779,0.632655,19.458278,0.917199,461,2.919800,13.549
461,3,1.240686,0.581937,19.347235,0.916573,462,2.812744,45.827
462,1,1.513758,0.563226,19.512238,0.916686,463,2.919800,13.374
463,2,1.597873,0.573131,19.519327,0.917276,464,2.892456,13.394
464,3,1.438245,0.726762,19.716354,0.916234,465,2.828308,13.405
465,2,1.138914,0.550155,19.794467,0.916598,466,2.921692,13.475
466,0,1.371630,0.561627,19.790878,0.917505,467,2.888672,46.086
467,2,1.197594,0.515308,19.923499,0.917231,468,2.871216,13.380
468,2,1.378512,0.554915,19.989627,0.917523,469,2.863220,13.266
469,0,1.505230,0.495413,20.038406,0.916970,470,2.875000,13.291
470,3,1.461969,0.557511,19.908683,0.917154,471,2.904236,13.520
471,2,1.589972,0.506624,19.768907,0.916374,472,2.904236,49.849
472,1,1.349524,0.564765,19.674388,0.916942,473,2.904236,13.371
473,3,1.605668,0.646065,19.635817,0.917031,474,2.873108,13.267
474,3,1.090834,0.552067,19.534903,0.917221,475,2.863220,13.323
475,3,1.574254,0.531231,19.414653,0.916471,476,2.890564,13.712
476,2,1.364735,0.665344,19.422224,0.916029,477,2.847656,13.443
477,2,1.604045,0.552387,19.550915,0.917148,478,2.906128,13.367
478,3,1.602832,0.579142,19.623751,0.916698,479,2.875000,13.366
479,3,1.640909,0.555470,19.648403,0.917257,480,2.890564,13.398
480,2,1.525272,0.544483,19.770757,0.917265,481,2.892456,13.872
481,3,1.617999,0.681665,19.835808,0.917183,482,2.875000,13.751
482,2,1.410762,0.640247,19.979992,0.916910,483,2.900452,13.679
483,1,1.533151,0.598348,20.033575,0.916955,484,2.933472,13.691
484,3,1.617254,0.651655,19.992681,0.917168,485,2.863220,13.647
485,1,1.213801,0.640990,19.956450,0.917662,486,2.908020,46.602
486,0,1.325492,0.588105,20.047598,0.916832,487,2.917908,13.706
487,3,1.519381,0.568232,20.327848,0.917821,488,2.890564,13.587
488,3,1.495462,0.622359,20.317279,0.917443,489,2.919800,13.519
489,3,1.367958,0.650924,20.531962,0.917557,490,2.904236,13.542
490,2,1.472855,0.603227,20.548401,0.916729,491,2.906128,46.318
491,3,1.496129,0.653553,20.587128,0.916891,492,2.904236,13.675
492,3,1.590169,0.790386,20.204560,0.915978,493,2.878784,13.526
493,2,1.330762,0.733896,20.035053,0.916279,494,2.931580,13.475
494,3,1.225927,0.571660,19.880383,0.915974,495,2.917908,13.618
495,3,1.559380,0.612859,19.695754,0.916581,496,2.906128,50.192
496,2,1.416308,0.508636,19.414673,0.917684,497,2.890564,14.132
497,1,1.462075,0.548518,19.400898,0.916633,498,2.919800,13.368
498,2,1.267765,0.556081,19.281023,0.917016,499,2.906128,13.850
499,1,1.444750,0.562403,19.305448,0.916101,500,2.919800,15.619
500,2,1.557087,0.642816,20.115947,0.916718,501,2.888672,13.641
501,2,1.381634,0.693919,19.977536,0.916570,502,2.875000,13.597
502,1,1.423369,0.615127,19.902608,0.915716,503,2.826416,13.481
503,2,1.486081,0.634784,19.940376,0.917363,504,2.906128,13.411
504,3,1.295237,0.567409,19.689539,0.915990,505,2.873108,13.452
505,2,2.039305,0.698277,19.486274,0.916921,506,2.917908,14.010
506,3,1.575432,0.674090,19.338267,0.916564,507,2.890564,41.982
507,2,1.402521,0.586201,19.596183,0.917608,508,2.843872,13.428
508,1,1.564786,0.601837,19.743909,0.917619,509,2.904236,14.044
509,0,1.543664,0.562995,19.698265,0.917113,510,2.875000,13.341
510,0,1.844426,0.545954,19.631715,0.916967,511,2.916016,13.673
511,0,1.503875,0.638411,19.658801,0.917015,512,2.917908,50.649
512,0,1.745878,0.639565,19.569707,0.916915,513,2.847656,16.738
513,3,1.342576,0.589626,19.554449,0.916883,514,2.888672,13.920
514,3,1.313578,0.572035,19.465206,0.916705,515,2.906128,68.271
515,2,1.285915,0.502800,19.719588,0.916285,516,2.917908,54.022
516,3,1.821510,0.755079,19.489946,0.916599,517,2.904236,28.414
517,2,1.424802,0.691035,19.541099,0.916412,518,2.890564,20.766
518,2,1.516636,0.562532,19.650510,0.916209,519,2.916016,46.122
519,1,1.518350,0.627270,19.448496,0.916526,520,2.876892,13.473
520,0,1.350894,0.589012,19.213509,0.915837,521,2.878784,13.663
521,0,1.554414,0.627357,19.221000,0.918275,522,2.919800,13.408
522,3,1.839681,0.728825,19.475619,0.915813,523,2.947144,13.757
523,2,1.623387,0.641146,19.430169,0.916631,524,2.888672,50.184
524,2,1.819859,0.663080,19.351939,0.916296,525,2.875000,13.694
525,1,1.582108,0.589634,19.202522,0.914541,526,2.921692,13.661
526,0,1.439320,0.633650,19.245541,0.916354,527,2.904236,13.664
527,0,1.469494,0.546372,19.107730,0.916115,528,2.906128,13.739
528,2,1.607057,0.579239,19.106659,0.916947,529,2.878784,50.460
529,1,1.762714,0.452613,18.828959,0.916078,530,2.890564,13.724
530,0,1.883451,0.615598,19.072471,0.917381,531,2.799072,13.829
531,0,1.641028,0.552020,19.201310,0.915712,532,2.906128,13.681
532,3,1.454122,0.620222,19.039145,0.914676,533,2.812744,50.222
533,1,1.427245,0.565686,19.195562,0.916999,534,2.919800,13.741
534,3,1.567759,0.688124,19.223907,0.916900,535,2.892456,13.646
535,0,1.610396,0.660789,19.281060,0.917062,536,2.845764,13.671
536,1,1.696573,0.596504,19.417596,0.917239,537,2.921692,13.825
537,3,1.240583,0.553508,19.410074,0.917159,538,2.888672,50.078
538,0,1.655561,0.553461,19.832837,0.916066,539,2.904236,13.835
539,3,1.759662,0.627361,19.824490,0.916117,540,2.890564,13.565
540,2,1.463447,0.490497,19.915071,0.917528,541,2.861328,13.533
541,3,1.147397,0.569937,19.700840,0.916705,542,2.888672,13.484
542,1,1.151960,0.580714,19.890034,0.916109,543,2.863220,13.450
543,2,1.449658,0.598479,19.875279,0.916405,544,2.890564,13.414
544,0,1.301521,0.578661,19.898402,0.918417,545,2.873108,13.495
545,3,1.182145,0.595390,19.835389,0.917083,546,2.906128,13.434
546,1,1.621378,0.515066,20.089962,0.917845,547,2.906128,13.613
547,0,1.439221,0.628784,19.950768,0.917734,548,2.888672,13.615
548,1,1.220405,0.616555,20.195596,0.915933,549,2.949036,13.572
549,3,1.652083,0.674327,19.893116,0.917392,550,2.845764,13.442
550,3,1.556199,0.554616,20.017177,0.917447,551,2.888672,13.572
551,3,1.463017,0.564185,20.099390,0.916668,552,2.933472,45.863
552,3,1.321368,0.667181,20.218100,0.915605,553,2.863220,13.445
553,2,1.590243,0.544456,20.345446,0.916592,554,2.904236,13.353
554,3,1.442985,0.536404,20.177586,0.917597,555,2.875000,13.367
555,1,1.758717,0.560151,19.963271,0.916838,556,2.890564,13.353
556,1,1.642635,0.551054,19.965414,0.917623,557,2.931580,49.851
557,0,1.151721,0.520862,20.110797,0.917539,558,2.919800,13.371
558,1,1.556317,0.554003,20.226798,0.916677,559,2.812744,13.385
559,3,1.407483,0.531799,20.242550,0.916914,560,2.843872,13.479
560,0,1.455059,0.615763,20.117200,0.917078,561,2.876892,13.700
561,1,1.432724,0.521303,20.462086,0.917005,562,2.890564,46.054
562,3,1.333649,0.630891,20.351561,0.917137,563,2.904236,13.452
563,1,1.020216,0.631918,20.141113,0.916191,564,2.863220,13.515
564,1,1.461972,0.718952,20.355212,0.916741,565,2.888672,13.966
565,2,1.531089,0.740221,20.075734,0.917692,566,2.890564,13.417
566,2,1.528972,0.583675,20.009337,0.917647,567,2.888672,45.834
567,3,1.467481,0.564880,20.050723,0.916853,568,2.906128,13.387
568,3,1.585671,0.508763,20.196350,0.916460,569,2.904236,13.735
569,1,1.679884,0.483417,20.161784,0.917242,570,2.916016,13.473
570,1,1.180090,0.543175,20.161115,0.916995,571,2.935364,13.617
571,2,1.337200,0.592462,20.059924,0.917191,572,2.919800,13.518
572,1,1.320472,0.574639,20.135054,0.916614,573,2.904236,13.444
573,1,1.463956,0.639754,20.145697,0.915814,574,2.826416,13.617
574,1,1.741891,0.564771,19.874843,0.917178,575,2.812744,13.806
575,1,1.516321,0.568287,19.555654,0.917088,576,2.890564,46.462
576,0,1.516877,0.671185,19.396739,0.917282,577,2.916016,13.697
577,2,1.736464,0.578305,19.511483,0.917260,578,2.876892,13.739
578,1,1.431231,0.547237,19.494382,0.917196,579,2.890564,13.670
579,3,1.428224,0.569195,19.779247,0.917472,580,2.845764,13.980
580,0,1.482484,0.512469,19.771764,0.916463,581,2.919800,50.246
581,1,1.179534,0.431928,20.022386,0.916717,582,2.933472,13.654
582,2,1.353162,0.670205,19.964175,0.918003,583,2.875000,13.635
583,3,1.717307,0.657080,19.838310,0.917468,584,2.904236,13.630
584,0,1.305650,0.560862,19.698064,0.916176,585,2.904236,50.252
585,0,1.517015,0.552349,19.411729,0.916981,586,2.890564,13.587
586,1,1.277880,0.543143,19.297993,0.917544,587,2.876892,13.636
587,0,1.696345,0.620130,19.409537,0.916073,588,2.890564,13.594
588,3,1.622639,0.516959,19.488459,0.917812,589,2.878784,13.657
589,1,1.515394,0.571741,19.554427,0.917422,590,2.935364,46.080
590,3,1.075985,0.503493,19.440926,0.916956,591,2.859436,13.856
591,2,1.648707,0.587062,19.451083,0.916392,592,2.875000,14.250
592,3,1.021064,0.596402,19.625081,0.917217,593,2.904236,14.140
593,1,1.808917,0.692643,19.580985,0.916731,594,2.919800,14.103
594,0,1.479013,0.479760,19.647355,0.917837,595,2.916016,47.944
595,1,1.756703,0.521351,19.793191,0.917145,596,2.840088,13.502
596,3,1.702613,0.587044,20.085505,0.917035,597,2.875000,13.320
597,0,1.604495,0.572445,20.059082,0.917184,598,2.890564,13.463
598,3,1.226977,0.589459,20.252572,0.915483,599,2.904236,13.495
599,3,1.874455,0.667353,20.139992,0.917116,600,2.890564,42.140
600,1,1.420562,0.512545,19.034827,0.916605,601,2.878784,13.604
601,0,1.395349,0.537347,18.929599,0.916547,602,2.890564,13.366
602,3,1.122254,0.665289,19.024713,0.917453,603,2.861328,13.307
603,2,1.607403,0.575641,18.924955,0.917580,604,2.826416,13.457
604,1,1.835154,0.537001,18.767836,0.916014,605,2.859436,13.443
605,3,1.300802,0.580163,18.643539,0.917116,606,2.904236,13.456
606,1,1.867214,0.632169,18.789419,0.917273,607,2.917908,13.353
607,2,1.502967,0.519455,18.762220,0.916945,608,2.888672,13.558
608,0,1.524057,0.493088,19.013642,0.917755,609,2.884888,41.907
609,2,1.099674,0.559763,19.038511,0.916315,610,2.841980,13.466
610,2,1.213159,0.540826,19.240797,0.917673,611,2.861328,13.650
611,0,1.568764,0.544449,19.190765,0.916321,612,2.917908,13.415
612,1,1.293510,0.630149,19.269425,0.916424,613,2.890564,13.468
613,3,1.634440,0.650432,19.317185,0.916111,614,2.863220,13.538
614,3,1.573164,0.580177,19.373664,0.916682,615,2.875000,13.395
615,2,1.529428,0.643730,19.520782,0.916599,616,2.906128,13.569
616,3,1.645729,0.546436,19.527988,0.917782,617,2.843872,13.760
617,2,1.747385,0.519134,19.523810,0.917672,618,2.861328,13.781
618,3,1.641270,0.623634,19.434868,0.917167,619,2.904236,13.705
619,3,1.391926,0.485617,19.527007,0.916870,620,2.931580,14.312
620,1,1.648575,0.655228,19.764853,0.915934,621,2.904236,13.851
621,3,1.619302,0.507462,19.503355,0.916977,622,2.890564,13.679
622,3,1.626508,0.518348,19.745208,0.917741,623,2.890564,50.151
623,0,1.682827,0.546271,19.990063,0.916978,624,2.921692,13.634
624,2,1.510931,0.766903,19.932197,0.916280,625,2.890564,13.623
625,0,1.549647,0.553905,20.010648,0.917769,626,2.890564,13.614
626,2,1.607606,0.471096,20.194601,0.917137,627,2.906128,13.618
627,2,1.693211,0.599910,20.099939,0.915744,628,2.904236,50.378
628,3,1.380989,0.568710,20.181208,0.916499,629,2.919800,13.693
629,3,1.673637,0.588853,20.344583,0.917343,630,2.876892,14.252
630,3,1.344042,0.498830,20.190940,0.916427,631,2.890564,13.998
631,1,1.693216,0.594417,20.166780,0.917021,632,2.894348,42.343
632,0,1.328205,0.559627,20.062673,0.916678,633,2.890564,13.476
633,3,1.469848,0.541182,20.055079,0.916890,634,2.849548,13.496
634,0,1.420926,0.576190,19.874374,0.917287,635,2.919800,13.483
635,2,1.389325,0.577917,19.815923,0.917052,636,2.847656,13.559
636,3,1.773360,0.479423,19.903174,0.917224,637,2.890564,50.305
637,0,1.525843,0.639615,19.975830,0.915375,638,2.785400,13.544
638,0,1.596429,0.617033,19.910655,0.917042,639,2.814636,13.520
639,1,1.678106,0.552492,19.917515,0.917747,640,2.875000,14.163
640,0,1.658728,0.547551,19.947613,0.917619,641,2.863220,13.532
641,3,1.444183,0.642844,19.958813,0.915970,642,2.904236,49.954
642,3,1.427060,0.515088,19.848934,0.917603,643,2.919800,13.382
643,2,1.603481,0.463723,20.204250,0.917787,644,2.890564,13.490
644,2,1.991688,0.643229,20.132169,0.916455,645,2.904236,13.484
645,0,1.813391,0.559489,19.918512,0.916952,646,2.906128,46.659
646,0,1.319856,0.587259,19.816656,0.917650,647,2.904236,13.532
647,1,1.524350,0.585487,19.697720,0.917368,648,2.904236,13.431
648,2,1.528570,0.510759,19.674137,0.917134,649,2.919800,13.438
649,0,1.464873,0.733727,19.638834,0.915540,650,2.906128,14.001
650,3,1.244759,0.568637,19.676554,0.916612,651,2.906128,46.023
651,1,1.565056,0.690897,19.764761,0.917036,652,2.875000,13.507
652,3,1.670150,0.685082,19.485411,0.916245,653,2.888672,13.489
653,2,1.817735,0.576187,19.625135,0.917056,654,2.919800,13.525
654,2,1.475610,0.517247,19.592614,0.916546,655,2.890564,14.028
655,2,1.605191,0.582469,19.312471,0.916518,656,2.917908,45.932
656,1,1.535670,0.450845,19.486762,0.917404,657,2.608521,13.500
657,0,1.630041,0.538593,19.482355,0.917461,658,2.863220,13.587
658,0,1.699272,0.625067,19.260374,0.916406,659,2.906128,13.890
659,1,1.359637,0.755728,19.400395,0.916750,660,2.878784,14.209
660,1,1.955748,0.620431,19.370926,0.916280,661,2.904236,50.372
661,2,1.367241,0.630324,19.291740,0.916650,662,2.888672,13.474
662,3,1.325797,0.782391,19.557644,0.916504,663,2.890564,13.439
663,1,1.688186,0.701916,19.523872,0.916070,664,2.906128,13.502
664,1,1.353187,0.596999,19.533369,0.916627,665,2.859436,49.940
665,1,1.685110,0.542671,19.726103,0.917005,666,2.890564,13.431
666,1,1.364136,0.544033,19.670688,0.916698,667,2.904236,13.444
667,1,1.661250,0.631874,19.912206,0.916839,668,2.888672,13.500
668,2,1.359239,0.682372,19.923130,0.917078,669,2.863220,13.721
669,2,1.483826,0.560602,20.046859,0.916874,670,2.812744,50.139
670,1,1.474923,0.580795,20.118621,0.916943,671,2.799072,13.603
671,3,1.673770,0.553843,20.187689,0.916072,672,2.906128,13.428
672,2,1.461710,0.601621,19.750383,0.917288,673,2.933472,13.417
673,2,1.660315,0.601150,19.886233,0.915864,674,2.890564,13.527
674,0,1.586975,0.497478,19.879657,0.916833,675,2.919800,13.477
675,1,1.594203,0.632704,19.945986,0.916905,676,2.904236,13.678
676,0,1.312924,0.667605,19.950544,0.917111,677,2.904236,13.682
677,2,1.551538,0.614181,19.847214,0.916114,678,2.894348,13.660
678,1,1.372695,0.568201,19.976442,0.916909,679,2.904236,49.508
679,3,1.355277,0.453685,19.848263,0.916848,680,2.863220,13.641
680,0,1.506167,0.495450,19.920676,0.917880,681,2.890564,13.801
681,2,1.462592,0.483689,19.952776,0.917563,682,2.875000,13.695
682,2,1.612527,0.473030,19.780860,0.916526,683,2.876892,13.766
683,0,1.617078,0.582635,19.775626,0.917185,684,2.826416,46.171
684,3,1.466918,0.551512,19.891165,0.917634,685,2.857544,13.668
685,3,1.604797,0.567527,19.612099,0.918246,686,2.888672,13.629
686,0,1.675691,0.663955,19.612135,0.916827,687,2.931580,13.626
687,3,1.581951,0.537356,19.747636,0.917071,688,2.904236,13.741
688,2,1.250393,0.573591,19.672136,0.917342,689,2.919800,50.543
689,3,1.530123,0.539014,19.652537,0.917302,690,2.904236,14.067
690,3,1.526224,0.535759,19.873862,0.917872,691,2.890564,13.891
691,3,1.714181,0.499354,20.013012,0.917725,692,2.894348,13.520
692,2,1.355191,0.497406,19.849064,0.916777,693,2.904236,13.472
693,2,1.932240,0.676076,19.991361,0.917200,694,2.876892,13.451
694,0,1.680802,0.683430,19.821611,0.916674,695,2.906128,13.447
695,2,1.631915,0.442102,19.805694,0.917943,696,2.861328,13.488
696,0,1.553018,0.606283,19.962555,0.916525,697,2.906128,13.450
697,2,1.055642,0.560529,19.899633,0.916662,698,2.902344,46.179
698,2,1.218744,0.600574,19.969279,0.916603,699,2.826416,13.460
699,2,1.066323,0.480630,19.590765,0.917761,700,2.843872,14.058
700,1,1.280419,0.558040,18.814809,0.918046,701,2.890564,13.768
701,3,1.509952,0.475845,18.690290,0.917695,702,2.875000,13.454
702,2,1.517345,0.645832,18.536441,0.916090,703,2.890564,13.398
703,0,1.778265,0.446503,18.401421,0.917084,704,2.876892,13.564
704,0,1.361864,0.562505,18.256939,0.917422,705,2.906128,13.370
705,2,1.343495,0.669312,18.103974,0.917072,706,2.890564,13.505
706,3,1.518252,0.643893,18.036097,0.916352,707,2.904236,41.834
707,1,1.699775,0.616005,18.037945,0.916656,708,2.892456,13.480
708,1,1.528057,0.687332,18.169718,0.916200,709,2.919800,13.441
709,0,1.423543,0.596246,18.431693,0.916369,710,2.892456,13.414
710,3,1.560790,0.500341,18.417208,0.917380,711,2.888672,13.597
711,3,1.262768,0.614785,18.340878,0.917718,712,2.890564,49.881
712,1,1.585057,0.508592,18.248512,0.917003,713,2.904236,13.384
713,3,1.805942,0.642874,18.372348,0.918323,714,2.832092,13.349
714,3,1.718259,0.522966,18.316415,0.917049,715,2.904236,13.572
715,1,1.632305,0.588119,18.265095,0.916516,716,2.863220,13.611
716,0,1.236521,0.650020,18.273866,0.917098,717,2.861328,45.986
717,2,1.674264,0.573277,18.259003,0.917262,718,2.863220,13.447
718,1,1.431552,0.639294,18.395097,0.917277,719,2.800964,13.411
719,0,1.891548,0.511270,18.400501,0.917111,720,2.853760,13.403
720,2,1.538703,0.490745,18.670753,0.917617,721,2.875000,50.157
721,3,1.522698,0.583138,18.714430,0.917450,722,2.919800,13.358
722,3,1.375338,0.621543,18.846231,0.917874,723,2.904236,13.395
723,2,1.228940,0.686299,18.843858,0.916991,724,2.875000,13.399
724,2,1.412233,0.534414,18.882839,0.917526,725,2.873108,13.412
725,3,1.387318,0.460650,18.756488,0.917709,726,2.933472,49.978
726,3,1.689007,0.432649,18.846003,0.917016,727,2.919800,13.419
727,0,1.564532,0.629843,19.111664,0.915969,728,2.906128,13.507
728,1,1.766624,0.515791,19.313851,0.918320,729,2.906128,13.390
729,0,1.672368,0.509053,18.987265,0.917001,730,2.890564,13.450
730,0,1.454975,0.594241,19.254836,0.914773,731,2.906128,50.555
731,0,1.603876,0.526586,19.220012,0.917294,732,2.921692,13.673
732,0,1.641098,0.630462,19.195407,0.917456,733,2.785400,13.579
733,1,1.682487,0.629494,19.105768,0.916953,734,2.916016,13.679
734,1,1.264255,0.574226,19.297087,0.916863,735,2.875000,50.155
735,0,1.488962,0.685257,19.307200,0.917387,736,2.878784,13.645
736,1,1.189436,0.658923,19.489305,0.917634,737,2.826416,13.625
737,2,1.645894,0.661510,19.464227,0.917709,738,2.812744,13.627
738,3,1.360514,0.610108,19.384046,0.916621,739,2.861328,13.634
739,1,1.330348,0.637386,19.392310,0.916909,740,2.904236,50.121
740,1,1.419462,0.566626,19.071368,0.916569,741,2.888672,13.868
741,0,1.272913,0.623128,18.875178,0.916283,742,2.919800,13.579
742,2,1.589041,0.636575,18.987006,0.917246,743,2.904236,13.702
743,1,1.345392,0.567815,19.202861,0.917501,744,2.890564,50.312
744,3,1.719052,0.599680,19.089168,0.916682,745,2.906128,13.772
745,0,1.519352,0.641527,19.093323,0.916865,746,2.931580,13.617
746,0,1.229296,0.636086,19.177887,0.916156,747,2.861328,13.749
747,2,1.500390,0.596921,19.256332,0.918057,748,2.890564,13.463
748,0,1.446765,0.658491,19.292721,0.917736,749,2.876892,49.878
749,3,1.375867,0.501387,19.133376,0.918364,750,2.904236,13.376
750,3,1.609015,0.710645,18.892649,0.917176,751,2.917908,13.672
751,2,1.613621,0.681254,18.904687,0.917399,752,2.890564,13.477
752,2,1.388297,0.540484,18.727609,0.917016,753,2.857544,13.451
753,3,1.149353,0.452769,18.694721,0.917160,754,2.888672,45.821
754,1,1.334493,0.571940,18.417629,0.917088,755,2.890564,13.405
755,3,1.651277,0.625084,18.559861,0.916642,756,2.876892,13.389
756,0,1.313331,0.540022,18.508470,0.917053,757,2.890564,13.334
757,2,1.847153,0.645412,18.401004,0.915391,758,2.863220,13.531
758,2,1.656585,0.665022,18.432502,0.917062,759,2.904236,45.975
759,1,1.288747,0.565883,18.328036,0.917616,760,2.875000,13.447
760,3,1.333864,0.514465,18.294311,0.917455,761,2.890564,13.585
761,1,1.502790,0.555460,18.426412,0.917640,762,2.904236,13.405
762,2,0.833761,0.610540,18.405422,0.917031,763,2.904236,49.910
763,2,1.668924,0.619257,18.490821,0.916276,764,2.853760,13.402
764,3,1.170186,0.424941,18.582951,0.917176,765,2.871216,13.388
765,0,1.277525,0.515707,18.727923,0.916279,766,2.890564,13.481
766,1,1.211813,0.487086,18.780442,0.917388,767,2.890564,13.411
767,3,1.547552,0.667851,18.850067,0.916702,768,2.919800,49.976
768,1,1.456286,0.746783,18.860246,0.916150,769,2.890564,13.562
769,0,1.709280,0.572056,18.816700,0.917548,770,2.878784,13.363
770,2,1.492330,0.782012,18.950789,0.917251,771,2.890564,13.660
771,2,1.257716,0.514473,19.116584,0.917091,772,2.876892,50.107
772,1,1.640320,0.618530,19.450805,0.917015,773,2.904236,13.500
773,3,1.564562,0.529142,19.440629,0.917196,774,2.906128,13.572
774,3,1.442453,0.528328,19.293513,0.916877,775,2.904236,13.333
775,0,1.593107,0.672168,19.352721,0.916575,776,2.917908,13.363
776,3,1.630332,0.576866,19.353412,0.917635,777,2.919800,55.329
777,3,1.565614,0.540620,19.430778,0.917422,778,2.890564,13.576
778,3,1.559061,0.567118,19.405482,0.915816,779,2.904236,13.372
779,3,1.036360,0.576947,19.450181,0.916785,780,2.906128,13.466
780,0,1.623643,0.656042,19.444440,0.917387,781,2.890564,46.073
781,2,1.552371,0.544845,19.513889,0.917393,782,2.904236,13.413
782,1,1.625978,0.629176,19.676784,0.917333,783,2.906128,13.345
783,2,1.761477,0.566539,19.596507,0.916730,784,2.904236,13.320
784,0,1.464564,0.588161,19.554472,0.917386,785,2.921692,13.313
785,0,1.525716,0.488520,19.584755,0.916040,786,2.863220,45.919
786,3,1.592211,0.562426,19.655373,0.916944,787,2.890564,13.419
787,3,1.207277,0.537500,19.682863,0.917233,788,2.816528,13.373
788,2,1.325167,0.622483,19.682277,0.916875,789,2.875000,14.005
789,0,1.128698,0.446274,19.606922,0.917738,790,2.863220,13.669
790,2,1.529991,0.594945,19.673227,0.916499,791,2.890564,46.567
791,1,1.590057,0.440827,19.902608,0.917372,792,2.876892,13.703
792,1,1.520037,0.594588,19.794602,0.916756,793,2.890564,13.718
793,3,1.306203,0.477423,19.868989,0.917224,794,2.863220,13.616
794,3,1.411350,0.532207,19.806849,0.917281,795,2.863220,13.713
795,3,1.587164,0.508641,19.576774,0.917631,796,2.890564,50.153
796,1,1.221855,0.492670,19.685739,0.917722,797,2.878784,13.566
797,1,1.787021,0.584771,19.707161,0.917707,798,2.904236,13.816
798,1,1.326891,0.610760,19.922411,0.917642,799,2.919800,13.646
799,1,1.608385,0.600784,20.030079,0.917028,800,2.890564,50.140
800,3,1.566821,0.460257,19.523851,0.917306,801,2.904236,13.722
801,3,1.718342,0.438503,19.576955,0.917066,802,2.906128,13.520
802,3,1.481072,0.620907,19.673000,0.916737,803,2.826416,13.429
803,2,1.468391,0.453485,19.804787,0.917424,804,2.843872,13.476
804,3,1.727905,0.568135,19.785015,0.917064,805,2.888672,13.394
805,3,1.545610,0.508701,19.849022,0.917330,806,2.878784,13.397
806,3,1.698567,0.515552,19.449635,0.916947,807,2.904236,41.832
807,3,1.391258,0.732844,19.742432,0.917494,808,2.906128,13.430
808,3,1.660446,0.521220,19.357400,0.917198,809,2.890564,13.447
809,1,1.269163,0.626767,19.456971,0.915930,810,2.902344,13.465
810,1,1.462030,0.495991,19.541445,0.916975,811,2.863220,13.783
811,1,1.659766,0.432273,19.415791,0.917503,812,2.904236,44.151
812,0,1.665193,0.547293,19.347104,0.917333,813,2.890564,13.567
813,3,1.244801,0.495777,19.222267,0.917193,814,2.890564,21.401
814,1,1.707201,0.578046,19.378253,0.917342,815,2.917908,13.404
815,1,1.066855,0.615293,19.024655,0.917989,816,2.904236,49.986
816,2,1.393136,0.566175,19.084581,0.917461,817,2.888672,13.422
817,0,1.465588,0.590330,19.436396,0.917981,818,2.890564,13.478
818,2,1.594618,0.620305,19.467261,0.917331,819,2.906128,13.423
819,0,1.758617,0.570522,19.524135,0.916530,820,2.859436,13.554
820,0,1.323790,0.656498,19.568096,0.917082,821,2.890564,46.106
821,0,1.408317,0.590481,19.583509,0.916903,822,2.890564,13.464
822,2,1.796406,0.614896,19.775811,0.916621,823,2.890564,13.518
823,1,1.714158,0.598349,19.782135,0.916536,824,2.888672,13.510
824,0,1.438835,0.662240,19.892663,0.917138,825,2.878784,13.462
825,2,1.601999,0.626242,19.764925,0.917157,826,2.906128,45.888
826,3,1.658665,0.481430,19.701252,0.917350,827,2.847656,20.412
827,0,1.509600,0.495393,19.506853,0.917716,828,2.890564,13.571
828,1,1.491112,0.690368,19.359598,0.915810,829,2.917908,13.443
829,2,1.335273,0.622526,19.429070,0.915718,830,2.906128,13.568
830,3,1.597312,0.552032,19.383917,0.917264,831,2.888672,13.605
831,2,1.459273,0.569202,19.334529,0.917271,832,2.904236,13.738
832,2,1.865829,0.618928,19.431031,0.917577,833,2.904236,13.385
833,1,1.430896,0.658524,19.159369,0.917295,834,2.863220,13.407
834,0,1.844699,0.558260,19.165754,0.916405,835,2.906128,45.953
835,1,1.067662,0.633721,19.088928,0.917177,836,2.863220,13.385
836,3,1.893658,0.508703,18.822329,0.917294,837,2.890564,13.434
837,3,1.250908,0.562769,18.606812,0.918035,838,2.919800,13.403
838,2,1.593208,0.482838,18.776251,0.916510,839,2.876892,13.442
839,1,1.554996,0.599641,18.777887,0.915749,840,2.904236,49.851
840,1,1.433466,0.572923,19.074293,0.915900,841,2.919800,20.863
841,0,1.724223,0.544550,19.040016,0.917350,842,2.904236,13.718
842,2,1.462717,0.435260,18.802848,0.917202,843,2.917908,13.569
843,1,1.535742,0.650840,18.742965,0.916849,844,2.904236,42.293
844,1,1.270531,0.599649,18.599402,0.917018,845,2.935364,13.674
845,2,1.417492,0.578860,18.763603,0.916802,846,2.840088,13.702
846,0,1.368500,0.558532,18.572061,0.916633,847,2.890564,13.727
847,1,1.605757,0.509303,18.841710,0.916484,848,2.847656,13.680
848,3,1.299856,0.570393,18.618161,0.916875,849,2.919800,46.201
849,2,1.333731,0.602609,18.704874,0.917277,850,2.906128,13.664
850,1,1.484469,0.576315,18.824294,0.916576,851,2.890564,13.813
851,2,1.678502,0.626259,18.793634,0.916107,852,2.876892,13.932
852,3,1.414738,0.534774,18.856915,0.916749,853,2.919800,13.933
853,2,1.512840,0.524119,18.960332,0.917580,854,2.902344,50.692
854,3,1.675345,0.527514,18.946498,0.917317,855,2.904236,13.805
855,1,1.320867,0.544364,19.014176,0.916976,856,2.890564,13.620
856,3,1.488243,0.354515,19.056273,0.917982,857,2.843872,13.775
857,0,1.862539,0.622970,18.980531,0.916441,858,2.875000,47.016
858,2,1.122638,0.547470,19.084073,0.917302,859,2.904236,13.681
859,0,1.370146,0.667848,19.243949,0.917964,860,2.890564,13.669
860,2,1.457457,0.578650,19.292736,0.916640,861,2.890564,13.737
861,3,1.602954,0.769091,19.177381,0.916986,862,2.947144,13.577
862,3,1.582571,0.603169,19.117371,0.918012,863,2.884888,50.048
863,3,1.373859,0.709616,19.033890,0.917102,864,2.876892,13.808
864,0,1.882463,0.593308,18.898112,0.917424,865,2.904236,13.370
865,3,1.579744,0.688432,19.155417,0.916714,866,2.931580,13.406
866,1,1.321686,0.555110,19.084628,0.917083,867,2.832092,49.917
867,1,1.515788,0.585664,19.191320,0.917059,868,2.921692,13.459
868,2,1.520485,0.550022,19.566489,0.916919,869,2.812744,13.478
869,3,1.451966,0.498126,19.705461,0.917593,870,2.888672,13.567
870,1,1.573088,0.574721,19.598054,0.916442,871,2.890564,13.728
871,2,1.604682,0.453482,19.563277,0.917249,872,2.890564,50.123
872,0,1.745132,0.536594,19.364695,0.917049,873,2.906128,13.446
873,2,1.530882,0.484643,19.216782,0.915845,874,2.890564,13.545
874,1,1.346131,0.573771,19.431497,0.917271,875,2.812744,13.482
875,3,1.231523,0.562243,19.262053,0.916744,876,2.816528,13.605
876,1,1.748266,0.577581,19.439279,0.917845,877,2.931580,13.556
877,0,1.608259,0.651615,19.537842,0.916868,878,2.875000,13.502
878,0,1.142654,0.522258,19.479757,0.916941,879,2.878784,13.490
879,3,1.305475,0.577529,19.580598,0.916914,880,2.917908,13.484
880,0,1.654051,0.582246,19.727884,0.915777,881,2.931580,46.294
881,2,1.505373,0.641485,19.764101,0.915765,882,2.888672,13.690
882,2,1.117661,0.525241,19.481471,0.917254,883,2.892456,13.491
883,3,1.385681,0.631255,19.377969,0.917569,884,2.906128,13.717
884,1,1.424857,0.534167,19.215524,0.917140,885,2.875000,13.622
885,1,1.507328,0.670818,19.041353,0.917567,886,2.878784,50.047
886,1,1.535900,0.639441,19.033595,0.916205,887,2.921692,13.494
887,0,1.684314,0.593749,18.848092,0.916881,888,2.888672,13.550
888,3,1.221129,0.543920,18.915050,0.917237,889,2.876892,13.647
889,2,1.421345,0.820297,18.956892,0.917495,890,2.890564,13.514
890,0,1.486356,0.502100,18.943064,0.916793,891,2.904236,13.678
891,1,1.782123,0.581799,18.945178,0.917025,892,2.904236,13.507
892,3,1.449229,0.638800,18.935157,0.917720,893,2.904236,13.446
893,0,1.294811,0.666159,19.110387,0.916982,894,2.933472,13.506
894,2,1.017315,0.512611,19.022977,0.917157,895,2.947144,13.571
895,2,1.262475,0.587051,19.288337,0.917844,896,2.828308,13.533
896,1,1.440042,0.491058,19.354280,0.917927,897,2.863220,13.480
897,0,1.898097,0.384909,19.274297,0.917188,898,2.847656,13.404
898,2,1.526400,0.593521,19.205053,0.916498,899,2.890564,13.474
899,2,1.581449,0.541900,19.159089,0.916801,900,2.890564,46.040
900,1,1.447598,0.558467,20.102756,0.916982,901,2.843872,13.596
901,1,1.665383,0.482964,20.177017,0.917254,902,2.869324,13.553
902,2,1.265039,0.507287,19.897015,0.917132,903,2.876892,13.377
903,0,1.537429,0.610658,20.098213,0.915657,904,2.876892,13.512
904,0,1.558740,0.540006,20.372677,0.917331,905,2.919800,13.323
905,1,1.577598,0.555263,19.940727,0.915937,906,2.904236,13.338
906,1,1.365039,0.668775,19.941875,0.917474,907,2.933472,41.824
907,3,1.299090,0.649063,19.737309,0.916683,908,2.890564,13.340
908,3,1.543630,0.707509,19.719574,0.917327,909,2.904236,13.417
909,1,1.521417,0.649013,20.135443,0.916397,910,2.921692,25.395
910,2,1.466460,0.457136,19.896342,0.916589,911,2.875000,45.925
911,1,1.403975,0.445550,19.577358,0.916495,912,2.906128,13.220
912,1,1.700844,0.469288,19.414545,0.917727,913,2.904236,13.203
913,1,1.305974,0.598264,19.350565,0.916556,914,2.888672,13.232
914,2,1.417255,0.612659,19.347446,0.916767,915,2.875000,13.212
915,0,1.527585,0.633587,19.225324,0.916764,916,2.826416,45.756
916,1,1.375304,0.558107,19.180235,0.916886,917,2.814636,13.386
917,3,1.338462,0.602972,19.276878,0.916394,918,2.890564,13.356
918,2,1.361517,0.669935,19.268820,0.916807,919,2.947144,13.419
919,2,1.248703,0.535064,19.489315,0.917234,920,2.875000,13.323
920,3,1.509559,0.546891,19.399571,0.917249,921,2.875000,45.941
921,2,1.415587,0.553416,19.636684,0.917012,922,2.947144,13.357
922,3,1.494579,0.486137,19.697026,0.917704,923,2.906128,13.453
923,1,1.380670,0.472045,19.608151,0.917216,924,2.904236,13.313
924,3,1.490473,0.529391,19.528266,0.917371,925,2.904236,13.358
925,3,1.276117,0.666707,19.536500,0.915578,926,2.876892,45.732
926,2,1.533727,0.508376,19.399293,0.917265,927,2.785400,13.584
927,3,1.284276,0.580954,19.392861,0.916975,928,2.917908,13.558
928,0,1.853316,0.630030,19.446109,0.916138,929,2.919800,13.537
929,1,1.797536,0.701198,19.318911,0.915296,930,2.921692,13.684
930,0,1.570076,0.506057,19.223067,0.917450,931,2.875000,50.295
931,1,1.340862,0.631394,18.920757,0.916334,932,2.863220,13.616
932,3,1.544420,0.670572,18.995345,0.917094,933,2.908020,13.380
933,0,1.384799,0.614371,18.847973,0.917113,934,2.919800,13.399
934,3,1.332807,0.544105,18.943045,0.916691,935,2.888672,13.355
935,0,1.595783,0.468722,18.747168,0.917611,936,2.902344,13.391
936,1,1.275975,0.561962,18.648720,0.916794,937,2.876892,13.335
937,1,1.654719,0.646808,18.815275,0.915801,938,2.876892,13.371
938,1,1.522515,0.514016,19.070815,0.916935,939,2.890564,13.308
939,0,1.319469,0.540819,19.212263,0.918073,940,2.890564,13.317
940,1,1.351776,0.498063,19.283659,0.917370,941,2.812744,13.544
941,0,1.395926,0.567165,19.337959,0.917376,942,2.859436,13.411
942,2,1.398218,0.629091,19.415815,0.916507,943,2.904236,13.335
943,3,1.231704,0.534105,19.578989,0.917007,944,2.843872,13.305
944,3,1.507406,0.522190,19.514519,0.917476,945,2.906128,46.128
945,1,1.281722,0.522610,19.458885,0.917489,946,2.878784,13.311
946,3,1.794438,0.644283,19.442533,0.917058,947,2.876892,13.353
947,1,1.696106,0.585186,19.306251,0.916849,948,2.917908,13.884
948,1,1.641943,0.571198,19.247749,0.916989,949,2.876892,13.361
949,3,1.320035,0.644177,19.229527,0.917806,950,2.890564,45.784
950,1,1.501077,0.506989,19.011432,0.917412,951,2.861328,13.547
951,3,1.753103,0.663649,18.909552,0.916826,952,2.876892,13.393
952,1,1.563317,0.588305,19.028345,0.916233,953,2.890564,13.332
953,0,1.793802,0.594780,18.841131,0.915886,954,2.875000,13.344
954,2,1.054195,0.724575,18.956810,0.916137,955,2.876892,49.811
955,3,1.422313,0.514679,18.768712,0.916912,956,2.919800,13.324
956,3,1.664868,0.687539,18.775972,0.916183,957,2.878784,13.404
957,0,1.588989,0.594426,18.826792,0.916471,958,2.816528,13.345
958,0,1.690236,0.578135,19.019896,0.917745,959,2.906128,13.376
959,1,1.472759,0.414848,18.879308,0.918376,960,2.904236,45.917
960,1,1.176394,0.483565,18.646442,0.918168,961,2.875000,13.850
961,1,1.623721,0.534792,18.931486,0.917201,962,2.878784,13.576
962,1,1.426678,0.511765,18.847391,0.917294,963,2.875000,13.678
963,0,1.600921,0.598070,19.132057,0.917203,964,2.904236,13.534
964,1,1.407649,0.668803,19.001260,0.917164,965,2.919800,13.522
965,0,1.685644,0.584513,19.139124,0.916824,966,2.919800,13.488
966,1,1.492321,0.713938,19.288326,0.915443,967,2.890564,13.607
967,2,1.578712,0.601337,19.351668,0.916583,968,2.904236,13.562
968,3,1.513657,0.683255,19.361645,0.917214,969,2.935364,46.214
969,3,1.515578,0.514871,19.156808,0.916564,970,2.908020,13.616
970,3,1.466992,0.593005,19.119226,0.915885,971,2.876892,13.677
971,1,1.421213,0.549490,19.265112,0.917959,972,2.812744,13.648
972,2,1.821529,0.553511,19.279127,0.916950,973,2.875000,13.605
973,0,1.282142,0.550308,19.123253,0.917334,974,2.890564,43.222
974,0,1.655327,0.648862,19.326660,0.916727,975,2.873108,13.735
975,0,1.777854,0.521059,19.203524,0.917197,976,2.863220,13.623
976,0,1.467907,0.706160,19.276567,0.915799,977,2.847656,13.636
977,2,1.388097,0.641734,19.408904,0.917343,978,2.933472,13.359
978,0,1.507955,0.580466,19.480826,0.916427,979,2.876892,13.327
979,0,1.686598,0.404246,19.630262,0.916354,980,2.919800,13.372
980,0,1.260603,0.596064,19.578115,0.916494,981,2.861328,13.613
981,1,1.742966,0.517994,19.645702,0.916382,982,2.892456,13.494
982,3,1.374426,0.489872,19.887419,0.916741,983,2.904236,13.311
983,0,1.456812,0.593285,19.649854,0.916286,984,2.890564,45.744
984,3,1.210943,0.503351,19.443207,0.917675,985,2.890564,13.316
985,1,1.567605,0.519852,19.615337,0.916606,986,2.904236,13.290
986,3,1.763641,0.568450,19.565150,0.917071,987,2.832092,13.272
987,0,0.971126,0.519043,19.593583,0.916475,988,2.863220,13.314
988,0,1.495187,0.553476,19.672945,0.916759,989,2.873108,45.818
989,0,1.382567,0.650278,19.563595,0.916111,990,2.906128,13.324
990,1,1.723936,0.518299,19.335299,0.917330,991,2.828308,13.465
991,1,1.658470,0.653107,19.461448,0.915595,992,2.875000,13.401
992,0,1.758856,0.546859,19.579921,0.916826,993,2.875000,13.364
993,2,1.489015,0.560051,19.339664,0.916854,994,2.853760,47.504
994,1,1.523650,0.608046,19.335443,0.916693,995,2.906128,19.365
995,2,1.571233,0.551591,19.384127,0.917538,996,2.919800,19.356
996,0,1.521416,0.442009,19.105966,0.917349,997,2.890564,19.691
997,1,1.765088,0.487830,18.956739,0.917525,998,2.892456,19.457
998,2,1.362139,0.563576,18.832391,0.916715,999,2.863220,19.320
999,1,1.317055,0.587966,18.742144,0.917107,1000,2.904236,19.615
