step,action,action_bin,action_vec_norm,free_energy,confidence,obs_norm,frame_mean,beta,info_gain,last_sleep_round,last_sleep_delta_fe,last_sleep_replayed
0,1,7,2.250673,40.594692,0.883732,1.000000,7.631531,0.999010,1.000000,-1,0.000000,0
1,0,3,2.364422,54.941448,0.902057,1.000000,7.631531,0.997030,1.000000,-1,0.000000,0
2,0,5,2.035481,43.914397,0.903023,1.000000,7.631531,0.995050,1.000000,-1,0.000000,0
3,1,7,2.652236,43.772331,0.902447,1.000000,7.631531,0.993070,2.078946,-1,0.000000,0
4,1,0,2.455021,40.964428,0.903208,1.000000,7.631531,0.991090,0.819802,-1,0.000000,0
5,1,7,2.594126,39.137471,0.902471,1.000000,7.631531,0.989110,2.142268,-1,0.000000,0
6,1,7,2.336085,37.687436,0.902853,1.000000,7.631531,0.987130,2.277263,-1,0.000000,0
7,1,7,2.318429,38.031284,0.902040,1.000000,7.631531,0.985150,2.351891,-1,0.000000,0
8,1,7,2.337508,37.608543,0.902904,1.000000,7.631531,0.983170,2.207664,-1,0.000000,0
9,0,5,2.656202,38.057658,0.902815,1.000000,7.631531,0.981190,2.551742,-1,0.000000,0
10,1,7,2.752849,37.158777,0.902128,1.000000,7.631531,0.979210,2.120792,-1,0.000000,0
11,0,4,1.939820,36.988583,0.902756,1.000000,7.631531,0.977230,9.520873,-1,0.000000,0
12,0,4,2.764802,36.078711,0.902432,1.000000,7.631531,0.975250,7.708895,-1,0.000000,0
13,0,4,2.438372,35.986005,0.902440,1.000000,7.631531,0.973270,7.263678,-1,0.000000,0
14,0,3,2.972096,36.498593,0.902420,1.000000,7.631531,0.971290,8.771682,-1,0.000000,0
15,0,4,2.764270,36.437387,0.902929,1.000000,7.631531,0.969310,6.740943,-1,0.000000,0
16,0,4,2.910688,36.159977,0.902058,1.000000,7.631531,0.967330,5.957016,-1,0.000000,0
17,0,4,2.709951,36.083984,0.902762,1.000000,7.631531,0.965350,5.672090,-1,0.000000,0
18,0,5,2.630860,36.194273,0.902459,1.000000,7.631531,0.963370,2.239075,-1,0.000000,0
19,0,3,2.263560,36.310784,0.902220,1.000000,7.631531,0.961390,7.443821,-1,0.000000,0
20,1,6,2.341561,35.789513,0.902751,1.000000,7.631531,0.959410,2.953902,-1,0.000000,0
21,0,3,3.090103,35.442058,0.902599,1.000000,7.631531,0.957430,6.876292,-1,0.000000,0
22,0,3,2.621531,35.166956,0.902508,1.000000,7.631531,0.955450,6.514519,-1,0.000000,0
23,3,6,2.376015,35.333494,0.902441,1.000000,7.631531,0.953470,2.467596,-1,0.000000,0
24,0,2,2.630568,35.419043,0.902000,1.000000,7.631531,0.951490,2.246019,-1,0.000000,0
25,0,2,2.666902,35.471761,0.902990,1.000000,7.631531,0.949510,2.117606,-1,0.000000,0
26,3,6,2.578290,35.404212,0.902383,1.000000,7.631531,0.947530,2.295373,-1,0.000000,0
27,3,2,2.255600,35.390901,0.902090,1.000000,7.631531,0.945550,2.135667,-1,0.000000,0
28,0,5,2.615887,35.344517,0.902892,1.000000,7.631531,0.943570,2.382767,-1,0.000000,0
29,0,5,2.626914,35.507711,0.902400,1.000000,7.631531,0.941590,1.386200,-1,0.000000,0
30,1,6,2.633055,35.379380,0.902376,1.000000,7.631531,0.939610,2.013950,-1,0.000000,0
31,3,2,2.372427,35.322644,0.902447,1.000000,7.631531,0.937630,1.960197,-1,0.000000,0
32,0,2,2.083413,35.509207,0.902135,1.000000,7.631531,0.935650,1.948393,-1,0.000000,0
33,3,2,2.590009,35.446926,0.902076,1.000000,7.631531,0.933670,0.729689,-1,0.000000,0
34,2,5,3.149240,35.443839,0.902830,1.000000,7.631531,0.931690,1.240738,-1,0.000000,0
35,1,0,2.367747,35.522703,0.902743,1.000000,7.631531,0.929710,2.609661,-1,0.000000,0
36,1,0,2.386623,35.402900,0.903194,1.000000,7.631531,0.927730,2.659044,-1,0.000000,0
37,0,5,2.575212,35.563153,0.903167,1.000000,7.631531,0.925750,0.772684,-1,0.000000,0
38,1,6,2.275148,35.543707,0.902090,1.000000,7.631531,0.923770,0.521767,-1,0.000000,0
39,0,5,2.361830,35.375397,0.903145,1.000000,7.631531,0.921790,0.704451,-1,0.000000,0
40,1,1,2.205382,35.491794,0.902949,1.000000,7.631531,0.919810,4.609774,-1,0.000000,0
41,1,1,2.639863,35.251003,0.902490,1.000000,7.631531,0.917830,4.467675,-1,0.000000,0
42,1,0,2.368086,35.139411,0.902070,1.000000,7.631531,0.915850,2.544680,-1,0.000000,0
43,1,0,2.456739,35.230583,0.902588,1.000000,7.631531,0.913870,2.444375,-1,0.000000,0
44,1,1,2.329442,35.541604,0.902121,1.000000,7.631531,0.911890,4.072604,-1,0.000000,0
45,0,3,1.936024,35.646734,0.902793,1.000000,7.631531,0.909910,0.808653,-1,0.000000,0
46,1,1,2.575703,35.425735,0.902476,1.000000,7.631531,0.907930,3.884371,-1,0.000000,0
47,3,1,2.831449,35.302989,0.902517,1.000000,7.631531,0.905950,3.695528,-1,0.000000,0
48,1,1,2.721135,35.351192,0.902147,1.000000,7.631531,0.903970,2.705231,-1,0.000000,0
49,1,0,2.644925,35.404839,0.902437,1.000000,7.631531,0.901990,1.788827,-1,0.000000,0
50,1,1,2.948871,35.305857,0.902996,1.000000,7.631531,0.900010,0.600996,-1,0.000000,0
51,0,4,2.488330,35.438029,0.902756,1.000000,7.631531,0.898030,1.145095,-1,0.000000,0
52,0,5,2.430433,35.844769,0.902779,1.000000,7.631531,0.896050,0.596802,-1,0.000000,0
53,1,7,2.605320,35.983011,0.902685,1.000000,7.631531,0.894070,0.907697,-1,0.000000,0
54,0,4,2.677347,36.090297,0.902047,1.000000,7.631531,0.892090,1.096077,-1,0.000000,0
55,1,6,1.948007,35.926219,0.902801,1.000000,7.631531,0.890110,0.593003,-1,0.000000,0
56,3,1,1.955665,35.985706,0.902907,1.000000,7.631531,0.888130,0.646201,-1,0.000000,0
57,1,0,2.312590,36.051338,0.902560,1.000000,7.631531,0.886150,0.344088,-1,0.000000,0
58,1,7,2.582544,36.153946,0.902635,1.000000,7.631531,0.884170,0.899665,-1,0.000000,0
59,0,4,2.472095,36.294379,0.903278,1.000000,7.631531,0.882190,0.927202,-1,0.000000,0
60,0,4,2.331850,36.357735,0.902569,1.000000,7.631531,0.880210,0.902349,-1,0.000000,0
61,0,4,2.312824,36.534180,0.902087,1.000000,7.631531,0.878230,0.506413,-1,0.000000,0
62,0,3,2.397430,36.697507,0.902705,1.000000,7.631531,0.876250,0.562363,-1,0.000000,0
63,1,0,2.589158,36.958510,0.902432,1.000000,7.631531,0.874270,0.652438,-1,0.000000,0
64,1,7,2.461983,36.865133,0.902508,1.000000,7.631531,0.872290,0.757987,-1,0.000000,0
65,1,0,2.452164,36.613076,0.902781,1.000000,7.631531,0.870310,0.609149,-1,0.000000,0
66,2,6,2.352171,36.485381,0.902816,1.000000,7.631531,0.868330,0.433845,-1,0.000000,0
67,0,5,2.166707,36.502221,0.902511,1.000000,7.631531,0.866350,0.585216,-1,0.000000,0
68,2,6,2.355773,36.510392,0.902436,1.000000,7.631531,0.864370,0.427727,-1,0.000000,0
69,0,5,2.454943,36.597198,0.902107,1.000000,7.631531,0.862390,0.603037,-1,0.000000,0
70,3,2,2.528521,36.787398,0.902810,1.000000,7.631531,0.860410,0.829383,-1,0.000000,0
71,0,3,2.452918,37.002164,0.902514,1.000000,7.631531,0.858430,0.625927,-1,0.000000,0
72,0,4,2.361005,36.943168,0.902569,1.000000,7.631531,0.856450,0.306220,-1,0.000000,0
73,1,6,2.193445,37.131341,0.902435,1.000000,7.631531,0.854470,0.522727,-1,0.000000,0
74,0,5,1.785853,37.453574,0.902599,1.000000,7.631531,0.852490,0.603494,-1,0.000000,0
75,0,2,2.671535,37.374883,0.902517,1.000000,7.631531,0.850510,0.974887,-1,0.000000,0
76,0,5,2.436139,37.516005,0.903207,1.000000,7.631531,0.848530,0.773113,-1,0.000000,0
77,1,7,2.270555,37.494863,0.902709,1.000000,7.631531,0.846550,0.558223,-1,0.000000,0
78,1,6,2.286288,37.647785,0.902185,1.000000,7.631531,0.844570,0.633326,-1,0.000000,0
79,0,4,2.116747,37.776004,0.902368,1.000000,7.631531,0.842590,0.317530,-1,0.000000,0
80,0,5,2.351556,37.563459,0.903202,1.000000,7.631531,0.840610,0.807176,-1,0.000000,0
81,3,2,2.541768,37.770015,0.902558,1.000000,7.631531,0.838630,1.182497,-1,0.000000,0
82,3,4,1.944076,37.989566,0.902869,1.000000,7.631531,0.836650,0.213351,-1,0.000000,0
83,1,0,2.618754,38.100943,0.902197,1.000000,7.631531,0.834670,0.840198,-1,0.000000,0
84,0,3,2.343723,38.098847,0.902852,1.000000,7.631531,0.832690,0.785212,-1,0.000000,0
85,1,0,2.335364,37.893268,0.902787,1.000000,7.631531,0.830710,0.888825,-1,0.000000,0
86,0,5,2.553453,37.936465,0.902934,1.000000,7.631531,0.828730,0.832336,-1,0.000000,0
87,1,1,2.501692,38.025326,0.902779,1.000000,7.631531,0.826750,1.039796,-1,0.000000,0
88,0,5,2.521075,38.091811,0.903044,1.000000,7.631531,0.824770,0.807294,-1,0.000000,0
89,0,4,2.179479,37.950884,0.902480,1.000000,7.631531,0.822790,0.340532,-1,0.000000,0
90,0,5,2.275814,37.811592,0.902496,1.000000,7.631531,0.820810,0.685110,-1,0.000000,0
91,2,6,2.230075,37.834198,0.902498,1.000000,7.631531,0.818830,0.649158,-1,0.000000,0
92,0,2,2.574507,37.857157,0.902593,1.000000,7.631531,0.816850,0.527647,-1,0.000000,0
93,0,3,2.790801,37.644546,0.902716,1.000000,7.631531,0.814870,0.989731,-1,0.000000,0
94,1,6,2.701708,37.839960,0.902109,1.000000,7.631531,0.812890,0.575876,-1,0.000000,0
95,0,3,2.413464,37.891573,0.902895,1.000000,7.631531,0.810910,0.961639,-1,0.000000,0
96,1,6,2.158997,37.896216,0.902688,1.000000,7.631531,0.808930,0.514702,-1,0.000000,0
97,3,3,2.230309,37.951001,0.902459,1.000000,7.631531,0.806950,0.798113,-1,0.000000,0
98,0,3,2.304137,38.077975,0.902750,1.000000,7.631531,0.804970,0.577006,-1,0.000000,0
99,3,2,2.133236,38.139396,0.902849,1.000000,7.631531,0.802990,0.499835,-1,0.000000,0
100,1,0,2.373414,38.491840,0.902845,1.000000,7.631531,0.801010,0.914325,-1,0.000000,0
101,1,6,2.395524,38.198550,0.902493,1.000000,7.631531,0.799030,0.437074,-1,0.000000,0
102,0,4,2.043458,38.078652,0.902612,1.000000,7.631531,0.797050,0.310285,-1,0.000000,0
103,0,3,2.796961,37.816432,0.902488,1.000000,7.631531,0.795070,0.525198,-1,0.000000,0
104,0,4,2.575550,37.741823,0.902542,1.000000,7.631531,0.793090,0.423219,-1,0.000000,0
105,0,2,2.267048,37.775009,0.902042,1.000000,7.631531,0.791110,0.478624,-1,0.000000,0
106,0,3,2.403408,37.733782,0.902480,1.000000,7.631531,0.789130,0.477288,-1,0.000000,0
107,1,6,2.264120,37.839259,0.902765,1.000000,7.631531,0.787150,0.399204,-1,0.000000,0
108,3,1,2.050409,37.700785,0.902784,1.000000,7.631531,0.785170,0.972925,-1,0.000000,0
109,1,0,2.424768,37.840115,0.902568,1.000000,7.631531,0.783190,0.746634,-1,0.000000,0
110,0,3,2.069580,37.684600,0.902538,1.000000,7.631531,0.781210,0.619186,-1,0.000000,0
111,0,4,2.616265,38.011991,0.902878,1.000000,7.631531,0.779230,0.519386,-1,0.000000,0
112,3,1,2.173415,38.227980,0.902562,1.000000,7.631531,0.777250,0.936076,-1,0.000000,0
113,0,5,2.348243,38.170857,0.902488,1.000000,7.631531,0.775270,0.359726,-1,0.000000,0
114,0,2,2.354028,38.160205,0.902738,1.000000,7.631531,0.773290,0.423847,-1,0.000000,0
115,3,2,2.298170,38.154623,0.902748,1.000000,7.631531,0.771310,0.424965,-1,0.000000,0
116,0,4,2.244747,38.101534,0.902829,1.000000,7.631531,0.769330,0.524418,-1,0.000000,0
117,1,6,2.551654,38.351009,0.902210,1.000000,7.631531,0.767350,0.452281,-1,0.000000,0
118,1,6,2.679159,38.481262,0.902845,1.000000,7.631531,0.765370,0.540987,-1,0.000000,0
119,0,3,2.316683,38.648424,0.902840,1.000000,7.631531,0.763390,0.529543,-1,0.000000,0
120,0,3,2.557713,38.438716,0.903173,1.000000,7.631531,0.761410,0.552450,-1,0.000000,0
121,3,2,2.559591,38.340125,0.902489,1.000000,7.631531,0.759430,0.477164,-1,0.000000,0
122,1,6,2.438035,38.402047,0.903101,1.000000,7.631531,0.757450,0.519148,-1,0.000000,0
123,1,7,2.536833,38.297576,0.902494,1.000000,7.631531,0.755470,0.418057,-1,0.000000,0
124,0,5,2.647132,38.205965,0.902638,1.000000,7.631531,0.753490,0.364004,-1,0.000000,0
125,0,2,2.018269,38.298477,0.902058,1.000000,7.631531,0.751510,0.433334,-1,0.000000,0
126,0,5,2.563730,38.092346,0.902523,1.000000,7.631531,0.749530,0.356509,-1,0.000000,0
127,0,4,2.695248,37.856436,0.902972,1.000000,7.631531,0.747550,0.527029,-1,0.000000,0
128,3,2,2.484930,38.097810,0.902419,1.000000,7.631531,0.745570,0.428998,-1,0.000000,0
129,0,5,2.270099,37.977329,0.902861,1.000000,7.631531,0.743590,0.404277,-1,0.000000,0
130,1,0,2.261851,38.035051,0.902571,1.000000,7.631531,0.741610,0.837791,-1,0.000000,0
131,0,4,2.247838,37.968725,0.902491,1.000000,7.631531,0.739630,0.561114,-1,0.000000,0
132,1,6,2.509053,37.674223,0.902505,1.000000,7.631531,0.737650,0.504645,-1,0.000000,0
133,1,1,2.277110,37.836268,0.902476,1.000000,7.631531,0.735670,0.586210,-1,0.000000,0
134,1,0,2.230180,37.983014,0.902500,1.000000,7.631531,0.733690,0.809546,-1,0.000000,0
135,0,4,2.478821,38.174848,0.902477,1.000000,7.631531,0.731710,0.477253,-1,0.000000,0
136,0,5,2.704502,38.123442,0.902815,1.000000,7.631531,0.729730,0.533620,-1,0.000000,0
137,3,4,2.087303,37.989353,0.902535,1.000000,7.631531,0.727750,0.582000,-1,0.000000,0
138,0,5,2.470458,38.223178,0.902954,1.000000,7.631531,0.725770,0.557032,-1,0.000000,0
139,0,3,1.925647,38.271518,0.902398,1.000000,7.631531,0.723790,0.614351,-1,0.000000,0
140,1,6,2.717528,38.211465,0.902906,1.000000,7.631531,0.721810,0.495031,-1,0.000000,0
141,0,3,2.815547,38.199387,0.902507,1.000000,7.631531,0.719830,0.628641,-1,0.000000,0
142,0,2,1.938037,38.267480,0.902163,1.000000,7.631531,0.717850,0.541012,-1,0.000000,0
143,2,6,2.299391,38.269576,0.902256,1.000000,7.631531,0.715870,0.412293,-1,0.000000,0
144,0,4,2.471334,38.207513,0.902098,1.000000,7.631531,0.713890,0.602843,-1,0.000000,0
145,0,5,2.531341,38.207414,0.902205,1.000000,7.631531,0.711910,0.488226,-1,0.000000,0
146,0,3,2.389243,38.188857,0.903024,1.000000,7.631531,0.709930,0.615028,-1,0.000000,0
147,0,5,2.340070,37.954410,0.902806,1.000000,7.631531,0.707950,0.455384,-1,0.000000,0
148,0,4,2.474244,37.971219,0.902799,1.000000,7.631531,0.705970,0.449738,-1,0.000000,0
149,0,5,2.753062,37.937565,0.902697,1.000000,7.631531,0.703990,0.410263,-1,0.000000,0
150,1,6,2.655339,37.790472,0.902570,1.000000,7.631531,0.702010,0.348538,-1,0.000000,0
151,0,3,2.356054,37.735611,0.902579,1.000000,7.631531,0.700030,0.663172,-1,0.000000,0
152,0,5,2.280360,37.580658,0.902532,1.000000,7.631531,0.698050,0.484915,-1,0.000000,0
153,0,3,2.360638,37.894900,0.902118,1.000000,7.631531,0.696070,0.594452,-1,0.000000,0
154,0,5,2.622246,37.961135,0.902165,1.000000,7.631531,0.694090,0.485524,-1,0.000000,0
155,0,4,2.520557,37.938373,0.902809,1.000000,7.631531,0.692110,0.416842,-1,0.000000,0
156,3,2,2.393005,37.854544,0.902831,1.000000,7.631531,0.690130,0.525484,-1,0.000000,0
157,0,5,2.687619,37.749902,0.902338,1.000000,7.631531,0.688150,0.440014,-1,0.000000,0
158,1,0,2.435657,37.711875,0.902842,1.000000,7.631531,0.686170,0.811919,-1,0.000000,0
159,1,1,2.248039,38.141567,0.902431,1.000000,7.631531,0.684190,0.547898,-1,0.000000,0
160,1,6,2.114987,38.085335,0.902462,1.000000,7.631531,0.682210,0.528483,-1,0.000000,0
161,0,5,2.219007,38.197952,0.902859,1.000000,7.631531,0.680230,0.448181,-1,0.000000,0
162,0,5,2.421331,38.427887,0.902406,1.000000,7.631531,0.678250,0.447181,-1,0.000000,0
163,1,6,2.469319,38.613106,0.902500,1.000000,7.631531,0.676270,0.556174,-1,0.000000,0
164,0,2,1.928424,38.756967,0.902503,1.000000,7.631531,0.674290,0.538286,-1,0.000000,0
165,0,5,2.293195,38.873024,0.902206,1.000000,7.631531,0.672310,0.497405,-1,0.000000,0
166,2,5,2.685041,38.679101,0.902543,1.000000,7.631531,0.670330,0.568791,-1,0.000000,0
167,3,1,2.788492,38.554445,0.902116,1.000000,7.631531,0.668350,0.664813,-1,0.000000,0
168,0,2,2.631625,38.588702,0.902089,1.000000,7.631531,0.666370,0.552854,-1,0.000000,0
169,0,5,2.296374,38.656218,0.902695,1.000000,7.631531,0.664390,0.447169,-1,0.000000,0
170,3,1,2.511338,38.634955,0.902823,1.000000,7.631531,0.662410,0.706795,-1,0.000000,0
171,3,1,2.502583,38.621500,0.902136,1.000000,7.631531,0.660430,0.716897,-1,0.000000,0
172,1,6,2.421800,38.489961,0.902846,1.000000,7.631531,0.658450,0.540976,-1,0.000000,0
173,1,1,2.204476,38.358640,0.902485,1.000000,7.631531,0.656470,0.714656,-1,0.000000,0
174,2,5,2.331437,38.346402,0.902906,1.000000,7.631531,0.654490,0.445670,-1,0.000000,0
175,1,0,2.929888,38.123330,0.902438,1.000000,7.631531,0.652510,0.810678,-1,0.000000,0
176,0,4,2.443428,38.456074,0.902848,1.000000,7.631531,0.650530,0.438244,-1,0.000000,0
177,0,5,2.697000,38.664646,0.903212,1.000000,7.631531,0.648550,0.518306,-1,0.000000,0
178,0,3,2.089453,38.895548,0.902873,1.000000,7.631531,0.646570,0.511656,-1,0.000000,0
179,0,3,2.308930,38.940118,0.902579,1.000000,7.631531,0.644590,0.533980,-1,0.000000,0
180,1,0,2.706493,39.124435,0.902958,1.000000,7.631531,0.642610,0.833161,-1,0.000000,0
181,0,4,2.620696,39.098138,0.902146,1.000000,7.631531,0.640630,0.525658,-1,0.000000,0
182,0,3,2.270197,39.058331,0.902590,1.000000,7.631531,0.638650,0.422719,-1,0.000000,0
183,0,2,2.423521,39.111878,0.902861,1.000000,7.631531,0.636670,0.568699,-1,0.000000,0
184,1,1,2.632322,39.453947,0.902119,1.000000,7.631531,0.634690,0.864244,-1,0.000000,0
185,1,0,2.096598,39.447755,0.902538,1.000000,7.631531,0.632710,0.799022,-1,0.000000,0
186,1,7,2.352948,39.284381,0.902801,1.000000,7.631531,0.630730,0.282838,-1,0.000000,0
187,0,5,2.436571,39.261884,0.902863,1.000000,7.631531,0.628750,0.426522,-1,0.000000,0
188,0,5,2.475897,39.513922,0.902740,1.000000,7.631531,0.626770,0.531155,-1,0.000000,0
189,2,5,2.423583,39.688042,0.902121,1.000000,7.631531,0.624790,0.597638,-1,0.000000,0
190,0,5,2.666645,39.847160,0.902409,1.000000,7.631531,0.622810,0.661403,-1,0.000000,0
191,1,6,2.281170,39.651400,0.902884,1.000000,7.631531,0.620830,0.648587,-1,0.000000,0
192,0,2,1.935686,39.818151,0.902712,1.000000,7.631531,0.618850,0.530904,-1,0.000000,0
193,3,1,2.745393,39.545326,0.902410,1.000000,7.631531,0.616870,0.951293,-1,0.000000,0
194,1,1,2.674939,39.409950,0.902451,1.000000,7.631531,0.614890,0.797262,-1,0.000000,0
195,1,7,2.569045,39.247054,0.902937,1.000000,7.631531,0.612910,0.459089,-1,0.000000,0
196,0,2,2.275128,39.268171,0.902903,1.000000,7.631531,0.610930,0.546624,-1,0.000000,0
197,0,4,2.197399,38.931834,0.902485,1.000000,7.631531,0.608950,0.712379,-1,0.000000,0
198,0,4,2.617502,39.031892,0.902467,1.000000,7.631531,0.606970,0.741464,-1,0.000000,0
199,0,4,1.925894,39.066310,0.902807,1.000000,7.631531,0.604990,0.789948,0,0.025436,8
200,0,4,2.368412,39.241643,0.902812,1.000000,7.631531,0.603010,0.800538,0,0.025436,8
201,0,4,2.786063,39.113156,0.902526,1.000000,7.631531,0.601030,0.681072,0,0.025436,8
202,0,5,2.515388,39.017697,0.903165,1.000000,7.631531,0.599050,0.393844,0,0.025436,8
203,0,5,2.682803,38.896364,0.902460,1.000000,7.631531,0.597070,0.394374,0,0.025436,8
204,1,0,2.231420,39.020979,0.902634,1.000000,7.631531,0.595090,0.520249,0,0.025436,8
205,3,1,2.003464,39.140234,0.902062,1.000000,7.631531,0.593110,0.769971,0,0.025436,8
206,0,5,2.574063,39.310069,0.902279,1.000000,7.631531,0.591130,0.335185,0,0.025436,8
207,0,2,2.673902,39.343503,0.903009,1.000000,7.631531,0.589150,0.616364,0,0.025436,8
208,0,4,2.515034,39.330122,0.902671,1.000000,7.631531,0.587170,0.657613,0,0.025436,8
209,0,4,2.447442,39.156651,0.902633,1.000000,7.631531,0.585190,0.692969,0,0.025436,8
210,1,7,2.229487,38.925110,0.902464,1.000000,7.631531,0.583210,0.433642,0,0.025436,8
211,0,4,2.659185,38.989885,0.902533,1.000000,7.631531,0.581230,0.687974,0,0.025436,8
212,0,5,2.374722,38.871940,0.902512,1.000000,7.631531,0.579250,0.365837,0,0.025436,8
213,0,4,2.613374,39.052867,0.902613,1.000000,7.631531,0.577270,0.681697,0,0.025436,8
214,1,6,2.635495,39.185630,0.902530,1.000000,7.631531,0.575290,0.402378,0,0.025436,8
215,1,1,2.098526,39.195760,0.902250,1.000000,7.631531,0.573310,0.831010,0,0.025436,8
216,3,1,2.278583,38.936890,0.902497,1.000000,7.631531,0.571330,0.837728,0,0.025436,8
217,1,1,2.864491,38.839460,0.902778,1.000000,7.631531,0.569350,0.862059,0,0.025436,8
218,0,3,2.363008,38.681626,0.902446,1.000000,7.631531,0.567370,0.503472,0,0.025436,8
219,1,1,2.436537,38.792756,0.902502,1.000000,7.631531,0.565390,0.867586,0,0.025436,8
220,0,5,2.633216,38.639330,0.902482,1.000000,7.631531,0.563410,0.411122,0,0.025436,8
221,3,1,2.607918,38.415566,0.902076,1.000000,7.631531,0.561430,0.821666,0,0.025436,8
222,1,0,1.983764,38.250377,0.902475,1.000000,7.631531,0.559450,0.719806,0,0.025436,8
223,1,6,1.937117,38.333684,0.902578,1.000000,7.631531,0.557470,0.699489,0,0.025436,8
224,0,2,2.207645,38.087638,0.902438,1.000000,7.631531,0.555490,0.670566,0,0.025436,8
225,0,4,2.735100,38.206143,0.902539,1.000000,7.631531,0.553510,0.570480,0,0.025436,8
226,1,1,2.154845,38.150302,0.902901,1.000000,7.631531,0.551530,0.996365,0,0.025436,8
227,3,2,2.847978,38.013659,0.902508,1.000000,7.631531,0.549550,0.651623,0,0.025436,8
228,3,1,2.681801,38.016828,0.902214,1.000000,7.631531,0.547570,0.911320,0,0.025436,8
229,3,1,2.477953,38.410622,0.902769,1.000000,7.631531,0.545590,0.743406,0,0.025436,8
230,0,4,2.533182,38.315475,0.903007,1.000000,7.631531,0.543610,0.830056,0,0.025436,8
231,1,7,2.624596,38.198982,0.902539,1.000000,7.631531,0.541630,0.397496,0,0.025436,8
232,1,1,2.425909,38.259391,0.903120,1.000000,7.631531,0.539650,0.753728,0,0.025436,8
233,0,4,2.661041,38.434193,0.902809,1.000000,7.631531,0.537670,0.678809,0,0.025436,8
234,0,5,2.257176,38.313229,0.902959,1.000000,7.631531,0.535690,0.568937,0,0.025436,8
235,0,3,2.326188,38.279317,0.902655,1.000000,7.631531,0.533710,0.591848,0,0.025436,8
236,0,5,2.570168,38.112151,0.902120,1.000000,7.631531,0.531730,0.550372,0,0.025436,8
237,1,0,2.546502,38.178720,0.902837,1.000000,7.631531,0.529750,0.658061,0,0.025436,8
238,1,6,2.327428,37.990237,0.902399,1.000000,7.631531,0.527770,0.795460,0,0.025436,8
239,0,3,2.271770,38.170152,0.902506,1.000000,7.631531,0.525790,0.652265,0,0.025436,8
240,2,5,2.555450,38.015178,0.902217,1.000000,7.631531,0.523810,0.525798,0,0.025436,8
241,1,1,2.310903,38.075638,0.902016,1.000000,7.631531,0.521830,0.821590,0,0.025436,8
242,3,2,2.462444,38.132050,0.902202,1.000000,7.631531,0.519850,0.493289,0,0.025436,8
243,0,3,2.494851,38.103694,0.902722,1.000000,7.631531,0.517870,0.445834,0,0.025436,8
244,0,2,2.514240,38.123968,0.902584,1.000000,7.631531,0.515890,0.474000,0,0.025436,8
245,1,1,2.740543,37.978743,0.902508,1.000000,7.631531,0.513910,0.801087,0,0.025436,8
246,1,1,2.339490,37.789983,0.902577,1.000000,7.631531,0.511930,0.578954,0,0.025436,8
247,0,2,2.699996,37.699402,0.902242,1.000000,7.631531,0.509950,0.298520,0,0.025436,8
248,1,6,2.556678,38.020755,0.903177,1.000000,7.631531,0.507970,0.713789,0,0.025436,8
249,1,0,2.672013,38.094341,0.902086,1.000000,7.631531,0.505990,0.637026,0,0.025436,8
250,1,0,2.360105,37.999203,0.902475,1.000000,7.631531,0.504010,0.693707,0,0.025436,8
251,0,4,2.553682,37.849033,0.902837,1.000000,7.631531,0.502030,0.573275,0,0.025436,8
252,0,3,2.350684,37.888226,0.902773,1.000000,7.631531,0.500050,0.420612,0,0.025436,8
253,0,5,2.580468,37.972977,0.902839,1.000000,7.631531,0.498070,0.619692,0,0.025436,8
254,0,5,2.633620,37.732507,0.902859,1.000000,7.631531,0.496090,0.531341,0,0.025436,8
255,0,5,2.344845,37.842762,0.902124,1.000000,7.631531,0.494110,0.478102,0,0.025436,8
256,2,6,2.550803,37.794705,0.902839,1.000000,7.631531,0.492130,0.567889,0,0.025436,8
257,3,2,2.312779,37.673856,0.902862,1.000000,7.631531,0.490150,0.373614,0,0.025436,8
258,1,0,2.142440,37.891015,0.902638,1.000000,7.631531,0.488170,0.793065,0,0.025436,8
259,2,6,2.337715,37.951729,0.902809,1.000000,7.631531,0.486190,0.524018,0,0.025436,8
260,1,7,2.535262,37.675734,0.902670,1.000000,7.631531,0.484210,0.617200,0,0.025436,8
261,0,3,2.366660,37.488054,0.902502,1.000000,7.631531,0.482230,0.497746,0,0.025436,8
262,0,4,2.405883,37.679388,0.902490,1.000000,7.631531,0.480250,0.617124,0,0.025436,8
263,1,7,2.767264,37.906871,0.902826,1.000000,7.631531,0.478270,0.543374,0,0.025436,8
264,0,5,2.331175,37.978704,0.902981,1.000000,7.631531,0.476290,0.584613,0,0.025436,8
265,2,6,2.357807,37.839795,0.903176,1.000000,7.631531,0.474310,0.330729,0,0.025436,8
266,1,7,2.443096,37.964880,0.902436,1.000000,7.631531,0.472330,0.588754,0,0.025436,8
267,1,6,2.677478,37.820904,0.902369,1.000000,7.631531,0.470350,0.253667,0,0.025436,8
268,0,3,2.451423,37.913601,0.902084,1.000000,7.631531,0.468370,0.501039,0,0.025436,8
269,0,3,2.262305,37.824790,0.902437,1.000000,7.631531,0.466390,0.504141,0,0.025436,8
270,1,1,2.572471,37.627024,0.902582,1.000000,7.631531,0.464410,0.439552,0,0.025436,8
271,1,6,2.633804,37.549584,0.902109,1.000000,7.631531,0.462430,0.241310,0,0.025436,8
272,1,0,2.417330,37.300919,0.903003,1.000000,7.631531,0.460450,0.808859,0,0.025436,8
273,0,3,2.512913,37.287222,0.902335,1.000000,7.631531,0.458470,0.478857,0,0.025436,8
274,0,4,2.743135,37.446010,0.902562,1.000000,7.631531,0.456490,0.740078,0,0.025436,8
275,1,0,2.252205,37.422883,0.902130,1.000000,7.631531,0.454510,0.874622,0,0.025436,8
276,1,7,2.427338,37.387717,0.903073,1.000000,7.631531,0.452530,0.623961,0,0.025436,8
277,0,5,2.472755,37.365429,0.903410,1.000000,7.631531,0.450550,0.502929,0,0.025436,8
278,0,5,2.349459,37.638323,0.902473,1.000000,7.631531,0.448570,0.662985,0,0.025436,8
279,0,2,2.222569,37.906058,0.902484,1.000000,7.631531,0.446590,0.438644,0,0.025436,8
280,3,5,2.870303,37.746498,0.902958,1.000000,7.631531,0.444610,0.728591,0,0.025436,8
281,0,4,2.583274,37.955273,0.902491,1.000000,7.631531,0.442630,0.531569,0,0.025436,8
282,1,6,2.528501,37.996269,0.902755,1.000000,7.631531,0.440650,0.258852,0,0.025436,8
283,1,0,2.586161,38.192599,0.902821,1.000000,7.631531,0.438670,0.738853,0,0.025436,8
284,0,5,2.702085,38.120843,0.902778,1.000000,7.631531,0.436690,0.754805,0,0.025436,8
285,0,3,2.333771,38.218373,0.902404,1.000000,7.631531,0.434710,0.488363,0,0.025436,8
286,1,0,2.285770,38.365959,0.902571,1.000000,7.631531,0.432730,0.735653,0,0.025436,8
287,1,1,2.149247,38.334641,0.902885,1.000000,7.631531,0.430750,0.500724,0,0.025436,8
288,0,3,2.376538,38.797386,0.902052,1.000000,7.631531,0.428770,0.426498,0,0.025436,8
289,0,2,2.236387,38.851377,0.902192,1.000000,7.631531,0.426790,0.406032,0,0.025436,8
290,1,7,2.412545,39.029403,0.902791,1.000000,7.631531,0.424810,0.511865,0,0.025436,8
291,3,2,2.666020,39.153811,0.902790,1.000000,7.631531,0.422830,0.598922,0,0.025436,8
292,0,4,2.990799,39.168141,0.902488,1.000000,7.631531,0.420850,0.891290,0,0.025436,8
293,1,6,2.675087,38.970005,0.902512,1.000000,7.631531,0.418870,0.660979,0,0.025436,8
294,1,0,2.279416,38.777586,0.902840,1.000000,7.631531,0.416890,0.696568,0,0.025436,8
295,0,2,2.773162,38.755952,0.903240,1.000000,7.631531,0.414910,0.731475,0,0.025436,8
296,0,5,2.635306,38.749368,0.902190,1.000000,7.631531,0.412930,0.782499,0,0.025436,8
297,1,1,2.172306,38.658952,0.902733,1.000000,7.631531,0.410950,0.528773,0,0.025436,8
298,0,5,2.242187,38.472060,0.902782,1.000000,7.631531,0.408970,0.934896,0,0.025436,8
299,1,0,2.140114,38.701562,0.903018,1.000000,7.631531,0.406990,0.665713,0,0.025436,8
300,1,7,2.350308,38.486545,0.902581,1.000000,7.631531,0.405010,0.477817,0,0.025436,8
301,0,5,2.379497,38.526786,0.902857,1.000000,7.631531,0.403030,0.918965,0,0.025436,8
302,3,2,2.761942,38.823750,0.903129,1.000000,7.631531,0.401050,0.749287,0,0.025436,8
303,1,7,2.721176,39.068179,0.902674,1.000000,7.631531,0.399070,0.644679,0,0.025436,8
304,0,4,2.397986,38.958267,0.902791,1.000000,7.631531,0.397090,0.809087,0,0.025436,8
305,0,3,2.680571,38.950625,0.902833,1.000000,7.631531,0.395110,0.622376,0,0.025436,8
306,0,4,2.525097,38.915230,0.902505,1.000000,7.631531,0.393130,0.789679,0,0.025436,8
307,0,3,2.153945,38.661605,0.902957,1.000000,7.631531,0.391150,0.620973,0,0.025436,8
308,2,5,2.399405,38.690420,0.902462,1.000000,7.631531,0.389170,0.681179,0,0.025436,8
309,0,4,2.677258,38.726602,0.902478,1.000000,7.631531,0.387190,0.745849,0,0.025436,8
310,3,3,2.229927,38.642858,0.902411,1.000000,7.631531,0.385210,0.609522,0,0.025436,8
311,2,5,2.786434,38.698620,0.902389,1.000000,7.631531,0.383230,0.594577,0,0.025436,8
312,1,6,2.462671,38.720649,0.902563,1.000000,7.631531,0.381250,0.802358,0,0.025436,8
313,0,4,2.565429,38.591922,0.902452,1.000000,7.631531,0.379270,0.637323,0,0.025436,8
314,1,6,2.513595,38.716499,0.902056,1.000000,7.631531,0.377290,0.759272,0,0.025436,8
315,0,5,2.643984,38.882300,0.902766,1.000000,7.631531,0.375310,0.559596,0,0.025436,8
316,0,3,2.096933,38.692242,0.902364,1.000000,7.631531,0.373330,0.573124,0,0.025436,8
317,1,6,2.483962,38.631918,0.903151,1.000000,7.631531,0.371350,0.742418,0,0.025436,8
318,0,4,2.313264,38.629800,0.902807,1.000000,7.631531,0.369370,0.516288,0,0.025436,8
319,0,3,2.362883,38.611046,0.902415,1.000000,7.631531,0.367390,0.520965,0,0.025436,8
320,0,5,2.816803,38.228401,0.902450,1.000000,7.631531,0.365410,0.449990,0,0.025436,8
321,0,4,2.924896,38.247544,0.902793,1.000000,7.631531,0.363430,0.492780,0,0.025436,8
322,2,5,2.598172,38.185174,0.902779,1.000000,7.631531,0.361450,0.526166,0,0.025436,8
323,0,4,2.391610,38.171921,0.902797,1.000000,7.631531,0.359470,0.495300,0,0.025436,8
324,0,2,2.295194,38.585553,0.902069,1.000000,7.631531,0.357490,0.682057,0,0.025436,8
325,0,5,2.560017,38.608818,0.902410,1.000000,7.631531,0.355510,0.448871,0,0.025436,8
326,0,3,2.842630,38.492628,0.902935,1.000000,7.631531,0.353530,0.549459,0,0.025436,8
327,1,6,1.975987,38.398756,0.902456,1.000000,7.631531,0.351550,0.809917,0,0.025436,8
328,1,7,2.561336,38.453373,0.902333,1.000000,7.631531,0.349570,0.705589,0,0.025436,8
329,1,6,2.675962,38.803294,0.902417,1.000000,7.631531,0.347590,0.814874,0,0.025436,8
330,3,2,2.102511,38.921189,0.902454,1.000000,7.631531,0.345610,0.710203,0,0.025436,8
331,2,5,2.652311,39.105582,0.902111,1.000000,7.631531,0.343630,0.515315,0,0.025436,8
332,2,5,2.307897,38.925550,0.902421,1.000000,7.631531,0.341650,0.535437,0,0.025436,8
333,3,2,2.701629,39.086788,0.903273,1.000000,7.631531,0.339670,0.777793,0,0.025436,8
334,1,6,2.488083,38.975647,0.902119,1.000000,7.631531,0.337690,0.627928,0,0.025436,8
335,1,7,2.490597,38.608659,0.902477,1.000000,7.631531,0.335710,0.840594,0,0.025436,8
336,0,4,2.662368,38.960479,0.902467,1.000000,7.631531,0.333730,0.523049,0,0.025436,8
337,0,5,2.848120,39.265911,0.902397,1.000000,7.631531,0.331750,0.592029,0,0.025436,8
338,0,4,2.307750,39.244977,0.902258,1.000000,7.631531,0.329770,0.446650,0,0.025436,8
339,1,7,2.458988,39.530380,0.902760,1.000000,7.631531,0.327790,0.837056,0,0.025436,8
340,3,1,2.630336,39.606231,0.902437,1.000000,7.631531,0.325810,0.690867,0,0.025436,8
341,0,3,2.549605,39.613305,0.902786,1.000000,7.631531,0.323830,0.631577,0,0.025436,8
342,0,4,2.424717,39.378440,0.902098,1.000000,7.631531,0.321850,0.449574,0,0.025436,8
343,0,3,2.480191,39.301474,0.902398,1.000000,7.631531,0.319870,0.637034,0,0.025436,8
344,0,5,2.437590,39.333262,0.902880,1.000000,7.631531,0.317890,0.533273,0,0.025436,8
345,1,1,2.654164,39.193145,0.902043,1.000000,7.631531,0.315910,0.779025,0,0.025436,8
346,2,5,2.310554,39.176599,0.902874,1.000000,7.631531,0.313930,0.539003,0,0.025436,8
347,0,3,2.774452,39.337442,0.902466,1.000000,7.631531,0.311950,0.723237,0,0.025436,8
348,0,4,2.655515,39.518246,0.902430,1.000000,7.631531,0.309970,0.457318,0,0.025436,8
349,0,5,2.139042,39.583293,0.902830,1.000000,7.631531,0.307990,0.439404,0,0.025436,8
350,1,6,2.438685,39.750820,0.902814,1.000000,7.631531,0.306010,0.672524,0,0.025436,8
351,0,4,2.415229,39.803592,0.902492,1.000000,7.631531,0.304030,0.439205,0,0.025436,8
352,0,2,2.827150,40.112681,0.902797,1.000000,7.631531,0.302050,0.990924,0,0.025436,8
353,0,3,2.783614,40.334009,0.902303,1.000000,7.631531,0.300070,0.828017,0,0.025436,8
354,0,4,2.619507,40.267457,0.902439,1.000000,7.631531,0.298090,0.666643,0,0.025436,8
355,1,7,2.684791,40.359087,0.902460,1.000000,7.631531,0.296110,1.051064,0,0.025436,8
356,0,4,2.392992,40.203048,0.902301,1.000000,7.631531,0.294130,0.598587,0,0.025436,8
357,0,4,2.737987,40.415389,0.902640,1.000000,7.631531,0.292150,0.677866,0,0.025436,8
358,1,7,2.615115,40.626028,0.902608,1.000000,7.631531,0.290170,1.194318,0,0.025436,8
359,1,6,2.548369,40.606516,0.902425,1.000000,7.631531,0.288190,0.874788,0,0.025436,8
360,0,4,2.554731,40.545645,0.902517,1.000000,7.631531,0.286210,0.659636,0,0.025436,8
361,0,2,2.468148,40.442199,0.902153,1.000000,7.631531,0.284230,1.224130,0,0.025436,8
362,1,6,2.792278,40.438583,0.902512,1.000000,7.631531,0.282250,0.771726,0,0.025436,8
363,0,2,2.433516,40.425839,0.902826,1.000000,7.631531,0.280270,1.053817,0,0.025436,8
364,0,2,2.406783,40.714877,0.902623,1.000000,7.631531,0.278290,0.968619,0,0.025436,8
365,0,4,2.707641,40.586242,0.902808,1.000000,7.631531,0.276310,0.733030,0,0.025436,8
366,0,3,2.796099,40.464965,0.902521,1.000000,7.631531,0.274330,1.002245,0,0.025436,8
367,1,7,2.365073,40.791037,0.902545,1.000000,7.631531,0.272350,0.969572,0,0.025436,8
368,0,3,2.447428,40.854990,0.902214,1.000000,7.631531,0.270370,0.882650,0,0.025436,8
369,3,3,2.311216,40.492807,0.902420,1.000000,7.631531,0.268390,0.862472,0,0.025436,8
370,0,4,2.409251,40.543053,0.902408,1.000000,7.631531,0.266410,0.529309,0,0.025436,8
371,1,6,2.708282,40.260724,0.902337,1.000000,7.631531,0.264430,0.811624,0,0.025436,8
372,0,3,2.253129,40.272369,0.902873,1.000000,7.631531,0.262450,0.773295,0,0.025436,8
373,0,4,2.125249,40.559376,0.902801,1.000000,7.631531,0.260470,0.565812,0,0.025436,8
374,0,4,2.699267,40.606913,0.903029,1.000000,7.631531,0.258490,0.599818,0,0.025436,8
375,1,1,2.323481,40.440710,0.902134,1.000000,7.631531,0.256510,0.866390,0,0.025436,8
376,0,2,2.658979,40.540012,0.902209,1.000000,7.631531,0.254530,0.835184,0,0.025436,8
377,0,4,2.292833,40.635535,0.902822,1.000000,7.631531,0.252550,0.497305,0,0.025436,8
378,0,4,2.566669,40.512793,0.902633,1.000000,7.631531,0.250570,0.500247,0,0.025436,8
379,2,6,2.467128,40.625969,0.902450,1.000000,7.631531,0.248590,0.476582,0,0.025436,8
380,0,4,2.515803,40.759422,0.902981,1.000000,7.631531,0.246610,0.448929,0,0.025436,8
381,2,6,2.546093,40.652142,0.902543,1.000000,7.631531,0.244630,0.398644,0,0.025436,8
382,0,4,2.591986,40.480178,0.902812,1.000000,7.631531,0.242650,0.412113,0,0.025436,8
383,0,5,2.640914,40.365326,0.902701,1.000000,7.631531,0.240670,0.605898,0,0.025436,8
384,1,0,2.562368,40.379123,0.902815,1.000000,7.631531,0.238690,0.881448,0,0.025436,8
385,0,5,2.343722,40.141666,0.902463,1.000000,7.631531,0.236710,0.459673,0,0.025436,8
386,0,3,2.440607,39.901884,0.902374,1.000000,7.631531,0.234730,0.721957,0,0.025436,8
387,1,7,2.355739,39.823974,0.902082,1.000000,7.631531,0.232750,0.938979,0,0.025436,8
388,0,5,2.361945,39.699233,0.902807,1.000000,7.631531,0.230770,0.398749,0,0.025436,8
389,0,4,2.532508,39.472204,0.902832,1.000000,7.631531,0.228790,0.524513,0,0.025436,8
390,1,0,1.955969,39.554561,0.902457,1.000000,7.631531,0.226810,0.879691,0,0.025436,8
391,0,5,2.517040,39.736893,0.902920,1.000000,7.631531,0.224830,0.395075,0,0.025436,8
392,0,5,2.595435,39.749620,0.902613,1.000000,7.631531,0.222850,0.385146,0,0.025436,8
393,0,5,2.836193,39.775674,0.902511,1.000000,7.631531,0.220870,0.348031,0,0.025436,8
394,1,6,2.587708,39.643473,0.902770,1.000000,7.631531,0.218890,0.677942,0,0.025436,8
395,1,6,2.596926,39.596839,0.902090,1.000000,7.631531,0.216910,0.543136,0,0.025436,8
396,3,4,2.086293,39.532865,0.902404,1.000000,7.631531,0.214930,0.751007,0,0.025436,8
397,1,7,2.290709,39.548513,0.902753,1.000000,7.631531,0.212950,0.775050,0,0.025436,8
398,1,7,2.333084,39.622293,0.902481,1.000000,7.631531,0.210970,0.783181,0,0.025436,8
399,2,5,2.340361,39.888606,0.902718,1.000000,7.631531,0.208990,0.426333,1,0.012723,8
400,1,6,2.720888,39.726801,0.902314,1.000000,7.631531,0.207010,0.515807,1,0.012723,8
401,1,1,2.734315,39.776063,0.902852,1.000000,7.631531,0.205030,0.947978,1,0.012723,8
402,0,4,2.621056,39.694184,0.902760,1.000000,7.631531,0.203050,0.778616,1,0.012723,8
403,1,0,2.359115,39.637648,0.902673,1.000000,7.631531,0.201070,0.815379,1,0.012723,8
404,1,6,2.724283,39.459673,0.902891,1.000000,7.631531,0.199090,0.523513,1,0.012723,8
405,0,5,2.459874,39.151346,0.902895,1.000000,7.631531,0.197110,0.430772,1,0.012723,8
406,1,6,2.489919,39.266496,0.902142,1.000000,7.631531,0.195130,0.522013,1,0.012723,8
407,1,7,2.359140,39.419423,0.902122,1.000000,7.631531,0.193150,0.803972,1,0.012723,8
408,0,3,2.473517,39.378560,0.903104,1.000000,7.631531,0.191170,0.602364,1,0.012723,8
409,0,5,2.221925,39.598134,0.902494,1.000000,7.631531,0.189190,0.627244,1,0.012723,8
410,2,6,2.105835,39.752838,0.902409,1.000000,7.631531,0.187210,0.486579,1,0.012723,8
411,1,6,2.150556,39.496980,0.902173,1.000000,7.631531,0.185230,0.526805,1,0.012723,8
412,0,4,2.579863,39.355100,0.902430,1.000000,7.631531,0.183250,0.764314,1,0.012723,8
413,2,5,2.389181,39.475612,0.902784,1.000000,7.631531,0.181270,0.707176,1,0.012723,8
414,1,0,2.276073,39.431887,0.902199,1.000000,7.631531,0.179290,0.670852,1,0.012723,8
415,2,6,2.791341,39.574542,0.902801,1.000000,7.631531,0.177310,0.555624,1,0.012723,8
416,3,1,2.259863,39.501159,0.902453,1.000000,7.631531,0.175330,0.916684,1,0.012723,8
417,1,6,2.468432,39.696351,0.902804,1.000000,7.631531,0.173350,0.540279,1,0.012723,8
418,1,0,2.382102,39.654296,0.902136,1.000000,7.631531,0.171370,0.599368,1,0.012723,8
419,3,1,2.160779,39.624516,0.902381,1.000000,7.631531,0.169390,0.852628,1,0.012723,8
420,0,3,2.463334,39.524685,0.902464,1.000000,7.631531,0.167410,0.521999,1,0.012723,8
421,0,4,2.736492,39.551003,0.902835,1.000000,7.631531,0.165430,0.669307,1,0.012723,8
422,2,5,1.824124,39.543012,0.902489,1.000000,7.631531,0.163450,0.587492,1,0.012723,8
423,1,0,2.329856,39.585342,0.902443,1.000000,7.631531,0.161470,0.596023,1,0.012723,8
424,0,3,2.641744,39.620696,0.903210,1.000000,7.631531,0.159490,0.516804,1,0.012723,8
425,0,4,2.594059,39.560544,0.902604,1.000000,7.631531,0.157510,0.646969,1,0.012723,8
426,0,4,2.570340,39.607065,0.902012,1.000000,7.631531,0.155530,0.611562,1,0.012723,8
427,1,0,2.191489,39.273557,0.902839,1.000000,7.631531,0.153550,0.644131,1,0.012723,8
428,0,4,2.995218,39.273122,0.902783,1.000000,7.631531,0.151570,0.516104,1,0.012723,8
429,0,4,2.400848,39.109666,0.902822,1.000000,7.631531,0.149590,0.402366,1,0.012723,8
430,1,1,2.666662,39.003431,0.902171,1.000000,7.631531,0.147610,0.855056,1,0.012723,8
431,2,5,2.814959,39.011885,0.902903,1.000000,7.631531,0.145630,0.560620,1,0.012723,8
432,0,4,2.242788,39.115543,0.902827,1.000000,7.631531,0.143650,0.481536,1,0.012723,8
433,3,1,2.227957,39.202784,0.902368,1.000000,7.631531,0.141670,0.719504,1,0.012723,8
434,0,5,2.615555,38.992582,0.903264,1.000000,7.631531,0.139690,0.553363,1,0.012723,8
435,0,4,2.047162,39.235174,0.902820,1.000000,7.631531,0.137710,0.704832,1,0.012723,8
436,0,2,2.663261,39.419159,0.902439,1.000000,7.631531,0.135730,0.575872,1,0.012723,8
437,0,4,2.231156,39.236698,0.902087,1.000000,7.631531,0.133750,0.706517,1,0.012723,8
438,1,0,2.655813,39.186530,0.902798,1.000000,7.631531,0.131770,0.303303,1,0.012723,8
439,1,1,2.472984,39.339793,0.902023,1.000000,7.631531,0.129790,0.639170,1,0.012723,8
440,1,6,2.177163,39.432738,0.902070,1.000000,7.631531,0.127810,0.674994,1,0.012723,8
441,2,6,2.997377,39.212788,0.902041,1.000000,7.631531,0.125830,0.651444,1,0.012723,8
442,0,2,2.060667,39.374067,0.902879,1.000000,7.631531,0.123850,0.891323,1,0.012723,8
443,0,5,2.400348,39.510362,0.902434,1.000000,7.631531,0.121870,0.438152,1,0.012723,8
444,1,7,2.307259,39.439850,0.902084,1.000000,7.631531,0.119890,0.547542,1,0.012723,8
445,3,2,2.512235,39.299238,0.902562,1.000000,7.631531,0.117910,0.744870,1,0.012723,8
446,1,6,2.191965,39.397114,0.902184,1.000000,7.631531,0.115930,0.650395,1,0.012723,8
447,0,4,2.371474,39.249024,0.902482,1.000000,7.631531,0.113950,0.378580,1,0.012723,8
448,3,4,2.231312,39.239976,0.902044,1.000000,7.631531,0.111970,0.392260,1,0.012723,8
449,0,4,2.484884,39.142745,0.902823,1.000000,7.631531,0.109990,0.392294,1,0.012723,8
450,0,3,2.334027,39.085499,0.902106,1.000000,7.631531,0.108010,0.379916,1,0.012723,8
451,1,7,2.147192,39.010853,0.902729,1.000000,7.631531,0.106030,0.691187,1,0.012723,8
452,1,7,2.568121,39.289914,0.902133,1.000000,7.631531,0.104050,0.685518,1,0.012723,8
453,0,3,2.439589,39.123204,0.902483,1.000000,7.631531,0.102070,0.404901,1,0.012723,8
454,0,2,2.473688,39.152328,0.902713,1.000000,7.631531,0.100090,0.753383,1,0.012723,8
455,2,5,2.449013,38.916937,0.902050,1.000000,7.631531,0.098110,0.420267,1,0.012723,8
456,0,5,2.819619,38.989298,0.902778,1.000000,7.631531,0.096130,0.612198,1,0.012723,8
457,1,7,2.581569,39.062941,0.902425,1.000000,7.631531,0.094150,0.545030,1,0.012723,8
458,0,5,1.884048,39.275069,0.902640,1.000000,7.631531,0.092170,0.694818,1,0.012723,8
459,0,2,2.076420,39.518826,0.902500,1.000000,7.631531,0.090190,0.722123,1,0.012723,8
460,0,3,2.398385,39.426646,0.903213,1.000000,7.631531,0.088210,0.506215,1,0.012723,8
461,0,4,2.659747,39.745864,0.902834,1.000000,7.631531,0.086230,0.540704,1,0.012723,8
462,0,4,2.696491,39.788331,0.902079,1.000000,7.631531,0.084250,0.600403,1,0.012723,8
463,3,2,2.513393,40.170376,0.902894,1.000000,7.631531,0.082270,0.730595,1,0.012723,8
464,0,3,2.593087,40.156546,0.902519,1.000000,7.631531,0.080290,0.553063,1,0.012723,8
465,1,0,2.484756,40.274693,0.902447,1.000000,7.631531,0.078310,0.547830,1,0.012723,8
466,1,7,2.691439,40.563280,0.902852,1.000000,7.631531,0.076330,0.795138,1,0.012723,8
467,0,4,2.631926,40.452409,0.903099,1.000000,7.631531,0.074350,0.808240,1,0.012723,8
468,0,3,2.865318,40.499609,0.902819,1.000000,7.631531,0.072370,0.708365,1,0.012723,8
469,0,5,2.372235,40.834107,0.902946,1.000000,7.631531,0.070390,0.912771,1,0.012723,8
470,0,4,2.442640,40.710604,0.902217,1.000000,7.631531,0.068410,0.890861,1,0.012723,8
471,1,7,2.477478,40.377322,0.902459,1.000000,7.631531,0.066430,0.871648,1,0.012723,8
472,2,6,2.249881,40.337808,0.902441,1.000000,7.631531,0.064450,0.649716,1,0.012723,8
473,0,4,2.473540,40.279028,0.902551,1.000000,7.631531,0.062470,0.786449,1,0.012723,8
474,0,5,2.814229,40.205022,0.902862,1.000000,7.631531,0.060490,1.225346,1,0.012723,8
475,0,3,2.291865,39.812124,0.902843,1.000000,7.631531,0.058510,0.717605,1,0.012723,8
476,1,0,2.779318,39.867978,0.902944,1.000000,7.631531,0.056530,0.660932,1,0.012723,8
477,0,4,2.825141,39.691456,0.902811,1.000000,7.631531,0.054550,0.785171,1,0.012723,8
478,0,5,2.827690,39.581061,0.903238,1.000000,7.631531,0.052570,1.255392,1,0.012723,8
479,0,3,2.380850,40.019805,0.902354,1.000000,7.631531,0.050590,0.668289,1,0.012723,8
480,0,5,2.160567,40.039606,0.902578,1.000000,7.631531,0.048610,1.235471,1,0.012723,8
481,1,6,2.449881,40.383899,0.902339,1.000000,7.631531,0.046630,0.595472,1,0.012723,8
482,0,4,2.259654,40.628853,0.902453,1.000000,7.631531,0.044650,0.562440,1,0.012723,8
483,1,7,2.302290,40.530140,0.902941,1.000000,7.631531,0.042670,0.893401,1,0.012723,8
484,0,4,2.742790,40.369303,0.902478,1.000000,7.631531,0.040690,0.492487,1,0.012723,8
485,0,4,2.415473,40.523314,0.902426,1.000000,7.631531,0.038710,0.479203,1,0.012723,8
486,0,5,2.864973,40.478807,0.902087,1.000000,7.631531,0.036730,0.606345,1,0.012723,8
487,0,4,2.402695,40.347047,0.902849,1.000000,7.631531,0.034750,0.558730,1,0.012723,8
488,1,1,2.471378,40.184722,0.902048,1.000000,7.631531,0.032770,0.653369,1,0.012723,8
489,0,4,2.002362,40.377502,0.902880,1.000000,7.631531,0.030790,0.614634,1,0.012723,8
490,3,5,2.372036,40.264424,0.902028,1.000000,7.631531,0.028810,0.610315,1,0.012723,8
491,2,6,2.195460,40.248738,0.902838,1.000000,7.631531,0.026830,0.548243,1,0.012723,8
492,0,3,2.943791,40.341277,0.902870,1.000000,7.631531,0.024850,0.667586,1,0.012723,8
493,0,4,2.095081,39.890556,0.902893,1.000000,7.631531,0.022870,0.613072,1,0.012723,8
494,0,4,2.668020,40.120839,0.902729,1.000000,7.631531,0.020890,0.629515,1,0.012723,8
495,0,5,2.992464,39.847437,0.902452,1.000000,7.631531,0.018910,0.616962,1,0.012723,8
496,1,0,2.190827,40.073198,0.902476,1.000000,7.631531,0.016930,0.661276,1,0.012723,8
497,0,4,1.831730,39.749310,0.902960,1.000000,7.631531,0.014950,0.807781,1,0.012723,8
498,1,0,2.483307,39.712738,0.902454,1.000000,7.631531,0.012970,0.657338,1,0.012723,8
499,0,5,2.598682,39.872696,0.902499,1.000000,7.631531,0.010990,0.519550,1,0.012723,8
500,2,5,2.528283,39.828439,0.902421,1.000000,7.631531,0.010000,0.533834,1,0.012723,8
501,2,5,2.616908,39.712910,0.902844,1.000000,7.631531,0.010000,0.435275,1,0.012723,8
502,2,5,2.399208,39.634165,0.902520,1.000000,7.631531,0.010000,0.448479,1,0.012723,8
503,1,7,2.573565,39.856577,0.902747,1.000000,7.631531,0.010000,0.445581,1,0.012723,8
504,0,2,2.310646,40.058795,0.902199,1.000000,7.631531,0.010000,0.760121,1,0.012723,8
505,1,7,2.396130,40.299091,0.902639,1.000000,7.631531,0.010000,0.388696,1,0.012723,8
506,1,7,2.354221,40.143496,0.902530,1.000000,7.631531,0.010000,0.421828,1,0.012723,8
507,0,3,2.784623,40.452633,0.902426,1.000000,7.631531,0.010000,0.631551,1,0.012723,8
508,1,6,2.359633,40.368393,0.902853,1.000000,7.631531,0.010000,0.550459,1,0.012723,8
509,1,1,2.719880,40.516757,0.902892,1.000000,7.631531,0.010000,0.629953,1,0.012723,8
510,0,2,2.664188,40.547570,0.902870,1.000000,7.631531,0.010000,0.775817,1,0.012723,8
511,0,3,2.538616,40.174037,0.902498,1.000000,7.631531,0.010000,0.549454,1,0.012723,8
512,0,4,2.780615,39.979346,0.902489,1.000000,7.631531,0.010000,0.797605,1,0.012723,8
513,1,7,2.293622,40.044245,0.903139,1.000000,7.631531,0.010000,0.406959,1,0.012723,8
514,0,3,2.360198,39.802498,0.902450,1.000000,7.631531,0.010000,0.532076,1,0.012723,8
515,0,5,2.471798,39.943664,0.902849,1.000000,7.631531,0.010000,0.476422,1,0.012723,8
516,1,6,2.627517,39.877253,0.902381,1.000000,7.631531,0.010000,0.606981,1,0.012723,8
517,0,4,2.600299,39.771403,0.902137,1.000000,7.631531,0.010000,0.763127,1,0.012723,8
518,2,5,2.413254,39.743570,0.902507,1.000000,7.631531,0.010000,0.376797,1,0.012723,8
519,0,4,2.847829,40.339033,0.902730,1.000000,7.631531,0.010000,0.836615,1,0.012723,8
520,2,6,2.977188,40.304226,0.902441,1.000000,7.631531,0.010000,0.824459,1,0.012723,8
521,1,6,2.676206,40.040588,0.902538,1.000000,7.631531,0.010000,0.831999,1,0.012723,8
522,0,3,2.198779,40.121198,0.902159,1.000000,7.631531,0.010000,0.463839,1,0.012723,8
523,0,2,2.623751,40.162403,0.902879,1.000000,7.631531,0.010000,0.763979,1,0.012723,8
524,3,2,2.461330,40.125710,0.902771,1.000000,7.631531,0.010000,0.721863,1,0.012723,8
525,0,4,2.428798,40.393681,0.902488,1.000000,7.631531,0.010000,0.629641,1,0.012723,8
526,2,5,2.309384,40.208261,0.902499,1.000000,7.631531,0.010000,0.501046,1,0.012723,8
527,0,4,2.422470,40.072568,0.902831,1.000000,7.631531,0.010000,0.647707,1,0.012723,8
528,0,5,2.091312,39.950409,0.902093,1.000000,7.631531,0.010000,0.620973,1,0.012723,8
529,0,4,2.511221,39.913789,0.902069,1.000000,7.631531,0.010000,0.617529,1,0.012723,8
530,3,1,2.515999,39.956190,0.902443,1.000000,7.631531,0.010000,0.520155,1,0.012723,8
531,0,3,2.570616,39.824650,0.902731,1.000000,7.631531,0.010000,0.401818,1,0.012723,8
532,3,2,2.682388,39.747570,0.902838,1.000000,7.631531,0.010000,0.603268,1,0.012723,8
533,0,5,2.427912,39.645475,0.902899,1.000000,7.631531,0.010000,0.592224,1,0.012723,8
534,0,4,2.225786,39.836213,0.902825,1.000000,7.631531,0.010000,0.691845,1,0.012723,8
535,0,5,2.417051,39.850303,0.902117,1.000000,7.631531,0.010000,0.528642,1,0.012723,8
536,0,5,2.569175,39.613192,0.902396,1.000000,7.631531,0.010000,0.529975,1,0.012723,8
537,0,5,2.447825,39.514728,0.902515,1.000000,7.631531,0.010000,0.528488,1,0.012723,8
538,1,6,2.641871,39.556159,0.902529,1.000000,7.631531,0.010000,0.592558,1,0.012723,8
539,0,3,2.285752,39.407661,0.902466,1.000000,7.631531,0.010000,0.582004,1,0.012723,8
540,0,4,2.657366,39.525947,0.902841,1.000000,7.631531,0.010000,0.540310,1,0.012723,8
541,0,5,2.099726,39.400102,0.902856,1.000000,7.631531,0.010000,0.487309,1,0.012723,8
542,1,0,2.663082,39.493356,0.902907,1.000000,7.631531,0.010000,0.485670,1,0.012723,8
543,0,2,2.031202,39.617957,0.902807,1.000000,7.631531,0.010000,0.643933,1,0.012723,8
544,3,1,2.664357,39.695732,0.902713,1.000000,7.631531,0.010000,0.347216,1,0.012723,8
545,2,5,2.718525,39.620618,0.902516,1.000000,7.631531,0.010000,0.512563,1,0.012723,8
546,0,3,3.106651,39.744659,0.902168,1.000000,7.631531,0.010000,0.616087,1,0.012723,8
547,3,1,2.305426,39.770667,0.902829,1.000000,7.631531,0.010000,0.350515,1,0.012723,8
548,0,3,2.505439,39.805118,0.902283,1.000000,7.631531,0.010000,0.611358,1,0.012723,8
549,0,4,2.548133,39.945892,0.902660,1.000000,7.631531,0.010000,0.477622,1,0.012723,8
550,0,5,2.488103,39.923671,0.902909,1.000000,7.631531,0.010000,0.508586,1,0.012723,8
551,0,4,2.668654,39.493048,0.902536,1.000000,7.631531,0.010000,0.492762,1,0.012723,8
552,0,5,2.546048,39.305733,0.902548,1.000000,7.631531,0.010000,0.510405,1,0.012723,8
553,1,0,2.286078,39.412738,0.902804,1.000000,7.631531,0.010000,0.477698,1,0.012723,8
554,1,1,2.414834,39.403462,0.902886,1.000000,7.631531,0.010000,0.418331,1,0.012723,8
555,0,2,1.697871,39.379094,0.902618,1.000000,7.631531,0.010000,0.922319,1,0.012723,8
556,1,6,2.652801,39.232623,0.902763,1.000000,7.631531,0.010000,0.673274,1,0.012723,8
557,2,6,2.790654,39.171128,0.902469,1.000000,7.631531,0.010000,0.666850,1,0.012723,8
558,1,6,2.710088,39.255205,0.902714,1.000000,7.631531,0.010000,0.654586,1,0.012723,8
559,0,3,2.782648,39.366443,0.902427,1.000000,7.631531,0.010000,0.558677,1,0.012723,8
560,1,0,2.221228,39.507693,0.902725,1.000000,7.631531,0.010000,0.498149,1,0.012723,8
561,0,5,2.069316,39.644642,0.902060,1.000000,7.631531,0.010000,0.593713,1,0.012723,8
562,0,5,2.563561,39.561702,0.902805,1.000000,7.631531,0.010000,0.594520,1,0.012723,8
563,0,5,2.687865,39.376851,0.902745,1.000000,7.631531,0.010000,0.531424,1,0.012723,8
564,2,5,2.449194,39.631395,0.902438,1.000000,7.631531,0.010000,0.542603,1,0.012723,8
565,0,3,2.537400,39.731219,0.902645,1.000000,7.631531,0.010000,0.562462,1,0.012723,8
566,0,4,2.293128,39.461511,0.902478,1.000000,7.631531,0.010000,0.567711,1,0.012723,8
567,0,4,2.541853,39.351283,0.902829,1.000000,7.631531,0.010000,0.542985,1,0.012723,8
568,0,4,2.211304,39.430397,0.902528,1.000000,7.631531,0.010000,0.568467,1,0.012723,8
569,0,5,2.729703,39.341066,0.902432,1.000000,7.631531,0.010000,0.507540,1,0.012723,8
570,0,3,2.565749,39.367237,0.902485,1.000000,7.631531,0.010000,0.557345,1,0.012723,8
571,1,1,2.649025,39.507301,0.902781,1.000000,7.631531,0.010000,0.545712,1,0.012723,8
572,0,3,2.521625,39.433659,0.902457,1.000000,7.631531,0.010000,0.574004,1,0.012723,8
573,1,7,2.489603,39.619000,0.902226,1.000000,7.631531,0.010000,0.629758,1,0.012723,8
574,0,4,2.480205,39.447170,0.903279,1.000000,7.631531,0.010000,0.543912,1,0.012723,8
575,0,4,2.641282,39.525734,0.902508,1.000000,7.631531,0.010000,0.520846,1,0.012723,8
576,0,3,2.666700,39.320137,0.902821,1.000000,7.631531,0.010000,0.511570,1,0.012723,8
577,0,3,2.437017,39.113995,0.902846,1.000000,7.631531,0.010000,0.519765,1,0.012723,8
578,1,7,2.744721,38.908794,0.902362,1.000000,7.631531,0.010000,0.710543,1,0.012723,8
579,1,7,2.331980,38.747444,0.902484,1.000000,7.631531,0.010000,0.680675,1,0.012723,8
580,0,3,2.378089,38.753984,0.902564,1.000000,7.631531,0.010000,0.631376,1,0.012723,8
581,0,5,2.307120,38.857296,0.902879,1.000000,7.631531,0.010000,0.554885,1,0.012723,8
582,3,2,2.691748,39.193186,0.902526,1.000000,7.631531,0.010000,1.133355,1,0.012723,8
583,2,5,2.327681,39.422900,0.902576,1.000000,7.631531,0.010000,0.565510,1,0.012723,8
584,0,5,2.758740,39.310514,0.902464,1.000000,7.631531,0.010000,0.632146,1,0.012723,8
585,3,4,2.326107,39.063816,0.902586,1.000000,7.631531,0.010000,0.558770,1,0.012723,8
586,1,0,2.457870,39.063164,0.902706,1.000000,7.631531,0.010000,0.592308,1,0.012723,8
587,1,7,2.772416,38.984286,0.902920,1.000000,7.631531,0.010000,0.492992,1,0.012723,8
588,0,2,1.927241,39.253357,0.902951,1.000000,7.631531,0.010000,1.080752,1,0.012723,8
589,0,3,2.513429,39.066220,0.902997,1.000000,7.631531,0.010000,0.772370,1,0.012723,8
590,1,7,2.639970,38.878114,0.902600,1.000000,7.631531,0.010000,0.471697,1,0.012723,8
591,0,4,2.435150,38.952170,0.902627,1.000000,7.631531,0.010000,0.621835,1,0.012723,8
592,2,5,2.584209,39.040817,0.902969,1.000000,7.631531,0.010000,0.571588,1,0.012723,8
593,1,0,2.338586,38.615728,0.902535,1.000000,7.631531,0.010000,0.650783,1,0.012723,8
594,0,3,2.413052,38.581306,0.902924,1.000000,7.631531,0.010000,0.801058,1,0.012723,8
595,1,1,2.407363,38.660474,0.902480,1.000000,7.631531,0.010000,0.675462,1,0.012723,8
596,1,1,2.515922,38.664383,0.902522,1.000000,7.631531,0.010000,0.667708,1,0.012723,8
597,0,5,2.019901,38.487504,0.902914,1.000000,7.631531,0.010000,0.788265,1,0.012723,8
598,0,5,2.576938,38.702916,0.902704,1.000000,7.631531,0.010000,0.677339,1,0.012723,8
599,0,2,3.036165,38.430755,0.902863,1.000000,7.631531,0.010000,0.798887,2,0.011227,8
600,2,5,2.399324,38.642463,0.902464,1.000000,7.631531,0.010000,0.670308,2,0.011227,8
601,1,6,2.494425,38.683006,0.902122,1.000000,7.631531,0.010000,0.571349,2,0.011227,8
602,2,6,2.756976,38.697064,0.902395,1.000000,7.631531,0.010000,0.514831,2,0.011227,8
603,0,3,2.754396,38.564737,0.902284,1.000000,7.631531,0.010000,0.743240,2,0.011227,8
604,3,1,2.366639,38.401124,0.902428,1.000000,7.631531,0.010000,0.799683,2,0.011227,8
605,1,6,2.565945,38.107668,0.902899,1.000000,7.631531,0.010000,0.421541,2,0.011227,8
606,1,0,1.823843,38.141546,0.902448,1.000000,7.631531,0.010000,0.912254,2,0.011227,8
607,2,6,2.609526,38.097330,0.903183,1.000000,7.631531,0.010000,0.434557,2,0.011227,8
608,3,2,1.863217,38.103522,0.902547,1.000000,7.631531,0.010000,0.907030,2,0.011227,8
609,1,6,2.508079,38.283423,0.903257,1.000000,7.631531,0.010000,0.391405,2,0.011227,8
610,2,5,2.692013,38.411316,0.902449,1.000000,7.631531,0.010000,0.666159,2,0.011227,8
611,3,6,2.547949,38.326128,0.902562,1.000000,7.631531,0.010000,0.375998,2,0.011227,8
612,0,4,2.573800,38.349419,0.902641,1.000000,7.631531,0.010000,0.722639,2,0.011227,8
613,1,0,2.516391,38.295784,0.902532,1.000000,7.631531,0.010000,0.914486,2,0.011227,8
614,0,4,2.139227,38.335816,0.902434,1.000000,7.631531,0.010000,0.790839,2,0.011227,8
615,1,7,2.717858,38.307066,0.902720,1.000000,7.631531,0.010000,0.472795,2,0.011227,8
616,0,3,2.127320,38.581077,0.902623,1.000000,7.631531,0.010000,0.492866,2,0.011227,8
617,2,6,2.591197,38.864150,0.902512,1.000000,7.631531,0.010000,0.375293,2,0.011227,8
618,0,3,2.501854,38.846185,0.902894,1.000000,7.631531,0.010000,0.492320,2,0.011227,8
619,0,2,2.615244,39.050521,0.902076,1.000000,7.631531,0.010000,1.020638,2,0.011227,8
620,2,6,2.567447,38.940209,0.902497,1.000000,7.631531,0.010000,0.375034,2,0.011227,8
621,0,2,2.505749,39.002473,0.902150,1.000000,7.631531,0.010000,0.991852,2,0.011227,8
622,0,4,2.263637,38.929386,0.902630,1.000000,7.631531,0.010000,0.562986,2,0.011227,8
623,2,6,2.411387,38.974318,0.902562,1.000000,7.631531,0.010000,0.378892,2,0.011227,8
624,0,4,2.539929,38.846834,0.902533,1.000000,7.631531,0.010000,0.531341,2,0.011227,8
625,0,4,2.543024,39.110936,0.902366,1.000000,7.631531,0.010000,0.538776,2,0.011227,8
626,2,6,2.289951,39.111933,0.902899,1.000000,7.631531,0.010000,0.310954,2,0.011227,8
627,0,4,2.561021,39.307992,0.902409,1.000000,7.631531,0.010000,0.653571,2,0.011227,8
628,0,4,2.512408,39.365806,0.902189,1.000000,7.631531,0.010000,0.637089,2,0.011227,8
629,1,7,2.621094,39.229186,0.903258,1.000000,7.631531,0.010000,0.485241,2,0.011227,8
630,1,6,2.900780,39.095810,0.902045,1.000000,7.631531,0.010000,0.389358,2,0.011227,8
631,0,5,2.775846,39.299572,0.902887,1.000000,7.631531,0.010000,0.606565,2,0.011227,8
632,1,6,2.995974,39.153715,0.902918,1.000000,7.631531,0.010000,0.536799,2,0.011227,8
633,0,3,2.693831,39.099997,0.902180,1.000000,7.631531,0.010000,0.464957,2,0.011227,8
634,3,3,2.576424,39.291627,0.902507,1.000000,7.631531,0.010000,0.522024,2,0.011227,8
635,0,5,2.811403,39.452238,0.902943,1.000000,7.631531,0.010000,0.766427,2,0.011227,8
636,1,7,2.365704,39.823793,0.902521,1.000000,7.631531,0.010000,0.440902,2,0.011227,8
637,0,3,2.397842,39.989924,0.902207,1.000000,7.631531,0.010000,0.583450,2,0.011227,8
638,0,5,2.553111,40.196588,0.902510,1.000000,7.631531,0.010000,0.653893,2,0.011227,8
639,1,7,2.879592,40.107652,0.902544,1.000000,7.631531,0.010000,0.690358,2,0.011227,8
640,2,5,2.543968,40.122287,0.902552,1.000000,7.631531,0.010000,0.614713,2,0.011227,8
641,1,7,2.577023,40.203766,0.902737,1.000000,7.631531,0.010000,0.718872,2,0.011227,8
642,1,6,2.627205,40.359151,0.902535,1.000000,7.631531,0.010000,0.672725,2,0.011227,8
643,0,5,2.715409,40.575711,0.902151,1.000000,7.631531,0.010000,0.670555,2,0.011227,8
644,1,0,2.235889,40.638666,0.902868,1.000000,7.631531,0.010000,0.964358,2,0.011227,8
645,1,6,2.675545,40.422631,0.902941,1.000000,7.631531,0.010000,0.742661,2,0.011227,8
646,0,4,2.529673,40.182153,0.902659,1.000000,7.631531,0.010000,0.736734,2,0.011227,8
647,0,4,2.387277,40.037290,0.902510,1.000000,7.631531,0.010000,0.889873,2,0.011227,8
648,1,7,2.399506,39.691482,0.902785,1.000000,7.631531,0.010000,0.681847,2,0.011227,8
649,1,6,2.502358,39.766704,0.902875,1.000000,7.631531,0.010000,0.702925,2,0.011227,8
650,0,3,2.517105,39.788348,0.902250,1.000000,7.631531,0.010000,0.772959,2,0.011227,8
651,1,0,2.621411,39.531750,0.902797,1.000000,7.631531,0.010000,0.938989,2,0.011227,8
652,0,5,2.316263,39.784495,0.902628,1.000000,7.631531,0.010000,0.712175,2,0.011227,8
653,1,7,2.370568,39.809908,0.902186,1.000000,7.631531,0.010000,0.655009,2,0.011227,8
654,0,4,2.785467,40.019521,0.902441,1.000000,7.631531,0.010000,0.719016,2,0.011227,8
655,0,2,2.036379,40.076545,0.902487,1.000000,7.631531,0.010000,1.043658,2,0.011227,8
656,1,6,2.255071,39.823297,0.902847,1.000000,7.631531,0.010000,0.597090,2,0.011227,8
657,0,3,2.684542,39.817826,0.902352,1.000000,7.631531,0.010000,0.818748,2,0.011227,8
658,1,6,2.677971,39.886568,0.902536,1.000000,7.631531,0.010000,0.603476,2,0.011227,8
659,2,6,2.263647,39.703055,0.902833,1.000000,7.631531,0.010000,0.628711,2,0.011227,8
660,1,0,2.349640,39.719121,0.902950,1.000000,7.631531,0.010000,0.934818,2,0.011227,8
661,0,4,2.633328,39.870687,0.903250,1.000000,7.631531,0.010000,0.613713,2,0.011227,8
662,0,4,2.466422,39.989169,0.902791,1.000000,7.631531,0.010000,0.552559,2,0.011227,8
663,1,0,2.877021,39.625542,0.902091,1.000000,7.631531,0.010000,0.891359,2,0.011227,8
664,1,0,2.314178,39.660420,0.902276,1.000000,7.631531,0.010000,0.898076,2,0.011227,8
665,3,1,2.486506,39.942930,0.902765,1.000000,7.631531,0.010000,0.822914,2,0.011227,8
666,0,5,2.537193,39.682083,0.902868,1.000000,7.631531,0.010000,0.740393,2,0.011227,8
667,1,7,2.347651,39.919426,0.902870,1.000000,7.631531,0.010000,0.639811,2,0.011227,8
668,1,6,2.206398,39.495468,0.902661,1.000000,7.631531,0.010000,0.598334,2,0.011227,8
669,2,5,2.809599,39.373190,0.902596,1.000000,7.631531,0.010000,0.675952,2,0.011227,8
670,0,5,2.694789,39.311386,0.903225,1.000000,7.631531,0.010000,0.649436,2,0.011227,8
671,0,3,2.608935,39.052978,0.902167,1.000000,7.631531,0.010000,0.568644,2,0.011227,8
672,1,0,2.596067,38.960759,0.902478,1.000000,7.631531,0.010000,0.888313,2,0.011227,8
673,0,5,2.008118,38.861470,0.902955,1.000000,7.631531,0.010000,0.893301,2,0.011227,8
674,1,6,2.783944,38.815165,0.902373,1.000000,7.631531,0.010000,0.643112,2,0.011227,8
675,2,5,2.682294,38.590672,0.903198,1.000000,7.631531,0.010000,0.897722,2,0.011227,8
676,3,1,2.353736,38.530466,0.902191,1.000000,7.631531,0.010000,0.866792,2,0.011227,8
677,2,5,2.462774,38.636148,0.902934,1.000000,7.631531,0.010000,0.938795,2,0.011227,8
678,0,5,2.630866,38.540443,0.902831,1.000000,7.631531,0.010000,0.934316,2,0.011227,8
679,1,6,2.417349,38.438288,0.902923,1.000000,7.631531,0.010000,0.769217,2,0.011227,8
680,0,4,2.577052,38.406654,0.902570,1.000000,7.631531,0.010000,0.984528,2,0.011227,8
681,1,1,2.494883,38.576065,0.902234,1.000000,7.631531,0.010000,0.862547,2,0.011227,8
682,1,6,2.527213,38.741696,0.902511,1.000000,7.631531,0.010000,0.827267,2,0.011227,8
683,2,6,2.417856,38.936535,0.902376,1.000000,7.631531,0.010000,0.829701,2,0.011227,8
684,0,4,2.732202,38.944048,0.902654,1.000000,7.631531,0.010000,0.932394,2,0.011227,8
685,2,6,2.349093,38.949270,0.903117,1.000000,7.631531,0.010000,0.828676,2,0.011227,8
686,1,0,2.260336,38.870210,0.902569,1.000000,7.631531,0.010000,0.910769,2,0.011227,8
687,1,6,2.622862,38.887352,0.902778,1.000000,7.631531,0.010000,0.667055,2,0.011227,8
688,1,6,2.286577,39.031075,0.902621,1.000000,7.631531,0.010000,0.669895,2,0.011227,8
689,0,5,2.473932,38.954443,0.902836,1.000000,7.631531,0.010000,0.726243,2,0.011227,8
690,1,6,2.380749,39.122466,0.902873,1.000000,7.631531,0.010000,0.414522,2,0.011227,8
691,1,7,2.151233,39.080986,0.902458,1.000000,7.631531,0.010000,0.787654,2,0.011227,8
692,0,3,2.391834,39.030288,0.902759,1.000000,7.631531,0.010000,0.760549,2,0.011227,8
693,0,5,2.580997,38.994095,0.902871,1.000000,7.631531,0.010000,0.555265,2,0.011227,8
694,1,6,2.429296,39.154690,0.902292,1.000000,7.631531,0.010000,0.522575,2,0.011227,8
695,1,6,2.358614,39.328205,0.902927,1.000000,7.631531,0.010000,0.453816,2,0.011227,8
696,0,2,2.783955,39.147378,0.902356,1.000000,7.631531,0.010000,0.587873,2,0.011227,8
697,0,5,2.330750,38.991545,0.902241,1.000000,7.631531,0.010000,0.606087,2,0.011227,8
698,1,0,2.601344,39.129098,0.902822,1.000000,7.631531,0.010000,0.555682,2,0.011227,8
699,3,1,2.185533,39.087171,0.902914,1.000000,7.631531,0.010000,0.854641,2,0.011227,8
700,0,2,2.190699,39.618241,0.902423,1.000000,7.631531,0.010000,0.430970,2,0.011227,8
701,1,6,2.710722,39.457971,0.902851,1.000000,7.631531,0.010000,0.441099,2,0.011227,8
702,1,6,2.666111,39.362186,0.902367,1.000000,7.631531,0.010000,0.431403,2,0.011227,8
703,0,3,2.574214,39.551291,0.903047,1.000000,7.631531,0.010000,0.759587,2,0.011227,8
704,0,5,2.480471,39.491385,0.902362,1.000000,7.631531,0.010000,0.652429,2,0.011227,8
705,0,4,2.605563,39.571556,0.902524,1.000000,7.631531,0.010000,0.797465,2,0.011227,8
706,0,5,2.799589,39.659555,0.902899,1.000000,7.631531,0.010000,0.692069,2,0.011227,8
707,0,3,2.319734,40.009113,0.902733,1.000000,7.631531,0.010000,0.766117,2,0.011227,8
708,0,4,2.406171,40.058392,0.902203,1.000000,7.631531,0.010000,0.811116,2,0.011227,8
709,1,6,2.432647,39.788233,0.902463,1.000000,7.631531,0.010000,0.403211,2,0.011227,8
710,0,3,2.405416,39.809269,0.902472,1.000000,7.631531,0.010000,0.670735,2,0.011227,8
711,0,5,2.261757,39.986682,0.902471,1.000000,7.631531,0.010000,0.734579,2,0.011227,8
712,1,7,2.605272,39.939714,0.902904,1.000000,7.631531,0.010000,0.630381,2,0.011227,8
713,0,5,2.678121,39.496604,0.902502,1.000000,7.631531,0.010000,0.873456,2,0.011227,8
714,0,3,2.428682,39.408161,0.902078,1.000000,7.631531,0.010000,0.612779,2,0.011227,8
715,1,0,2.374635,39.284716,0.902869,1.000000,7.631531,0.010000,0.488656,2,0.011227,8
716,0,2,2.566885,39.204986,0.902793,1.000000,7.631531,0.010000,0.430014,2,0.011227,8
717,0,4,3.068556,39.181724,0.902919,1.000000,7.631531,0.010000,0.688890,2,0.011227,8
718,0,2,2.739056,39.136575,0.902925,1.000000,7.631531,0.010000,0.420427,2,0.011227,8
719,3,2,2.503243,38.968226,0.902459,1.000000,7.631531,0.010000,0.436302,2,0.011227,8
720,0,5,2.698735,39.090036,0.902613,1.000000,7.631531,0.010000,0.587440,2,0.011227,8
721,1,6,2.523647,39.301201,0.902827,1.000000,7.631531,0.010000,0.420769,2,0.011227,8
722,1,7,1.867912,38.948178,0.902449,1.000000,7.631531,0.010000,0.745586,2,0.011227,8
723,3,0,2.188512,39.189922,0.903103,1.000000,7.631531,0.010000,0.615373,2,0.011227,8
724,0,3,2.283030,39.194697,0.902437,1.000000,7.631531,0.010000,0.474892,2,0.011227,8
725,0,4,3.126838,39.169091,0.902879,1.000000,7.631531,0.010000,0.534425,2,0.011227,8
726,2,5,2.766448,38.933208,0.902654,1.000000,7.631531,0.010000,0.601372,2,0.011227,8
727,1,0,2.465043,39.149874,0.902879,1.000000,7.631531,0.010000,0.568474,2,0.011227,8
728,0,2,2.390644,39.286633,0.902493,1.000000,7.631531,0.010000,0.399534,2,0.011227,8
729,0,3,2.091887,39.103459,0.902196,1.000000,7.631531,0.010000,0.564972,2,0.011227,8
730,0,4,2.945268,39.286097,0.902318,1.000000,7.631531,0.010000,0.495282,2,0.011227,8
731,0,4,2.267137,39.216126,0.902494,1.000000,7.631531,0.010000,0.647308,2,0.011227,8
732,0,5,2.389025,39.036392,0.902021,1.000000,7.631531,0.010000,0.547659,2,0.011227,8
733,1,6,2.399266,39.026414,0.902553,1.000000,7.631531,0.010000,0.440504,2,0.011227,8
734,1,6,2.545046,39.225299,0.902506,1.000000,7.631531,0.010000,0.441721,2,0.011227,8
735,1,7,2.288484,39.069588,0.902549,1.000000,7.631531,0.010000,0.765150,2,0.011227,8
736,1,6,2.562667,39.126022,0.902440,1.000000,7.631531,0.010000,0.446833,2,0.011227,8
737,0,4,2.810924,38.951821,0.902224,1.000000,7.631531,0.010000,0.586726,2,0.011227,8
738,1,6,2.351658,39.025087,0.902120,1.000000,7.631531,0.010000,0.413440,2,0.011227,8
739,3,5,2.392923,38.784106,0.902484,1.000000,7.631531,0.010000,0.512920,2,0.011227,8
740,0,4,2.165188,38.774461,0.902217,1.000000,7.631531,0.010000,0.709313,2,0.011227,8
741,0,4,2.291105,38.783341,0.903010,1.000000,7.631531,0.010000,0.803380,2,0.011227,8
742,1,7,2.405990,38.864910,0.902819,1.000000,7.631531,0.010000,0.746086,2,0.011227,8
743,3,1,2.241578,38.754381,0.902851,1.000000,7.631531,0.010000,0.757839,2,0.011227,8
744,2,6,2.519970,38.762779,0.902544,1.000000,7.631531,0.010000,0.407495,2,0.011227,8
745,1,7,2.623514,39.113573,0.902466,1.000000,7.631531,0.010000,0.748333,2,0.011227,8
746,2,6,2.554387,38.993255,0.902207,1.000000,7.631531,0.010000,0.468301,2,0.011227,8
747,3,6,2.812531,39.107373,0.903050,1.000000,7.631531,0.010000,0.442625,2,0.011227,8
748,0,4,2.164471,39.233929,0.902587,1.000000,7.631531,0.010000,0.696337,2,0.011227,8
749,0,5,2.582302,39.234954,0.902341,1.000000,7.631531,0.010000,0.447726,2,0.011227,8
750,1,6,2.960404,39.230454,0.902651,1.000000,7.631531,0.010000,0.381728,2,0.011227,8
751,1,6,2.488706,39.136305,0.902500,1.000000,7.631531,0.010000,0.381584,2,0.011227,8
752,0,3,2.342434,39.032449,0.902822,1.000000,7.631531,0.010000,0.544287,2,0.011227,8
753,2,6,2.576512,39.130976,0.902163,1.000000,7.631531,0.010000,0.483300,2,0.011227,8
754,0,3,2.665726,39.263401,0.902510,1.000000,7.631531,0.010000,0.551964,2,0.011227,8
755,1,7,2.247491,39.259380,0.902099,1.000000,7.631531,0.010000,0.658100,2,0.011227,8
756,1,7,2.522148,39.467540,0.902553,1.000000,7.631531,0.010000,0.674787,2,0.011227,8
757,1,6,2.577725,39.415373,0.902528,1.000000,7.631531,0.010000,0.450780,2,0.011227,8
758,0,4,2.374116,39.471193,0.902498,1.000000,7.631531,0.010000,0.643131,2,0.011227,8
759,1,6,2.697156,39.261555,0.902502,1.000000,7.631531,0.010000,0.423738,2,0.011227,8
760,1,6,2.664046,39.274382,0.902833,1.000000,7.631531,0.010000,0.417921,2,0.011227,8
761,0,5,2.670268,39.444793,0.902639,1.000000,7.631531,0.010000,0.430035,2,0.011227,8
762,0,4,2.555196,39.415858,0.903167,1.000000,7.631531,0.010000,0.593900,2,0.011227,8
763,0,4,2.608472,39.454048,0.902843,1.000000,7.631531,0.010000,0.659644,2,0.011227,8
764,0,4,2.465820,39.513666,0.902779,1.000000,7.631531,0.010000,0.624336,2,0.011227,8
765,2,6,1.843971,39.660567,0.902540,1.000000,7.631531,0.010000,0.552660,2,0.011227,8
766,1,1,2.522372,39.682269,0.902191,1.000000,7.631531,0.010000,0.725049,2,0.011227,8
767,1,6,2.626956,39.607476,0.902756,1.000000,7.631531,0.010000,0.566309,2,0.011227,8
768,0,5,2.264682,39.587143,0.902993,1.000000,7.631531,0.010000,0.371680,2,0.011227,8
769,2,5,2.335069,39.806687,0.902104,1.000000,7.631531,0.010000,0.370301,2,0.011227,8
770,1,0,2.694864,39.842762,0.902411,1.000000,7.631531,0.010000,0.517873,2,0.011227,8
771,1,1,2.178771,39.843153,0.902576,1.000000,7.631531,0.010000,0.659021,2,0.011227,8
772,1,6,2.880095,39.686720,0.903033,1.000000,7.631531,0.010000,0.662571,2,0.011227,8
773,0,5,2.331390,39.679935,0.902934,1.000000,7.631531,0.010000,0.317985,2,0.011227,8
774,0,5,2.569965,39.697990,0.902171,1.000000,7.631531,0.010000,0.313794,2,0.011227,8
775,2,5,2.759376,39.871773,0.902484,1.000000,7.631531,0.010000,0.220359,2,0.011227,8
776,1,6,2.768291,40.157691,0.902663,1.000000,7.631531,0.010000,0.708337,2,0.011227,8
777,0,5,2.765735,40.038205,0.902979,1.000000,7.631531,0.010000,0.350936,2,0.011227,8
778,0,4,2.521367,40.108528,0.902481,1.000000,7.631531,0.010000,0.397959,2,0.011227,8
779,1,6,2.322502,39.957841,0.902599,1.000000,7.631531,0.010000,0.721926,2,0.011227,8
780,1,7,2.653142,39.997193,0.902579,1.000000,7.631531,0.010000,0.653195,2,0.011227,8
781,0,4,2.108644,40.057207,0.902872,1.000000,7.631531,0.010000,0.423180,2,0.011227,8
782,0,5,2.558943,39.807035,0.902550,1.000000,7.631531,0.010000,0.352793,2,0.011227,8
783,0,5,2.065287,39.807601,0.902520,1.000000,7.631531,0.010000,0.448457,2,0.011227,8
784,0,3,2.645463,39.989510,0.902508,1.000000,7.631531,0.010000,0.571202,2,0.011227,8
785,1,7,2.921649,40.200731,0.902807,1.000000,7.631531,0.010000,0.784778,2,0.011227,8
786,0,5,2.180231,40.248475,0.902142,1.000000,7.631531,0.010000,0.436594,2,0.011227,8
787,0,4,2.277997,39.890562,0.902639,1.000000,7.631531,0.010000,0.421922,2,0.011227,8
788,2,6,2.520315,39.578990,0.902256,1.000000,7.631531,0.010000,0.681632,2,0.011227,8
789,1,6,2.451198,39.500678,0.902819,1.000000,7.631531,0.010000,0.652231,2,0.011227,8
790,0,4,2.533021,39.363386,0.902853,1.000000,7.631531,0.010000,0.506861,2,0.011227,8
791,0,5,2.822823,39.733339,0.902897,1.000000,7.631531,0.010000,0.466597,2,0.011227,8
792,1,6,2.146815,39.910107,0.902906,1.000000,7.631531,0.010000,0.660923,2,0.011227,8
793,0,5,2.470706,39.679140,0.902045,1.000000,7.631531,0.010000,0.456897,2,0.011227,8
794,0,2,2.450853,39.650009,0.902897,1.000000,7.631531,0.010000,0.481033,2,0.011227,8
795,1,6,2.728143,39.706610,0.902495,1.000000,7.631531,0.010000,0.629469,2,0.011227,8
796,2,6,2.498389,39.653571,0.902762,1.000000,7.631531,0.010000,0.536279,2,0.011227,8
797,0,4,2.570625,39.596220,0.902171,1.000000,7.631531,0.010000,0.389983,2,0.011227,8
798,1,7,2.510601,39.564875,0.902173,1.000000,7.631531,0.010000,0.731482,2,0.011227,8
799,0,5,2.513355,39.775991,0.902528,1.000000,7.631531,0.010000,0.451678,3,0.009506,8
800,2,5,2.514281,39.814500,0.902231,1.000000,7.631531,0.010000,0.408427,3,0.009506,8
801,1,7,2.826629,39.534747,0.902467,1.000000,7.631531,0.010000,0.727597,3,0.009506,8
802,0,5,2.402737,39.511109,0.902196,1.000000,7.631531,0.010000,0.380037,3,0.009506,8
803,0,5,2.589670,39.449595,0.902464,1.000000,7.631531,0.010000,0.381492,3,0.009506,8
804,1,6,1.993731,39.593468,0.902489,1.000000,7.631531,0.010000,0.616880,3,0.009506,8
805,2,5,2.274592,39.505341,0.902669,1.000000,7.631531,0.010000,0.388371,3,0.009506,8
806,2,5,2.669890,39.473289,0.902909,1.000000,7.631531,0.010000,0.371368,3,0.009506,8
807,0,4,2.370795,39.455746,0.903079,1.000000,7.631531,0.010000,0.383711,3,0.009506,8
808,0,3,2.481373,39.258862,0.902503,1.000000,7.631531,0.010000,0.626262,3,0.009506,8
809,0,4,2.152713,39.522915,0.902113,1.000000,7.631531,0.010000,0.586302,3,0.009506,8
810,1,1,2.839509,39.422739,0.902405,1.000000,7.631531,0.010000,0.870372,3,0.009506,8
811,0,5,2.760517,39.396759,0.903212,1.000000,7.631531,0.010000,0.361128,3,0.009506,8
812,0,2,2.785305,39.356456,0.902641,1.000000,7.631531,0.010000,0.475681,3,0.009506,8
813,1,6,2.204614,39.370960,0.902232,1.000000,7.631531,0.010000,0.440648,3,0.009506,8
814,2,5,2.461025,39.329261,0.902526,1.000000,7.631531,0.010000,0.330694,3,0.009506,8
815,1,1,2.445698,39.340114,0.902222,1.000000,7.631531,0.010000,0.739968,3,0.009506,8
816,0,2,2.452369,39.252440,0.902158,1.000000,7.631531,0.010000,0.498786,3,0.009506,8
817,0,4,2.211820,39.136773,0.902526,1.000000,7.631531,0.010000,0.770088,3,0.009506,8
818,0,4,2.671009,39.124599,0.903022,1.000000,7.631531,0.010000,0.771112,3,0.009506,8
819,0,3,2.203562,39.424934,0.902320,1.000000,7.631531,0.010000,0.567328,3,0.009506,8
820,1,6,2.606783,39.606023,0.902251,1.000000,7.631531,0.010000,0.416299,3,0.009506,8
821,0,4,2.849634,39.909220,0.902626,1.000000,7.631531,0.010000,0.832965,3,0.009506,8
822,1,6,2.621748,39.985817,0.902145,1.000000,7.631531,0.010000,0.455513,3,0.009506,8
823,2,5,2.221727,39.756837,0.902292,1.000000,7.631531,0.010000,0.432953,3,0.009506,8
824,3,2,2.396996,39.749103,0.902172,1.000000,7.631531,0.010000,0.476659,3,0.009506,8
825,2,6,2.608059,39.788375,0.902889,1.000000,7.631531,0.010000,0.486333,3,0.009506,8
826,1,6,2.508418,39.776079,0.903244,1.000000,7.631531,0.010000,0.368722,3,0.009506,8
827,0,4,2.256974,39.694803,0.902461,1.000000,7.631531,0.010000,0.816579,3,0.009506,8
828,1,6,3.170504,39.510911,0.902418,1.000000,7.631531,0.010000,0.542831,3,0.009506,8
829,0,3,2.243215,39.539073,0.902073,1.000000,7.631531,0.010000,0.609327,3,0.009506,8
830,1,6,2.797226,39.540444,0.902838,1.000000,7.631531,0.010000,0.502830,3,0.009506,8
831,2,6,2.628434,39.713310,0.902938,1.000000,7.631531,0.010000,0.462240,3,0.009506,8
832,1,0,2.688920,39.846281,0.902586,1.000000,7.631531,0.010000,0.680422,3,0.009506,8
833,0,5,2.788843,39.898255,0.902532,1.000000,7.631531,0.010000,0.689032,3,0.009506,8
834,0,5,2.122749,39.905051,0.903029,1.000000,7.631531,0.010000,0.709350,3,0.009506,8
835,1,7,2.296270,40.019835,0.902611,1.000000,7.631531,0.010000,0.570825,3,0.009506,8
836,1,6,2.657926,39.949658,0.902493,1.000000,7.631531,0.010000,0.533605,3,0.009506,8
837,0,4,2.349880,40.124971,0.902239,1.000000,7.631531,0.010000,0.782761,3,0.009506,8
838,1,6,2.381922,40.096611,0.902440,1.000000,7.631531,0.010000,0.545297,3,0.009506,8
839,3,6,2.615091,40.218522,0.902903,1.000000,7.631531,0.010000,0.564944,3,0.009506,8
840,1,6,2.808369,40.419949,0.902780,1.000000,7.631531,0.010000,0.609645,3,0.009506,8
841,0,3,2.435752,40.122990,0.902477,1.000000,7.631531,0.010000,0.591866,3,0.009506,8
842,0,4,2.606009,39.960812,0.902826,1.000000,7.631531,0.010000,0.755071,3,0.009506,8
843,0,5,2.467625,40.337763,0.903066,1.000000,7.631531,0.010000,0.717743,3,0.009506,8
844,2,5,2.711012,40.591340,0.902549,1.000000,7.631531,0.010000,0.840195,3,0.009506,8
845,2,5,2.250420,40.463604,0.903119,1.000000,7.631531,0.010000,0.775574,3,0.009506,8
846,0,4,2.259092,40.514968,0.902515,1.000000,7.631531,0.010000,0.493991,3,0.009506,8
847,0,5,2.892156,40.588173,0.902482,1.000000,7.631531,0.010000,0.752168,3,0.009506,8
848,0,4,2.348904,40.790402,0.902949,1.000000,7.631531,0.010000,0.469275,3,0.009506,8
849,1,6,2.511806,40.872269,0.902180,1.000000,7.631531,0.010000,0.774012,3,0.009506,8
850,0,5,2.540494,40.886378,0.902472,1.000000,7.631531,0.010000,0.767952,3,0.009506,8
851,0,3,2.412577,40.971160,0.903250,1.000000,7.631531,0.010000,0.680799,3,0.009506,8
852,1,6,2.183369,41.054962,0.902968,1.000000,7.631531,0.010000,0.670412,3,0.009506,8
853,2,5,1.990084,40.889795,0.902154,1.000000,7.631531,0.010000,0.754192,3,0.009506,8
854,0,3,2.652357,40.712458,0.902949,1.000000,7.631531,0.010000,0.748842,3,0.009506,8
855,3,2,2.490939,40.438836,0.902614,1.000000,7.631531,0.010000,0.501652,3,0.009506,8
856,2,6,2.510554,40.004710,0.902565,1.000000,7.631531,0.010000,0.692475,3,0.009506,8
857,1,7,2.912754,39.962409,0.902326,1.000000,7.631531,0.010000,0.647329,3,0.009506,8
858,1,6,2.417178,39.763529,0.902836,1.000000,7.631531,0.010000,0.783301,3,0.009506,8
859,1,0,2.938773,39.915848,0.902776,1.000000,7.631531,0.010000,0.903344,3,0.009506,8
860,0,3,2.021396,40.050403,0.902564,1.000000,7.631531,0.010000,0.639684,3,0.009506,8
861,0,5,2.392310,40.196073,0.902897,1.000000,7.631531,0.010000,0.557458,3,0.009506,8
862,1,6,2.470230,40.217565,0.902750,1.000000,7.631531,0.010000,0.599852,3,0.009506,8
863,1,6,2.614013,40.217231,0.902212,1.000000,7.631531,0.010000,0.610404,3,0.009506,8
864,3,4,2.671890,40.197999,0.902740,1.000000,7.631531,0.010000,0.760723,3,0.009506,8
865,3,4,2.350254,40.096488,0.902163,1.000000,7.631531,0.010000,0.811186,3,0.009506,8
866,0,5,2.011093,40.334011,0.902243,1.000000,7.631531,0.010000,0.623317,3,0.009506,8
867,0,2,2.264132,40.329975,0.902829,1.000000,7.631531,0.010000,0.479829,3,0.009506,8
868,1,6,2.189778,40.461182,0.902552,1.000000,7.631531,0.010000,0.581401,3,0.009506,8
869,0,3,2.451507,40.331203,0.902484,1.000000,7.631531,0.010000,0.601046,3,0.009506,8
870,1,7,2.671226,40.583333,0.902483,1.000000,7.631531,0.010000,0.675832,3,0.009506,8
871,2,6,2.641232,40.384879,0.902929,1.000000,7.631531,0.010000,0.581043,3,0.009506,8
872,2,5,2.631133,40.475866,0.902491,1.000000,7.631531,0.010000,0.605438,3,0.009506,8
873,3,2,2.578480,40.596980,0.902596,1.000000,7.631531,0.010000,0.536957,3,0.009506,8
874,0,4,2.667900,40.942956,0.902902,1.000000,7.631531,0.010000,0.931969,3,0.009506,8
875,1,6,2.472776,40.547037,0.902481,1.000000,7.631531,0.010000,0.371237,3,0.009506,8
876,1,1,2.163661,40.661486,0.902466,1.000000,7.631531,0.010000,0.670642,3,0.009506,8
877,1,1,2.048743,40.825770,0.902518,1.000000,7.631531,0.010000,0.661955,3,0.009506,8
878,0,4,2.659099,41.110164,0.902563,1.000000,7.631531,0.010000,0.905587,3,0.009506,8
879,0,5,2.685936,41.081988,0.902473,1.000000,7.631531,0.010000,0.711167,3,0.009506,8
880,0,5,2.682095,40.875926,0.902470,1.000000,7.631531,0.010000,0.711637,3,0.009506,8
881,0,5,2.617064,41.059211,0.902944,1.000000,7.631531,0.010000,0.686937,3,0.009506,8
882,1,7,2.426997,41.085005,0.902479,1.000000,7.631531,0.010000,0.758153,3,0.009506,8
883,1,7,2.296287,40.939423,0.903169,1.000000,7.631531,0.010000,0.764311,3,0.009506,8
884,2,5,3.005829,40.912571,0.902522,1.000000,7.631531,0.010000,0.657193,3,0.009506,8
885,0,5,2.627445,40.946082,0.903006,1.000000,7.631531,0.010000,0.486710,3,0.009506,8
886,2,6,2.466933,41.163649,0.902835,1.000000,7.631531,0.010000,0.271007,3,0.009506,8
887,0,3,2.857478,41.412516,0.902435,1.000000,7.631531,0.010000,0.902971,3,0.009506,8
888,0,5,2.869586,41.713174,0.902818,1.000000,7.631531,0.010000,0.660581,3,0.009506,8
889,1,7,2.495396,41.915363,0.902502,1.000000,7.631531,0.010000,0.824230,3,0.009506,8
890,1,7,2.970593,42.307263,0.902613,1.000000,7.631531,0.010000,1.106888,3,0.009506,8
891,0,4,2.652855,42.076258,0.902736,1.000000,7.631531,0.010000,1.047104,3,0.009506,8
892,0,5,2.971346,41.919751,0.902951,1.000000,7.631531,0.010000,0.953318,3,0.009506,8
893,0,3,2.415626,41.579653,0.902367,1.000000,7.631531,0.010000,1.124610,3,0.009506,8
894,2,5,2.785276,41.464804,0.902547,1.000000,7.631531,0.010000,0.926081,3,0.009506,8
895,1,6,3.047166,41.104977,0.902308,1.000000,7.631531,0.010000,0.734373,3,0.009506,8
896,2,5,2.769888,40.757725,0.902204,1.000000,7.631531,0.010000,0.825503,3,0.009506,8
897,0,5,2.593454,40.772570,0.902490,1.000000,7.631531,0.010000,0.907961,3,0.009506,8
898,0,5,2.887817,40.471656,0.903156,1.000000,7.631531,0.010000,0.916407,3,0.009506,8
899,0,4,2.612678,40.408353,0.902938,1.000000,7.631531,0.010000,0.923711,3,0.009506,8
900,2,6,2.467439,40.752515,0.902510,1.000000,7.631531,0.010000,0.731990,3,0.009506,8
901,1,7,2.537732,40.590629,0.902960,1.000000,7.631531,0.010000,1.106379,3,0.009506,8
902,0,4,2.262563,40.411418,0.903067,1.000000,7.631531,0.010000,0.973228,3,0.009506,8
903,0,4,2.607031,40.366245,0.902672,1.000000,7.631531,0.010000,0.791995,3,0.009506,8
904,0,3,2.427481,40.454371,0.902651,1.000000,7.631531,0.010000,0.863270,3,0.009506,8
905,1,0,2.374026,40.256561,0.902758,1.000000,7.631531,0.010000,0.652745,3,0.009506,8
906,1,6,2.888492,40.302915,0.902369,1.000000,7.631531,0.010000,0.830189,3,0.009506,8
907,0,5,2.467567,40.379963,0.902906,1.000000,7.631531,0.010000,0.692293,3,0.009506,8
908,0,3,2.765606,40.243946,0.902470,1.000000,7.631531,0.010000,0.827285,3,0.009506,8
909,1,7,2.794784,40.224788,0.902837,1.000000,7.631531,0.010000,1.077907,3,0.009506,8
910,2,6,2.686753,40.253944,0.902137,1.000000,7.631531,0.010000,0.939018,3,0.009506,8
911,3,2,2.431860,40.094221,0.902653,1.000000,7.631531,0.010000,0.535529,3,0.009506,8
912,2,5,2.110108,40.060182,0.902841,1.000000,7.631531,0.010000,0.587835,3,0.009506,8
913,1,7,2.638166,40.099008,0.902810,1.000000,7.631531,0.010000,0.932142,3,0.009506,8
914,0,2,2.674956,40.064144,0.902332,1.000000,7.631531,0.010000,0.495834,3,0.009506,8
915,0,5,2.351933,40.132138,0.902747,1.000000,7.631531,0.010000,0.523325,3,0.009506,8
916,0,4,2.505726,40.082915,0.902925,1.000000,7.631531,0.010000,0.801743,3,0.009506,8
917,1,6,2.674030,40.134254,0.902152,1.000000,7.631531,0.010000,0.885779,3,0.009506,8
918,1,0,2.336722,39.677602,0.902230,1.000000,7.631531,0.010000,0.690364,3,0.009506,8
919,1,1,2.693279,39.464803,0.902575,1.000000,7.631531,0.010000,0.649102,3,0.009506,8
920,0,4,2.617505,39.576784,0.902438,1.000000,7.631531,0.010000,0.795771,3,0.009506,8
921,0,3,2.313167,39.370349,0.902166,1.000000,7.631531,0.010000,0.891223,3,0.009506,8
922,1,7,2.344947,39.395678,0.902082,1.000000,7.631531,0.010000,1.123214,3,0.009506,8
923,2,5,2.724194,39.532879,0.902604,1.000000,7.631531,0.010000,0.552161,3,0.009506,8
924,0,5,2.492173,39.767065,0.903356,1.000000,7.631531,0.010000,0.564457,3,0.009506,8
925,0,4,2.481310,39.960183,0.903550,1.000000,7.631531,0.010000,0.807228,3,0.009506,8
926,1,6,2.623777,40.046906,0.902493,1.000000,7.631531,0.010000,0.679425,3,0.009506,8
927,0,2,2.469583,40.139750,0.903201,1.000000,7.631531,0.010000,0.311591,3,0.009506,8
928,0,4,2.504911,40.116678,0.902800,1.000000,7.631531,0.010000,0.708495,3,0.009506,8
929,1,1,2.482106,40.066292,0.902598,1.000000,7.631531,0.010000,0.471232,3,0.009506,8
930,2,6,2.734062,40.076421,0.902421,1.000000,7.631531,0.010000,0.588511,3,0.009506,8
931,0,2,2.331334,39.714974,0.902240,1.000000,7.631531,0.010000,0.490605,3,0.009506,8
932,0,5,2.870338,39.477913,0.902488,1.000000,7.631531,0.010000,0.454337,3,0.009506,8
933,0,5,2.451249,39.767175,0.902186,1.000000,7.631531,0.010000,0.565711,3,0.009506,8
934,0,3,2.801008,39.475634,0.902898,1.000000,7.631531,0.010000,0.803254,3,0.009506,8
935,1,6,2.436360,39.449795,0.902716,1.000000,7.631531,0.010000,0.666760,3,0.009506,8
936,0,4,2.332945,39.374898,0.902928,1.000000,7.631531,0.010000,0.471151,3,0.009506,8
937,0,4,2.629675,39.340865,0.902048,1.000000,7.631531,0.010000,0.515205,3,0.009506,8
938,3,1,2.606174,39.441771,0.902566,1.000000,7.631531,0.010000,0.469772,3,0.009506,8
939,0,5,2.254762,39.217308,0.902068,1.000000,7.631531,0.010000,0.741204,3,0.009506,8
940,0,5,2.549621,39.221182,0.902636,1.000000,7.631531,0.010000,0.737507,3,0.009506,8
941,1,6,2.588041,39.296128,0.902157,1.000000,7.631531,0.010000,0.922609,3,0.009506,8
942,3,2,2.083532,39.397754,0.902936,1.000000,7.631531,0.010000,0.748100,3,0.009506,8
943,0,5,2.469090,39.453502,0.902161,1.000000,7.631531,0.010000,0.765388,3,0.009506,8
944,0,4,2.398351,39.697356,0.902760,1.000000,7.631531,0.010000,0.599874,3,0.009506,8
945,1,6,2.210760,39.812536,0.902389,1.000000,7.631531,0.010000,0.816160,3,0.009506,8
946,1,6,3.098598,39.860641,0.902870,1.000000,7.631531,0.010000,0.991687,3,0.009506,8
947,1,6,2.210622,39.848717,0.902062,1.000000,7.631531,0.010000,0.981036,3,0.009506,8
948,0,4,3.058360,40.020915,0.902874,1.000000,7.631531,0.010000,0.765370,3,0.009506,8
949,0,5,2.371849,40.302369,0.902477,1.000000,7.631531,0.010000,0.690652,3,0.009506,8
950,2,5,2.651357,40.781078,0.902629,1.000000,7.631531,0.010000,0.870852,3,0.009506,8
951,2,5,2.264538,40.895990,0.902997,1.000000,7.631531,0.010000,0.892499,3,0.009506,8
952,1,6,2.636351,40.749665,0.902164,1.000000,7.631531,0.010000,0.921019,3,0.009506,8
953,1,7,2.446399,40.780607,0.902714,1.000000,7.631531,0.010000,1.175112,3,0.009506,8
954,1,7,2.358581,40.840371,0.902570,1.000000,7.631531,0.010000,1.091506,3,0.009506,8
955,0,5,2.133577,40.820226,0.902213,1.000000,7.631531,0.010000,0.901628,3,0.009506,8
956,1,6,2.734792,40.663639,0.902791,1.000000,7.631531,0.010000,1.056011,3,0.009506,8
957,3,1,2.351297,40.684527,0.902169,1.000000,7.631531,0.010000,0.660886,3,0.009506,8
958,0,5,2.542846,40.655145,0.902117,1.000000,7.631531,0.010000,0.929622,3,0.009506,8
959,1,6,2.654739,40.942614,0.902681,1.000000,7.631531,0.010000,1.052957,3,0.009506,8
960,0,4,2.391242,40.890926,0.902502,1.000000,7.631531,0.010000,0.814532,3,0.009506,8
961,0,3,2.294134,40.696987,0.902350,1.000000,7.631531,0.010000,0.700632,3,0.009506,8
962,1,6,2.772756,40.599479,0.902487,1.000000,7.631531,0.010000,0.907725,3,0.009506,8
963,2,5,2.320960,40.813664,0.902560,1.000000,7.631531,0.010000,0.572840,3,0.009506,8
964,0,5,2.550870,40.796116,0.902510,1.000000,7.631531,0.010000,0.546764,3,0.009506,8
965,1,1,2.142409,40.496275,0.902724,1.000000,7.631531,0.010000,0.602523,3,0.009506,8
966,1,0,2.750128,40.548834,0.902587,1.000000,7.631531,0.010000,0.976196,3,0.009506,8
967,0,5,3.159049,40.856459,0.902277,1.000000,7.631531,0.010000,0.684784,3,0.009506,8
968,2,6,2.628858,40.737208,0.902833,1.000000,7.631531,0.010000,0.744162,3,0.009506,8
969,1,0,2.269162,41.077570,0.902176,1.000000,7.631531,0.010000,0.817336,3,0.009506,8
970,1,0,2.524308,40.837837,0.902775,1.000000,7.631531,0.010000,0.867393,3,0.009506,8
971,3,1,2.096609,40.812801,0.902043,1.000000,7.631531,0.010000,0.631114,3,0.009506,8
972,0,2,2.751359,40.667336,0.902132,1.000000,7.631531,0.010000,0.774717,3,0.009506,8
973,0,5,2.640651,40.665929,0.902893,1.000000,7.631531,0.010000,0.664367,3,0.009506,8
974,0,5,2.749405,40.384931,0.902205,1.000000,7.631531,0.010000,0.665491,3,0.009506,8
975,0,4,2.438471,40.424159,0.902518,1.000000,7.631531,0.010000,0.539857,3,0.009506,8
976,0,2,2.748499,40.226091,0.902785,1.000000,7.631531,0.010000,0.766636,3,0.009506,8
977,0,4,2.274431,39.929772,0.902567,1.000000,7.631531,0.010000,0.639918,3,0.009506,8
978,1,6,2.811291,39.890192,0.902495,1.000000,7.631531,0.010000,0.522552,3,0.009506,8
979,0,5,2.661296,40.024151,0.902120,1.000000,7.631531,0.010000,0.649470,3,0.009506,8
980,0,4,2.235165,40.010433,0.902290,1.000000,7.631531,0.010000,0.690643,3,0.009506,8
981,0,3,2.196331,39.885046,0.902743,1.000000,7.631531,0.010000,0.612619,3,0.009506,8
982,2,6,2.499454,39.709737,0.902793,1.000000,7.631531,0.010000,0.625817,3,0.009506,8
983,1,6,2.753134,39.551926,0.902723,1.000000,7.631531,0.010000,0.632742,3,0.009506,8
984,0,2,2.138024,39.633347,0.902492,1.000000,7.631531,0.010000,0.901642,3,0.009506,8
985,1,1,2.384984,39.614370,0.902918,1.000000,7.631531,0.010000,0.784229,3,0.009506,8
986,0,5,2.949663,39.632587,0.902947,1.000000,7.631531,0.010000,0.727217,3,0.009506,8
987,0,5,2.667614,39.498015,0.902056,1.000000,7.631531,0.010000,0.737386,3,0.009506,8
988,0,5,2.601904,39.672556,0.902967,1.000000,7.631531,0.010000,0.736745,3,0.009506,8
989,3,2,2.395101,39.658751,0.902674,1.000000,7.631531,0.010000,0.850422,3,0.009506,8
990,0,4,2.692096,39.703314,0.902564,1.000000,7.631531,0.010000,0.678439,3,0.009506,8
991,0,5,2.795057,39.532499,0.902129,1.000000,7.631531,0.010000,0.442175,3,0.009506,8
992,0,5,2.570627,39.547471,0.902931,1.000000,7.631531,0.010000,0.520707,3,0.009506,8
993,3,1,2.297150,39.912511,0.902820,1.000000,7.631531,0.010000,0.854629,3,0.009506,8
994,2,6,2.592028,40.135196,0.902886,1.000000,7.631531,0.010000,0.563695,3,0.009506,8
995,0,5,2.611415,39.963854,0.902034,1.000000,7.631531,0.010000,0.530440,3,0.009506,8
996,1,6,2.699073,40.371959,0.902445,1.000000,7.631531,0.010000,0.474500,3,0.009506,8
997,1,7,2.244538,40.397069,0.902108,1.000000,7.631531,0.010000,0.547853,3,0.009506,8
998,2,6,2.486962,40.603470,0.902472,1.000000,7.631531,0.010000,0.425563,3,0.009506,8
999,0,4,2.368895,40.455060,0.902480,1.000000,7.631531,0.010000,0.758773,4,0.009087,8
