step,action,action_bin,action_vec_norm,free_energy,confidence,obs_norm,frame_mean,beta,info_gain
0,1,7,2.250673,40.594692,0.883732,1.000000,7.631531,0.999802,1.000000
1,0,3,2.364422,54.941448,0.902057,1.000000,7.631531,0.999406,1.000000
2,0,5,2.035481,43.914397,0.903023,1.000000,7.631531,0.999010,1.000000
3,1,7,2.652236,43.772331,0.902447,1.000000,7.631531,0.998614,2.078946
4,1,0,2.455021,40.964428,0.903208,1.000000,7.631531,0.998218,0.819802
5,1,7,2.594126,39.137471,0.902471,1.000000,7.631531,0.997822,2.142268
6,1,7,2.336085,37.687436,0.902853,1.000000,7.631531,0.997426,2.277263
7,1,7,2.318429,38.031284,0.902040,1.000000,7.631531,0.997030,2.351891
8,1,7,2.337508,37.608543,0.902904,1.000000,7.631531,0.996634,2.207664
9,0,5,2.656202,38.057658,0.902815,1.000000,7.631531,0.996238,2.551742
10,1,7,2.752849,37.158777,0.902128,1.000000,7.631531,0.995842,2.120792
11,0,4,1.939820,36.988583,0.902756,1.000000,7.631531,0.995446,9.520873
12,0,4,2.764802,36.078711,0.902432,1.000000,7.631531,0.995050,7.708895
13,0,4,2.438372,35.986005,0.902440,1.000000,7.631531,0.994654,7.263678
14,0,3,2.972096,36.498593,0.902420,1.000000,7.631531,0.994258,8.771682
15,0,4,2.764270,36.437387,0.902929,1.000000,7.631531,0.993862,6.740943
16,0,4,2.910688,36.159977,0.902058,1.000000,7.631531,0.993466,5.957016
17,0,4,2.709951,36.083984,0.902762,1.000000,7.631531,0.993070,5.672090
18,0,4,3.641615,36.194273,0.902459,1.000000,7.631531,0.992674,5.385723
19,0,3,2.263560,36.310784,0.902220,1.000000,7.631531,0.992278,7.443821
20,1,6,2.341561,36.173432,0.902751,1.000000,7.631531,0.991882,2.761942
21,0,3,3.090103,35.839734,0.902599,1.000000,7.631531,0.991486,6.855170
22,0,3,2.621531,35.523090,0.902508,1.000000,7.631531,0.991090,6.474586
23,3,6,2.376015,35.668482,0.902441,1.000000,7.631531,0.990694,2.315525
24,0,2,2.630568,35.743948,0.902000,1.000000,7.631531,0.990298,2.156263
25,0,2,2.666902,35.770282,0.902990,1.000000,7.631531,0.989902,2.026205
26,3,6,2.578290,35.673681,0.902383,1.000000,7.631531,0.989506,2.166040
27,3,2,2.255600,35.626580,0.902090,1.000000,7.631531,0.989110,2.054863
28,0,5,2.615887,35.585496,0.902892,1.000000,7.631531,0.988714,2.397806
29,0,5,2.626914,35.740378,0.902400,1.000000,7.631531,0.988318,2.321334
30,1,6,2.633055,35.606328,0.902376,1.000000,7.631531,0.987922,1.915005
31,3,2,2.372427,35.526389,0.902447,1.000000,7.631531,0.987526,1.893831
32,0,2,2.083413,35.701243,0.902135,1.000000,7.631531,0.987130,1.890917
33,3,2,2.590009,35.641834,0.902076,1.000000,7.631531,0.986734,0.757842
34,2,5,3.149240,35.644940,0.902830,1.000000,7.631531,0.986338,1.389282
35,1,0,2.367747,35.718832,0.902743,1.000000,7.631531,0.985942,2.520410
36,1,0,2.386623,35.598876,0.903194,1.000000,7.631531,0.985546,2.563564
37,0,5,2.575212,35.776090,0.903167,1.000000,7.631531,0.985150,1.149066
38,1,6,2.275148,35.762549,0.902090,1.000000,7.631531,0.984754,0.564178
39,0,5,2.361830,35.596424,0.903145,1.000000,7.631531,0.984358,0.698459
40,1,1,2.205382,35.703950,0.902949,1.000000,7.631531,0.983962,4.509861
41,1,1,2.639863,35.454657,0.902490,1.000000,7.631531,0.983566,4.365470
42,1,0,2.368086,35.367414,0.902070,1.000000,7.631531,0.983170,2.448022
43,1,0,2.456739,35.444538,0.902588,1.000000,7.631531,0.982774,2.351119
44,1,1,2.329442,35.798987,0.902121,1.000000,7.631531,0.982378,3.976847
45,0,3,1.936024,35.880682,0.902793,1.000000,7.631531,0.981982,0.848846
46,1,1,2.575703,35.666800,0.902476,1.000000,7.631531,0.981586,3.791569
47,3,1,2.831449,35.533404,0.902517,1.000000,7.631531,0.981190,3.606484
48,1,1,2.721135,35.605105,0.902147,1.000000,7.631531,0.980794,2.638778
49,1,0,2.644925,35.654007,0.902437,1.000000,7.631531,0.980398,1.725066
50,1,1,2.948871,35.549795,0.902996,1.000000,7.631531,0.980002,0.605125
51,0,4,2.488330,35.693584,0.902756,1.000000,7.631531,0.979606,1.401084
52,2,6,2.407096,35.844769,0.902779,1.000000,7.631531,0.979210,0.576018
53,1,6,2.507776,35.983011,0.902685,1.000000,7.631531,0.978814,0.341491
54,0,4,2.677347,36.090297,0.902047,1.000000,7.631531,0.978418,1.381015
55,1,6,1.948007,35.926219,0.902801,1.000000,7.631531,0.978022,0.458412
56,3,1,1.955665,35.985706,0.902907,1.000000,7.631531,0.977626,0.687787
57,1,0,2.312590,36.051338,0.902560,1.000000,7.631531,0.977230,0.377577
58,1,7,2.583689,36.154327,0.902909,1.000000,7.631531,0.976834,0.837013
59,0,4,2.472420,36.294619,0.903278,1.000000,7.631531,0.976438,1.348785
60,0,4,2.331400,36.357572,0.902569,1.000000,7.631531,0.976042,0.496342
61,0,5,2.313333,36.533964,0.902087,1.000000,7.631531,0.975646,0.590320
62,0,3,2.397370,36.697040,0.902431,1.000000,7.631531,0.975250,0.510404
63,1,0,2.588600,36.957900,0.902705,1.000000,7.631531,0.974854,0.613599
64,1,7,2.462145,36.864226,0.902892,1.000000,7.631531,0.974458,0.702761
65,1,0,2.452077,36.611905,0.902740,1.000000,7.631531,0.974062,0.569660
66,2,6,2.352225,36.484302,0.902816,1.000000,7.631531,0.973666,0.378586
67,0,5,2.166827,36.501121,0.902511,1.000000,7.631531,0.973270,0.588935
68,2,6,2.355458,36.509500,0.902843,1.000000,7.631531,0.972874,0.402639
69,0,5,2.454611,36.596122,0.902107,1.000000,7.631531,0.972478,0.594261
70,3,2,2.528436,36.786574,0.902799,1.000000,7.631531,0.972082,0.777776
71,0,3,2.452601,37.001408,0.902514,1.000000,7.631531,0.971686,0.558774
72,0,4,2.360985,36.942642,0.902569,1.000000,7.631531,0.971290,0.309057
73,1,6,2.193669,37.130850,0.902435,1.000000,7.631531,0.970894,0.486096
74,0,5,1.785823,37.453224,0.902595,1.000000,7.631531,0.970498,0.600577
75,0,2,2.671730,37.374344,0.902517,1.000000,7.631531,0.970102,0.899997
76,0,5,2.435938,37.515407,0.903207,1.000000,7.631531,0.969706,0.741077
77,1,7,2.270770,37.494266,0.902710,1.000000,7.631531,0.969310,0.505573
78,1,6,2.286168,37.647196,0.902213,1.000000,7.631531,0.968914,0.633353
79,0,4,2.116793,37.775456,0.902368,1.000000,7.631531,0.968518,0.318797
80,0,5,2.351481,37.562800,0.903202,1.000000,7.631531,0.968122,0.740565
81,3,2,2.541751,37.769375,0.902557,1.000000,7.631531,0.967726,1.097403
82,3,4,1.943775,37.988343,0.903143,1.000000,7.631531,0.967330,0.316393
83,1,0,2.618176,38.099683,0.902197,1.000000,7.631531,0.966934,0.805919
84,0,3,2.343944,38.097366,0.902851,1.000000,7.631531,0.966538,0.730552
85,1,0,2.335501,37.891763,0.902787,1.000000,7.631531,0.966142,0.873515
86,0,5,2.553541,37.934777,0.902934,1.000000,7.631531,0.965746,0.780692
87,1,1,2.502047,38.023322,0.902779,1.000000,7.631531,0.965350,0.992809
88,0,5,2.521479,38.089816,0.903051,1.000000,7.631531,0.964954,0.807112
89,0,4,2.178803,37.948756,0.902480,1.000000,7.631531,0.964558,0.310680
90,0,5,2.276084,37.809584,0.902496,1.000000,7.631531,0.964162,0.684975
91,2,6,2.229880,37.832196,0.902498,1.000000,7.631531,0.963766,0.649302
92,0,2,2.574017,37.855357,0.902607,1.000000,7.631531,0.963370,0.527312
93,0,3,2.789997,37.643157,0.902296,1.000000,7.631531,0.962974,0.989055
94,1,6,2.702078,37.838071,0.902502,1.000000,7.631531,0.962578,0.575938
95,0,3,2.413298,37.890044,0.902900,1.000000,7.631531,0.962182,0.961022
96,1,6,2.159458,37.894662,0.902692,1.000000,7.631531,0.961786,0.514706
97,3,3,2.230079,37.949552,0.902459,1.000000,7.631531,0.961390,0.797470
98,0,3,2.303836,38.076565,0.902750,1.000000,7.631531,0.960994,0.576861
99,3,2,2.133707,38.137618,0.903124,1.000000,7.631531,0.960598,0.499562
100,1,0,2.373453,38.488877,0.903238,1.000000,7.631531,0.960202,0.913709
101,1,6,2.395112,38.195930,0.902492,1.000000,7.631531,0.959806,0.436580
102,0,4,2.044057,38.075713,0.902611,1.000000,7.631531,0.959410,0.313263
103,0,3,2.797218,37.813210,0.902876,1.000000,7.631531,0.959014,0.525280
104,0,4,2.574912,37.737950,0.902430,1.000000,7.631531,0.958618,0.421653
105,0,2,2.264572,37.770861,0.902046,1.000000,7.631531,0.958222,0.478972
106,0,3,2.403138,37.729180,0.902489,1.000000,7.631531,0.957826,0.477644
107,1,6,2.264306,37.835132,0.903158,1.000000,7.631531,0.957430,0.398658
108,3,1,2.050025,37.697628,0.902509,1.000000,7.631531,0.957034,0.946518
109,1,0,2.425772,37.837051,0.902863,1.000000,7.631531,0.956638,0.745774
110,0,3,2.070351,37.681774,0.902539,1.000000,7.631531,0.956242,0.619123
111,0,4,2.615425,38.009139,0.902878,1.000000,7.631531,0.955846,0.517822
112,3,1,2.172902,38.225811,0.902197,1.000000,7.631531,0.955450,0.935710
113,0,5,2.349013,38.168670,0.902479,1.000000,7.631531,0.955054,0.359467
114,0,2,2.352133,38.158259,0.902738,1.000000,7.631531,0.954658,0.423518
115,3,2,2.298005,38.152561,0.902748,1.000000,7.631531,0.954262,0.424666
116,0,4,2.244547,38.099399,0.902840,1.000000,7.631531,0.953866,0.522973
117,1,6,2.551804,38.348664,0.902210,1.000000,7.631531,0.953470,0.451462
118,1,6,2.679933,38.478789,0.902834,1.000000,7.631531,0.953074,0.540811
119,0,3,2.316586,38.645867,0.902794,1.000000,7.631531,0.952678,0.529237
120,0,3,2.555877,38.436765,0.902779,1.000000,7.631531,0.952282,0.551218
121,3,2,2.558859,38.337766,0.902488,1.000000,7.631531,0.951886,0.476763
122,1,6,2.438397,38.399849,0.902826,1.000000,7.631531,0.951490,0.518830
123,1,7,2.537019,38.295739,0.902494,1.000000,7.631531,0.951094,0.418356
124,0,5,2.646861,38.204284,0.902908,1.000000,7.631531,0.950698,0.363316
125,0,2,2.018442,38.296946,0.902064,1.000000,7.631531,0.950302,0.432694
126,0,5,2.564517,38.090822,0.902523,1.000000,7.631531,0.949906,0.356011
127,0,4,2.695233,37.854871,0.902950,1.000000,7.631531,0.949510,0.527776
128,3,2,2.484454,38.096211,0.902428,1.000000,7.631531,0.949114,0.428293
129,0,5,2.270148,37.975868,0.902873,1.000000,7.631531,0.948718,0.403940
130,1,0,2.262180,38.033612,0.902572,1.000000,7.631531,0.948322,0.836819
131,0,4,2.248124,37.967674,0.902766,1.000000,7.631531,0.947926,0.561744
132,1,6,2.510789,37.672790,0.902505,1.000000,7.631531,0.947530,0.504193
133,1,1,2.277143,37.835168,0.902476,1.000000,7.631531,0.947134,0.585686
134,1,0,2.231446,37.981618,0.902475,1.000000,7.631531,0.946738,0.808384
135,0,4,2.478776,38.173713,0.902477,1.000000,7.631531,0.946342,0.478287
136,0,5,2.705135,38.122481,0.902815,1.000000,7.631531,0.945946,0.533616
137,3,4,2.087087,37.988455,0.902540,1.000000,7.631531,0.945550,0.582403
138,0,5,2.474108,38.222647,0.902517,1.000000,7.631531,0.945154,0.556895
139,0,3,1.925617,38.270386,0.902442,1.000000,7.631531,0.944758,0.614160
140,1,6,2.720375,38.209936,0.902906,1.000000,7.631531,0.944362,0.495295
141,0,3,2.816280,38.197687,0.902493,1.000000,7.631531,0.943966,0.628707
142,0,2,1.937831,38.265966,0.902163,1.000000,7.631531,0.943570,0.541700
143,2,6,2.299854,38.268331,0.902256,1.000000,7.631531,0.943174,0.413104
144,0,4,2.469113,38.205718,0.902365,1.000000,7.631531,0.942778,0.603367
145,0,5,2.534639,38.205927,0.902206,1.000000,7.631531,0.942382,0.488742
146,0,3,2.389892,38.187597,0.902742,1.000000,7.631531,0.941986,0.614938
147,0,5,2.339332,37.953076,0.902849,1.000000,7.631531,0.941590,0.456894
148,0,4,2.475887,37.969817,0.902799,1.000000,7.631531,0.941194,0.449108
149,0,5,2.753500,37.936188,0.902704,1.000000,7.631531,0.940798,0.410740
150,1,6,2.656580,37.789835,0.902603,1.000000,7.631531,0.940402,0.348942
151,0,3,2.356194,37.735030,0.902579,1.000000,7.631531,0.940006,0.662941
152,0,5,2.280640,37.579907,0.902533,1.000000,7.631531,0.939610,0.485881
153,0,3,2.360208,37.894641,0.902105,1.000000,7.631531,0.939214,0.594876
154,0,5,2.622534,37.960528,0.902168,1.000000,7.631531,0.938818,0.486412
155,0,4,2.520281,37.937781,0.902415,1.000000,7.631531,0.938422,0.416163
156,3,2,2.392737,37.853906,0.902790,1.000000,7.631531,0.938026,0.525532
157,0,5,2.687885,37.749164,0.902338,1.000000,7.631531,0.937630,0.440485
158,1,0,2.436632,37.711184,0.902840,1.000000,7.631531,0.937234,0.810629
159,1,1,2.248676,38.141019,0.902431,1.000000,7.631531,0.936838,0.547044
160,1,6,2.113982,38.085805,0.902188,1.000000,7.631531,0.936442,0.529276
161,0,5,2.218763,38.198165,0.902871,1.000000,7.631531,0.936046,0.448749
162,0,5,2.421006,38.428521,0.902411,1.000000,7.631531,0.935650,0.447547
163,1,6,2.468824,38.613544,0.902505,1.000000,7.631531,0.935254,0.556258
164,0,2,1.927696,38.757709,0.902777,1.000000,7.631531,0.934858,0.538476
165,0,5,2.293507,38.872922,0.902228,1.000000,7.631531,0.934462,0.497788
166,2,5,2.685536,38.679082,0.902543,1.000000,7.631531,0.934066,0.568982
167,3,1,2.788406,38.554459,0.902116,1.000000,7.631531,0.933670,0.664644
168,0,2,2.631467,38.589012,0.902089,1.000000,7.631531,0.933274,0.553601
169,0,5,2.296978,38.656604,0.902695,1.000000,7.631531,0.932878,0.447572
170,3,1,2.510633,38.635343,0.902823,1.000000,7.631531,0.932482,0.706643
171,3,1,2.502079,38.622398,0.902136,1.000000,7.631531,0.932086,0.716773
172,1,6,2.421930,38.491221,0.902571,1.000000,7.631531,0.931690,0.541701
173,1,1,2.204033,38.322049,0.902486,1.000000,7.631531,0.931294,0.715496
174,2,5,2.331671,38.332694,0.903194,1.000000,7.631531,0.930898,0.434634
175,1,0,2.929671,38.115184,0.902438,1.000000,7.631531,0.930502,0.770631
176,0,4,2.443774,38.443169,0.902849,1.000000,7.631531,0.930106,0.436889
177,0,5,2.697642,38.652392,0.902842,1.000000,7.631531,0.929710,0.528069
178,0,3,2.087914,38.894361,0.902755,1.000000,7.631531,0.929314,0.512692
179,0,3,2.306235,38.925767,0.902628,1.000000,7.631531,0.928918,0.533485
180,1,0,2.708229,39.107141,0.902959,1.000000,7.631531,0.928522,0.848828
181,3,1,2.579888,39.098250,0.902147,1.000000,7.631531,0.928126,0.782191
182,0,3,2.272756,39.054019,0.902197,1.000000,7.631531,0.927730,0.416599
183,0,2,2.424645,39.083334,0.902586,1.000000,7.631531,0.927334,0.566784
184,1,1,2.631705,39.449671,0.902513,1.000000,7.631531,0.926938,0.830660
185,1,0,2.097037,39.433898,0.902536,1.000000,7.631531,0.926542,0.784737
186,1,7,2.354578,39.293398,0.902408,1.000000,7.631531,0.926146,0.286760
187,0,5,2.437991,39.266623,0.902863,1.000000,7.631531,0.925750,0.477678
188,0,5,2.476371,39.506324,0.903133,1.000000,7.631531,0.925354,0.533374
189,2,5,2.424167,39.682033,0.902121,1.000000,7.631531,0.924958,0.598850
190,0,5,2.668043,39.860425,0.902671,1.000000,7.631531,0.924562,0.665946
191,1,6,2.283104,39.642131,0.902861,1.000000,7.631531,0.924166,0.647358
192,0,2,1.935598,39.811523,0.902437,1.000000,7.631531,0.923770,0.529085
193,3,1,2.744696,39.549796,0.902410,1.000000,7.631531,0.923374,0.775251
194,1,1,2.675044,39.447039,0.902464,1.000000,7.631531,0.922978,0.660180
195,1,7,2.569381,39.259596,0.902937,1.000000,7.631531,0.922582,0.466303
196,0,2,2.275490,39.276343,0.902905,1.000000,7.631531,0.922186,0.545836
197,0,4,2.197511,38.942695,0.902479,1.000000,7.631531,0.921790,0.662179
198,3,3,2.554182,39.033744,0.902461,1.000000,7.631531,0.921394,0.665184
199,0,4,1.927369,39.081250,0.903086,1.000000,7.631531,0.920998,0.686011
200,0,3,2.368284,39.117360,0.902825,1.000000,7.631531,0.920602,0.509684
201,0,4,2.770225,38.959649,0.902527,1.000000,7.631531,0.920206,0.760040
202,0,5,2.505249,38.890435,0.902890,1.000000,7.631531,0.919810,0.285414
203,0,5,2.664470,38.755042,0.902452,1.000000,7.631531,0.919414,0.291212
204,1,0,2.218319,38.897512,0.902241,1.000000,7.631531,0.919018,0.401187
205,3,1,2.002089,38.997604,0.902064,1.000000,7.631531,0.918622,0.782499
206,0,5,2.564181,39.156130,0.902284,1.000000,7.631531,0.918226,0.347407
207,0,2,2.664517,39.207065,0.903008,1.000000,7.631531,0.917830,0.613759
208,0,4,2.502403,39.183364,0.902671,1.000000,7.631531,0.917434,0.782490
209,0,4,2.422398,39.033280,0.902608,1.000000,7.631531,0.917038,0.761898
210,1,0,2.227124,38.801896,0.902459,1.000000,7.631531,0.916642,0.472875
211,0,4,2.657406,38.891073,0.902533,1.000000,7.631531,0.916246,0.707900
212,0,5,2.364067,38.749111,0.902488,1.000000,7.631531,0.915850,0.328085
213,0,4,2.605548,38.935195,0.902617,1.000000,7.631531,0.915454,0.712837
214,1,6,2.627957,39.075328,0.902923,1.000000,7.631531,0.915058,0.403168
215,1,1,2.091044,39.088530,0.902525,1.000000,7.631531,0.914662,0.849025
216,3,1,2.278463,38.795624,0.902493,1.000000,7.631531,0.914266,0.858504
217,1,1,2.730455,38.627584,0.902458,1.000000,7.631531,0.913870,0.848402
218,0,3,2.359655,38.490940,0.902446,1.000000,7.631531,0.913474,0.492416
219,1,1,2.426935,38.552088,0.902227,1.000000,7.631531,0.913078,0.809537
220,1,1,2.579716,38.497778,0.902765,1.000000,7.631531,0.912682,0.813605
221,3,1,2.597739,38.280220,0.902476,1.000000,7.631531,0.912286,0.777284
222,1,0,1.986819,38.121554,0.902476,1.000000,7.631531,0.911890,0.716127
223,1,6,1.919201,38.188211,0.902614,1.000000,7.631531,0.911494,0.726453
224,0,2,2.215304,37.943115,0.902418,1.000000,7.631531,0.911098,0.673084
225,1,6,2.700500,38.074812,0.902838,1.000000,7.631531,0.910702,0.712164
226,1,1,2.150536,38.017733,0.902508,1.000000,7.631531,0.910306,0.885939
227,3,2,2.841747,37.904813,0.902507,1.000000,7.631531,0.909910,0.654766
228,3,1,2.693324,37.904972,0.902213,1.000000,7.631531,0.909514,0.763301
229,1,1,2.472915,38.269611,0.902776,1.000000,7.631531,0.909118,0.694853
230,0,4,2.522822,38.188266,0.903102,1.000000,7.631531,0.908722,0.816563
231,1,7,2.626393,38.045563,0.902540,1.000000,7.631531,0.908326,0.440264
232,1,1,2.414703,37.983064,0.902850,1.000000,7.631531,0.907930,0.725857
233,0,4,2.647957,38.139174,0.902808,1.000000,7.631531,0.907534,0.684597
234,0,5,2.245927,38.003351,0.902959,1.000000,7.631531,0.907138,0.658379
235,0,3,2.322340,38.012973,0.902654,1.000000,7.631531,0.906742,0.545219
236,0,5,2.553186,37.836393,0.902120,1.000000,7.631531,0.906346,0.687722
237,3,1,2.471426,37.933456,0.902837,1.000000,7.631531,0.905950,0.707611
238,1,6,2.332706,37.749898,0.902401,1.000000,7.631531,0.905554,0.845899
239,0,3,2.257086,37.868303,0.902525,1.000000,7.631531,0.905158,0.564813
240,2,5,2.548024,37.746207,0.902203,1.000000,7.631531,0.904762,0.655580
241,1,1,2.297908,37.813456,0.902015,1.000000,7.631531,0.904366,0.633453
242,3,2,2.466030,37.855438,0.902202,1.000000,7.631531,0.903970,0.578799
243,0,3,2.481250,37.838304,0.902447,1.000000,7.631531,0.903574,0.502762
244,0,2,2.515759,37.843234,0.902586,1.000000,7.631531,0.903178,0.435671
245,1,1,2.734229,37.692975,0.902507,1.000000,7.631531,0.902782,0.617146
246,1,1,2.333515,37.545331,0.902582,1.000000,7.631531,0.902386,0.547929
247,0,2,2.687940,37.447562,0.902497,1.000000,7.631531,0.901990,0.327590
248,1,6,2.541470,37.725327,0.902902,1.000000,7.631531,0.901594,0.844433
249,1,0,2.661873,37.868038,0.902085,1.000000,7.631531,0.901198,0.622319
250,1,0,2.368599,37.842227,0.902445,1.000000,7.631531,0.900802,0.679517
251,0,4,2.536048,37.638594,0.902838,1.000000,7.631531,0.900406,0.544311
252,0,3,2.333974,37.656409,0.902382,1.000000,7.631531,0.900010,0.457063
253,0,5,2.563818,37.812215,0.902840,1.000000,7.631531,0.899614,0.563423
254,0,5,2.615635,37.572041,0.902466,1.000000,7.631531,0.899218,0.551933
255,0,5,2.329282,37.622825,0.902097,1.000000,7.631531,0.898822,0.528835
256,2,6,2.539021,37.566976,0.902840,1.000000,7.631531,0.898426,0.819272
257,3,2,2.325014,37.388031,0.902871,1.000000,7.631531,0.898030,0.403684
258,1,0,2.139884,37.576790,0.902639,1.000000,7.631531,0.897634,0.811804
259,2,6,2.331655,37.662978,0.902856,1.000000,7.631531,0.897238,0.778531
260,1,7,2.522098,37.569283,0.902395,1.000000,7.631531,0.896842,0.745777
261,0,3,2.357565,37.484504,0.902502,1.000000,7.631531,0.896446,0.515304
262,0,4,2.401792,37.693032,0.902893,1.000000,7.631531,0.896050,0.575220
263,1,7,2.763573,37.929149,0.903100,1.000000,7.631531,0.895654,0.587026
264,0,5,2.315856,38.086327,0.902981,1.000000,7.631531,0.895258,0.580298
265,2,6,2.354989,37.991935,0.902908,1.000000,7.631531,0.894862,0.428844
266,1,7,2.429536,38.104092,0.902436,1.000000,7.631531,0.894466,0.570409
267,1,6,2.677054,37.953341,0.902370,1.000000,7.631531,0.894070,0.331619
268,0,3,2.446348,38.050346,0.902382,1.000000,7.631531,0.893674,0.370800
269,1,0,2.349222,37.973072,0.902482,1.000000,7.631531,0.893278,0.738218
270,1,1,2.565778,37.773731,0.902833,1.000000,7.631531,0.892882,0.419380
271,1,6,2.619587,37.756938,0.902109,1.000000,7.631531,0.892486,0.301022
272,1,0,2.411653,37.482800,0.903004,1.000000,7.631531,0.892090,0.787842
273,0,5,2.622318,37.493717,0.902335,1.000000,7.631531,0.891694,0.486974
274,0,3,2.738094,37.679100,0.902955,1.000000,7.631531,0.891298,0.380476
275,1,0,2.252569,37.639783,0.902516,1.000000,7.631531,0.890902,0.634567
276,1,7,2.420009,37.565228,0.903073,1.000000,7.631531,0.890506,0.579724
277,0,5,2.464153,37.568350,0.903410,1.000000,7.631531,0.890110,0.489618
278,0,5,2.350189,37.799612,0.902448,1.000000,7.631531,0.889714,0.596408
279,0,2,2.220104,37.907754,0.902485,1.000000,7.631531,0.889318,0.298998
280,0,5,2.863439,37.753753,0.902566,1.000000,7.631531,0.888922,0.654861
281,0,4,2.573441,37.988747,0.902491,1.000000,7.631531,0.888526,0.504809
282,1,6,2.517016,38.065415,0.902755,1.000000,7.631531,0.888130,0.300872
283,1,0,2.582419,38.156922,0.902546,1.000000,7.631531,0.887734,0.661529
284,0,5,2.692375,38.116179,0.902779,1.000000,7.631531,0.887338,0.711415
285,0,3,2.339275,38.228525,0.902690,1.000000,7.631531,0.886942,0.385423
286,1,0,2.269208,38.426713,0.902959,1.000000,7.631531,0.886546,0.650845
287,1,1,2.148629,38.295517,0.903182,1.000000,7.631531,0.886150,0.443045
288,0,3,2.366513,38.721181,0.902037,1.000000,7.631531,0.885754,0.372159
289,0,2,2.229515,38.935698,0.902185,1.000000,7.631531,0.885358,0.413506
290,1,7,2.402613,39.093292,0.902767,1.000000,7.631531,0.884962,0.521170
291,3,2,2.653097,39.208581,0.903182,1.000000,7.631531,0.884566,0.644801
292,0,4,2.991306,39.106038,0.902497,1.000000,7.631531,0.884170,0.870309
293,1,6,2.668446,38.953866,0.902521,1.000000,7.631531,0.883774,0.608230
294,1,0,2.279556,38.767116,0.902565,1.000000,7.631531,0.883378,0.600356
295,0,2,2.766545,38.730371,0.902864,1.000000,7.631531,0.882982,0.779152
296,0,5,2.634166,38.733454,0.902190,1.000000,7.631531,0.882586,0.795328
297,1,1,2.167560,38.633318,0.902733,1.000000,7.631531,0.882190,0.482213
298,0,5,2.251444,38.452991,0.903060,1.000000,7.631531,0.881794,0.797719
299,1,0,2.135219,38.650547,0.903016,1.000000,7.631531,0.881398,0.604948
300,1,7,2.354159,38.328947,0.902865,1.000000,7.631531,0.881002,0.457813
301,0,5,2.367222,38.332359,0.902858,1.000000,7.631531,0.880606,0.702678
302,3,2,2.755760,38.628337,0.902847,1.000000,7.631531,0.880210,0.671051
303,1,7,2.714796,38.846351,0.902644,1.000000,7.631531,0.879814,0.538794
304,0,4,2.395452,39.049879,0.902510,1.000000,7.631531,0.879418,0.924488
305,0,4,2.721869,39.081172,0.902810,1.000000,7.631531,0.879022,0.830113
306,0,4,2.520463,39.037932,0.902528,1.000000,7.631531,0.878626,0.781231
307,0,3,2.157358,38.745892,0.902957,1.000000,7.631531,0.878230,0.394775
308,3,4,2.400721,38.785655,0.902855,1.000000,7.631531,0.877834,0.743538
309,0,4,2.664998,38.778261,0.902453,1.000000,7.631531,0.877438,0.588543
310,3,3,2.218100,38.663131,0.902410,1.000000,7.631531,0.877042,0.361226
311,2,5,2.771091,38.687636,0.902013,1.000000,7.631531,0.876646,0.679130
312,1,6,2.455768,38.675395,0.902564,1.000000,7.631531,0.876250,0.759053
313,0,4,2.560324,38.545119,0.902845,1.000000,7.631531,0.875854,0.541421
314,1,6,2.504776,38.672212,0.902056,1.000000,7.631531,0.875458,0.723276
315,0,4,2.643661,38.880452,0.902766,1.000000,7.631531,0.875062,0.503530
316,0,2,2.095579,38.687459,0.902082,1.000000,7.631531,0.874666,0.690859
317,1,6,2.478515,38.633803,0.903146,1.000000,7.631531,0.874270,0.718534
318,0,4,2.300306,38.594865,0.902807,1.000000,7.631531,0.873874,0.546851
319,0,3,2.360357,38.532518,0.902414,1.000000,7.631531,0.873478,0.327728
320,0,5,2.804760,38.187665,0.902449,1.000000,7.631531,0.873082,0.599606
321,0,4,2.916015,38.211348,0.902518,1.000000,7.631531,0.872686,0.535533
322,2,5,2.581743,38.164902,0.902778,1.000000,7.631531,0.872290,0.657585
323,0,4,2.386881,38.145990,0.903191,1.000000,7.631531,0.871894,0.556529
324,0,2,2.300630,38.586568,0.902069,1.000000,7.631531,0.871498,0.749531
325,0,5,2.563644,38.627897,0.902684,1.000000,7.631531,0.871102,0.558887
326,0,2,2.842484,38.498336,0.902939,1.000000,7.631531,0.870706,0.730516
327,1,6,1.979603,38.375710,0.902451,1.000000,7.631531,0.870310,0.813153
328,1,7,2.556536,38.392812,0.902063,1.000000,7.631531,0.869914,0.632956
329,1,6,2.664174,38.718031,0.902417,1.000000,7.631531,0.869518,0.676413
330,3,2,2.099477,38.825207,0.902808,1.000000,7.631531,0.869122,0.686078
331,2,5,2.650191,38.977433,0.902111,1.000000,7.631531,0.868726,0.499112
332,2,5,2.293581,39.078602,0.902421,1.000000,7.631531,0.868330,0.503170
333,3,2,2.701117,39.243309,0.902880,1.000000,7.631531,0.867934,0.802352
334,1,6,2.475680,39.154428,0.902119,1.000000,7.631531,0.867538,0.632537
335,1,7,2.480712,38.778152,0.902467,1.000000,7.631531,0.867142,0.855266
336,0,4,2.659169,38.879059,0.902460,1.000000,7.631531,0.866746,0.512739
337,1,6,2.613039,38.914908,0.902397,1.000000,7.631531,0.866350,0.682705
338,0,4,2.305398,38.900041,0.902261,1.000000,7.631531,0.865954,0.504245
339,1,7,2.443700,39.185398,0.902733,1.000000,7.631531,0.865558,0.829562
340,3,1,2.628884,39.249208,0.902480,1.000000,7.631531,0.865162,0.561037
341,0,3,2.549473,39.240662,0.902786,1.000000,7.631531,0.864766,0.347807
342,0,4,2.421837,39.022446,0.902098,1.000000,7.631531,0.864370,0.432427
343,0,2,2.579467,38.956879,0.902397,1.000000,7.631531,0.863974,0.837438
344,0,5,2.430883,38.827393,0.902880,1.000000,7.631531,0.863578,0.481818
345,1,1,2.656577,38.700769,0.902436,1.000000,7.631531,0.863182,0.577813
346,2,5,2.297622,38.685368,0.902875,1.000000,7.631531,0.862786,0.452023
347,0,3,2.776677,38.875462,0.902466,1.000000,7.631531,0.862390,0.479055
348,0,4,2.643821,39.065049,0.902431,1.000000,7.631531,0.861994,0.478620
349,0,5,2.137275,39.150047,0.902437,1.000000,7.631531,0.861598,0.462862
350,1,6,2.436785,39.298742,0.902421,1.000000,7.631531,0.861202,0.673383
351,0,4,2.408863,39.397071,0.902468,1.000000,7.631531,0.860806,0.434477
352,0,2,2.826862,39.673660,0.902798,1.000000,7.631531,0.860410,0.883478
353,0,3,2.791953,39.927716,0.902693,1.000000,7.631531,0.860014,0.830533
354,0,2,2.810260,39.829089,0.902833,1.000000,7.631531,0.859618,0.782835
355,1,7,2.686734,39.910894,0.902854,1.000000,7.631531,0.859222,0.799287
356,0,4,2.381680,39.775447,0.903357,1.000000,7.631531,0.858826,0.452353
357,0,4,2.733281,39.987064,0.903034,1.000000,7.631531,0.858430,0.494756
358,1,7,2.617284,40.212856,0.902990,1.000000,7.631531,0.858034,0.935762
359,1,6,2.534247,40.231311,0.902424,1.000000,7.631531,0.857638,0.790273
360,0,4,2.543158,40.185809,0.902525,1.000000,7.631531,0.857242,0.559678
361,0,2,2.469427,40.073023,0.902145,1.000000,7.631531,0.856846,0.828334
362,1,6,2.777771,40.090392,0.902520,1.000000,7.631531,0.856450,0.672133
363,0,2,2.424603,40.098487,0.902826,1.000000,7.631531,0.856054,0.644844
364,0,2,2.408547,40.382806,0.902399,1.000000,7.631531,0.855658,0.652481
365,0,4,2.709006,40.249749,0.902801,1.000000,7.631531,0.855262,0.786872
366,0,3,2.793259,40.145142,0.902521,1.000000,7.631531,0.854866,1.059493
367,1,7,2.366408,40.439462,0.902819,1.000000,7.631531,0.854470,0.935215
368,0,3,2.449552,40.501859,0.902487,1.000000,7.631531,0.854074,1.015870
369,3,3,2.311916,40.361146,0.902694,1.000000,7.631531,0.853678,0.893285
370,0,4,2.403782,40.420861,0.902380,1.000000,7.631531,0.853282,0.635052
371,1,6,2.697106,40.113997,0.902726,1.000000,7.631531,0.852886,0.806830
372,0,3,2.252081,40.115998,0.902873,1.000000,7.631531,0.852490,0.879543
373,0,4,2.112492,40.412153,0.902451,1.000000,7.631531,0.852094,0.562891
374,0,4,2.694505,40.413838,0.903020,1.000000,7.631531,0.851698,0.598127
375,1,1,2.320860,40.240136,0.902135,1.000000,7.631531,0.851302,0.670642
376,0,2,2.655434,40.459658,0.902209,1.000000,7.631531,0.850906,0.690150
377,0,4,2.296684,40.590366,0.902831,1.000000,7.631531,0.850510,0.455607
378,0,4,2.561239,40.443692,0.902651,1.000000,7.631531,0.850114,0.451754
379,2,6,2.470960,40.570907,0.902449,1.000000,7.631531,0.849718,0.592507
380,0,4,2.508929,40.707613,0.902984,1.000000,7.631531,0.849322,0.470956
381,2,6,2.537551,40.603658,0.902498,1.000000,7.631531,0.848926,0.462869
382,0,4,2.588708,40.456898,0.903229,1.000000,7.631531,0.848530,0.426909
383,0,5,2.627909,40.390539,0.902423,1.000000,7.631531,0.848134,0.705261
384,1,0,2.549467,40.382422,0.902815,1.000000,7.631531,0.847738,0.779986
385,0,5,2.325719,40.098509,0.902463,1.000000,7.631531,0.847342,0.520299
386,0,3,2.434923,39.856955,0.902647,1.000000,7.631531,0.846946,0.716789
387,1,7,2.361671,39.816567,0.902082,1.000000,7.631531,0.846550,0.819612
388,0,5,2.357906,39.680608,0.902807,1.000000,7.631531,0.846154,0.379744
389,0,4,2.534129,39.445863,0.902832,1.000000,7.631531,0.845758,0.503873
390,1,0,1.960435,39.534620,0.902063,1.000000,7.631531,0.845362,0.780658
391,0,5,2.511786,39.712655,0.902527,1.000000,7.631531,0.844966,0.362615
392,0,3,2.792635,39.364457,0.902615,1.000000,7.631531,0.844570,0.628162
393,0,5,2.820031,39.384389,0.902502,1.000000,7.631531,0.844174,0.362521
394,1,6,2.582110,39.286914,0.902771,1.000000,7.631531,0.843778,0.682194
395,1,6,2.590105,39.254823,0.902087,1.000000,7.631531,0.843382,0.661524
396,3,4,2.078215,39.163909,0.902428,1.000000,7.631531,0.842986,0.864965
397,1,7,2.278037,39.175018,0.902874,1.000000,7.631531,0.842590,0.696789
398,1,7,2.334694,39.293822,0.902755,1.000000,7.631531,0.842194,0.713580
399,1,7,2.283124,39.511986,0.902718,1.000000,7.631531,0.841798,0.737656
400,1,6,2.723309,39.250786,0.902041,1.000000,7.631531,0.841402,0.580642
401,0,4,2.996533,39.292649,0.902851,1.000000,7.631531,0.841006,0.897499
402,0,4,2.601604,39.233367,0.902759,1.000000,7.631531,0.840610,0.898819
403,1,0,2.351399,39.307409,0.902646,1.000000,7.631531,0.840214,0.743594
404,1,6,2.710092,39.166975,0.902868,1.000000,7.631531,0.839818,0.595539
405,0,5,2.452581,38.897053,0.902894,1.000000,7.631531,0.839422,0.506190
406,1,6,2.476514,39.008022,0.902175,1.000000,7.631531,0.839026,0.535216
407,1,7,2.369076,39.204681,0.902121,1.000000,7.631531,0.838630,0.770252
408,0,3,2.463983,39.207596,0.903228,1.000000,7.631531,0.838234,0.728293
409,0,5,2.197483,39.401460,0.902507,1.000000,7.631531,0.837838,0.654071
410,2,6,2.085354,39.418723,0.902395,1.000000,7.631531,0.837442,0.446635
411,2,6,2.155057,39.192892,0.902172,1.000000,7.631531,0.837046,0.444607
412,0,4,2.571704,39.105806,0.902680,1.000000,7.631531,0.836650,0.748624
413,0,5,2.386591,39.245269,0.902758,1.000000,7.631531,0.836254,0.678757
414,1,0,2.272583,39.207889,0.902199,1.000000,7.631531,0.835858,0.659170
415,2,5,2.774951,39.358117,0.903219,1.000000,7.631531,0.835462,0.683575
416,3,1,2.263479,39.234735,0.902060,1.000000,7.631531,0.835066,0.633828
417,0,2,2.402934,39.451046,0.902777,1.000000,7.631531,0.834670,0.698247
418,1,0,2.378003,39.427984,0.902538,1.000000,7.631531,0.834274,0.614768
419,3,1,2.145791,39.405352,0.902380,1.000000,7.631531,0.833878,0.508793
420,0,3,2.474568,39.283994,0.902457,1.000000,7.631531,0.833482,0.643465
421,0,4,2.724575,39.321839,0.903233,1.000000,7.631531,0.833086,0.680651
422,2,5,1.837187,39.293090,0.902489,1.000000,7.631531,0.832690,0.710205
423,1,0,2.331711,39.339510,0.902442,1.000000,7.631531,0.832294,0.604469
424,0,3,2.639239,39.670626,0.902827,1.000000,7.631531,0.831898,0.529055
425,0,4,2.596566,39.604944,0.902603,1.000000,7.631531,0.831502,0.645119
426,0,4,2.560021,39.649678,0.902286,1.000000,7.631531,0.831106,0.649401
427,1,0,2.202401,39.285401,0.902838,1.000000,7.631531,0.830710,0.601540
428,0,4,2.993301,39.307132,0.903057,1.000000,7.631531,0.830314,0.607624
429,0,4,2.393942,39.141675,0.903216,1.000000,7.631531,0.829918,0.470788
430,1,1,2.658933,38.940548,0.902198,1.000000,7.631531,0.829522,0.516761
431,2,5,2.783863,38.873146,0.902509,1.000000,7.631531,0.829126,0.631396
432,0,4,2.225346,38.969462,0.902838,1.000000,7.631531,0.828730,0.546076
433,3,1,2.226455,38.897512,0.902376,1.000000,7.631531,0.828334,0.526482
434,0,5,2.605150,38.686826,0.903271,1.000000,7.631531,0.827938,0.614914
435,0,4,2.053382,38.876399,0.902812,1.000000,7.631531,0.827542,0.813927
436,0,4,2.906511,39.055778,0.902446,1.000000,7.631531,0.827146,0.826241
437,0,4,2.226885,38.885013,0.902094,1.000000,7.631531,0.826750,0.817159
438,1,0,2.637814,38.837418,0.902802,1.000000,7.631531,0.826354,0.512646
439,1,1,2.469946,38.987822,0.902020,1.000000,7.631531,0.825958,0.472196
440,1,6,2.141290,39.059677,0.902070,1.000000,7.631531,0.825562,0.703305
441,2,6,2.976186,38.823809,0.902042,1.000000,7.631531,0.825166,0.704626
442,0,2,2.043369,39.011672,0.902713,1.000000,7.631531,0.824770,0.747218
443,0,5,2.383183,39.169104,0.902440,1.000000,7.631531,0.824374,0.612902
444,1,7,2.305507,39.096896,0.902425,1.000000,7.631531,0.823978,0.625485
445,3,2,2.484433,38.947461,0.902568,1.000000,7.631531,0.823582,0.755396
446,1,6,2.166930,39.029854,0.902184,1.000000,7.631531,0.823186,0.761161
447,0,4,2.373258,38.894754,0.902478,1.000000,7.631531,0.822790,0.566818
448,3,4,2.232094,38.861443,0.902044,1.000000,7.631531,0.822394,0.563644
449,0,4,2.468481,38.797906,0.902824,1.000000,7.631531,0.821998,0.674892
450,0,3,2.329088,38.755329,0.902378,1.000000,7.631531,0.821602,0.488774
451,1,0,2.131711,38.703822,0.903119,1.000000,7.631531,0.821206,0.461866
452,1,7,2.577366,38.960442,0.902397,1.000000,7.631531,0.820810,0.615524
453,0,3,2.454404,38.771872,0.902877,1.000000,7.631531,0.820414,0.484325
454,0,2,2.477678,38.784169,0.902712,1.000000,7.631531,0.820018,0.699328
455,2,5,2.435340,38.546286,0.902049,1.000000,7.631531,0.819622,0.601993
456,0,5,2.814295,38.648507,0.902778,1.000000,7.631531,0.819226,0.617743
457,1,7,2.577567,38.769457,0.902425,1.000000,7.631531,0.818830,0.460283
458,0,4,1.875446,38.965673,0.902366,1.000000,7.631531,0.818434,0.688044
459,0,2,2.086596,39.196196,0.902499,1.000000,7.631531,0.818038,0.564083
460,0,3,2.392697,39.082537,0.902818,1.000000,7.631531,0.817642,0.488799
461,0,4,2.664605,39.417107,0.902420,1.000000,7.631531,0.817246,0.782963
462,0,4,2.686512,39.449538,0.902078,1.000000,7.631531,0.816850,0.826940
463,3,2,2.511916,39.858372,0.903175,1.000000,7.631531,0.816454,0.801115
464,0,5,2.624498,39.847848,0.902518,1.000000,7.631531,0.816058,0.792902
465,1,0,2.501319,40.179803,0.902835,1.000000,7.631531,0.815662,0.743211
466,1,7,2.675606,40.467905,0.902432,1.000000,7.631531,0.815266,0.730439
467,0,4,2.631366,40.357944,0.902813,1.000000,7.631531,0.814870,1.024598
468,0,2,2.612413,40.400224,0.902818,1.000000,7.631531,0.814474,1.091752
469,0,5,2.356551,40.713815,0.902951,1.000000,7.631531,0.814078,0.884348
470,0,4,2.427071,40.606925,0.902217,1.000000,7.631531,0.813682,0.961767
471,1,7,2.475333,40.276518,0.902458,1.000000,7.631531,0.813286,0.812724
472,2,6,2.246164,39.949390,0.902484,1.000000,7.631531,0.812890,0.647489
473,0,4,2.463756,39.904048,0.902550,1.000000,7.631531,0.812494,0.963504
474,0,5,2.804498,39.806175,0.902750,1.000000,7.631531,0.812098,1.113809
475,0,3,2.278575,39.439004,0.902842,1.000000,7.631531,0.811702,0.479800
476,1,0,2.774672,39.520883,0.902900,1.000000,7.631531,0.811306,0.870619
477,0,4,2.802802,39.325412,0.902811,1.000000,7.631531,0.810910,0.824691
478,0,5,2.825741,39.235402,0.902822,1.000000,7.631531,0.810514,1.122379
479,0,3,2.362125,39.571831,0.902628,1.000000,7.631531,0.810118,0.399457
480,0,5,2.152048,39.623290,0.902577,1.000000,7.631531,0.809722,0.902644
481,1,6,2.426699,39.980632,0.902338,1.000000,7.631531,0.809326,0.579434
482,0,4,2.258232,40.187744,0.902453,1.000000,7.631531,0.808930,0.638358
483,1,7,2.280673,40.148114,0.902935,1.000000,7.631531,0.808534,0.768526
484,0,4,2.726357,40.009083,0.902478,1.000000,7.631531,0.808138,0.377378
485,0,5,2.481629,40.192984,0.902426,1.000000,7.631531,0.807742,0.813753
486,0,5,2.848136,40.169774,0.902087,1.000000,7.631531,0.807346,0.821161
487,0,5,2.492865,39.991127,0.902576,1.000000,7.631531,0.806950,0.707574
488,1,1,2.461773,39.861816,0.902076,1.000000,7.631531,0.806554,0.504266
489,0,4,2.006777,39.815787,0.902489,1.000000,7.631531,0.806158,0.485617
490,3,5,2.377368,39.738589,0.902028,1.000000,7.631531,0.805762,0.620305
491,2,6,2.196169,39.759682,0.903232,1.000000,7.631531,0.805366,0.532336
492,0,3,2.928718,39.846689,0.902869,1.000000,7.631531,0.804970,0.562396
493,0,4,2.084504,39.460016,0.902886,1.000000,7.631531,0.804574,0.532372
494,0,4,2.661609,39.615826,0.902728,1.000000,7.631531,0.804178,0.545689
495,0,5,2.988196,39.384574,0.902855,1.000000,7.631531,0.803782,0.626706
496,1,0,2.197659,39.578470,0.902470,1.000000,7.631531,0.803386,0.875622
497,0,3,1.828212,39.272153,0.902564,1.000000,7.631531,0.802990,0.685259
498,1,0,2.484815,39.258959,0.902477,1.000000,7.631531,0.802594,0.830043
499,0,5,2.583607,39.479279,0.902498,1.000000,7.631531,0.802198,0.386411
500,2,5,2.520535,39.412704,0.902446,1.000000,7.631531,0.801802,0.444209
501,2,5,2.612806,39.276895,0.902839,1.000000,7.631531,0.801406,0.467977
502,0,3,2.605385,39.201361,0.902494,1.000000,7.631531,0.801010,0.708095
503,3,2,2.591648,39.436322,0.902747,1.000000,7.631531,0.800614,0.823391
504,0,2,2.314370,39.774851,0.902199,1.000000,7.631531,0.800218,0.650327
505,1,7,2.393094,39.989593,0.902628,1.000000,7.631531,0.799822,0.607180
506,1,7,2.356245,39.741652,0.902530,1.000000,7.631531,0.799426,0.507529
507,0,3,2.776066,39.951492,0.902427,1.000000,7.631531,0.799030,0.764984
508,1,6,2.350706,39.847454,0.902863,1.000000,7.631531,0.798634,0.531927
509,0,3,2.482385,40.036411,0.903282,1.000000,7.631531,0.798238,0.784396
510,0,2,2.683303,40.116518,0.902869,1.000000,7.631531,0.797842,0.660831
511,0,3,2.537996,39.826712,0.902498,1.000000,7.631531,0.797446,0.735615
512,0,4,2.769624,39.663640,0.902762,1.000000,7.631531,0.797050,0.626737
513,1,7,2.291628,39.729623,0.903138,1.000000,7.631531,0.796654,0.405444
514,0,3,2.355850,39.436046,0.902449,1.000000,7.631531,0.796258,0.754251
515,0,2,2.382062,39.567061,0.902847,1.000000,7.631531,0.795862,0.732018
516,0,5,2.744053,39.508638,0.902660,1.000000,7.631531,0.795466,0.472710
517,0,4,2.607805,39.416597,0.902144,1.000000,7.631531,0.795070,0.659886
518,2,5,2.402257,39.402185,0.902506,1.000000,7.631531,0.794674,0.472479
519,0,4,2.855139,39.958440,0.902729,1.000000,7.631531,0.794278,0.635410
520,2,6,2.963130,39.968447,0.902440,1.000000,7.631531,0.793882,0.826426
521,1,7,2.667013,39.849817,0.902782,1.000000,7.631531,0.793486,0.371086
522,0,3,2.196160,39.933627,0.902158,1.000000,7.631531,0.793090,0.745273
523,0,2,2.620010,39.943645,0.902879,1.000000,7.631531,0.792694,0.653624
524,3,2,2.450493,39.896032,0.902770,1.000000,7.631531,0.792298,0.648566
525,0,4,2.421455,40.164786,0.902487,1.000000,7.631531,0.791902,0.664032
526,2,5,2.302794,39.970481,0.902772,1.000000,7.631531,0.791506,0.525810
527,0,4,2.415911,39.812155,0.902424,1.000000,7.631531,0.791110,0.621153
528,0,5,2.096804,39.674714,0.902093,1.000000,7.631531,0.790714,0.647916
529,0,4,2.502422,39.633189,0.902069,1.000000,7.631531,0.790318,0.589573
530,2,6,2.718203,39.684924,0.902442,1.000000,7.631531,0.789922,0.903375
531,1,6,2.650760,39.507886,0.902730,1.000000,7.631531,0.789526,0.909736
532,3,2,2.677610,39.447340,0.902443,1.000000,7.631531,0.789130,0.609631
533,0,5,2.405039,39.351441,0.902898,1.000000,7.631531,0.788734,0.642028
534,0,4,2.233441,39.532292,0.903098,1.000000,7.631531,0.788338,0.617845
535,0,5,2.418076,39.548974,0.902382,1.000000,7.631531,0.787942,0.534262
536,0,5,2.552872,39.307232,0.902389,1.000000,7.631531,0.787546,0.534689
537,0,5,2.434932,39.172206,0.902513,1.000000,7.631531,0.787150,0.535960
538,1,6,2.619323,39.433975,0.902528,1.000000,7.631531,0.786754,0.601974
539,0,3,2.289926,39.284762,0.902466,1.000000,7.631531,0.786358,0.611860
540,0,4,2.647861,39.402395,0.902952,1.000000,7.631531,0.785962,0.604465
541,0,5,2.094377,39.276355,0.902878,1.000000,7.631531,0.785566,0.457965
542,1,0,2.653242,39.367699,0.902906,1.000000,7.631531,0.785170,0.502564
543,0,2,2.029150,39.490679,0.902534,1.000000,7.631531,0.784774,0.741060
544,3,1,2.665699,39.569168,0.902712,1.000000,7.631531,0.784378,0.426661
545,2,5,2.721600,39.493826,0.902516,1.000000,7.631531,0.783982,0.519760
546,0,2,2.872687,39.617085,0.902168,1.000000,7.631531,0.783586,0.688606
547,3,1,2.293664,39.643462,0.902836,1.000000,7.631531,0.783190,0.431533
548,0,3,2.494860,39.676984,0.902290,1.000000,7.631531,0.782794,0.515528
549,0,4,2.550420,39.818654,0.902659,1.000000,7.631531,0.782398,0.535090
550,3,7,2.375233,39.797033,0.902849,1.000000,7.631531,0.782002,0.543045
551,0,4,2.662096,39.367298,0.902536,1.000000,7.631531,0.781606,0.512476
552,0,5,2.542191,39.179771,0.902824,1.000000,7.631531,0.781210,0.496065
553,1,0,2.276537,39.305454,0.902817,1.000000,7.631531,0.780814,0.605505
554,1,1,2.409437,39.294836,0.902882,1.000000,7.631531,0.780418,0.291012
555,0,2,1.695443,39.285741,0.902618,1.000000,7.631531,0.780022,0.942813
556,1,6,2.640479,39.133834,0.902763,1.000000,7.631531,0.779626,0.659630
557,2,6,2.780613,39.066247,0.902458,1.000000,7.631531,0.779230,0.656335
558,1,6,2.696846,39.186175,0.902714,1.000000,7.631531,0.778834,0.445478
559,0,3,2.783291,39.292527,0.902426,1.000000,7.631531,0.778438,0.526784
560,1,0,2.222695,39.429362,0.902990,1.000000,7.631531,0.778042,0.655377
561,0,5,2.067433,39.570813,0.902059,1.000000,7.631531,0.777646,0.551349
562,0,5,2.544885,39.508651,0.902804,1.000000,7.631531,0.777250,0.554210
563,0,5,2.680774,39.340599,0.902740,1.000000,7.631531,0.776854,0.550610
564,2,5,2.443322,39.597387,0.902133,1.000000,7.631531,0.776458,0.511496
565,0,4,2.739282,39.689402,0.902650,1.000000,7.631531,0.776062,0.587773
566,0,4,2.291283,39.400652,0.902514,1.000000,7.631531,0.775666,0.594301
567,0,4,2.528813,39.278428,0.902477,1.000000,7.631531,0.775270,0.600253
568,0,4,2.212505,39.340434,0.902527,1.000000,7.631531,0.774874,0.618269
569,0,5,2.723529,39.274816,0.902407,1.000000,7.631531,0.774478,0.502296
570,0,2,2.735283,39.308085,0.902883,1.000000,7.631531,0.774082,0.920883
571,1,1,2.663270,39.336304,0.902508,1.000000,7.631531,0.773686,0.376385
572,0,3,2.520327,39.268911,0.902456,1.000000,7.631531,0.773290,0.485058
573,1,7,2.490500,39.433309,0.902225,1.000000,7.631531,0.772894,0.472114
574,0,4,2.489418,39.251884,0.902907,1.000000,7.631531,0.772498,0.587942
575,0,4,2.632812,39.324127,0.902508,1.000000,7.631531,0.772102,0.553267
576,0,3,2.650907,39.156781,0.903215,1.000000,7.631531,0.771706,0.503754
577,0,3,2.415561,38.981329,0.902846,1.000000,7.631531,0.771310,0.583164
578,1,7,2.721702,38.807124,0.902088,1.000000,7.631531,0.770914,0.478097
579,1,7,2.321016,38.685040,0.902479,1.000000,7.631531,0.770518,0.481190
580,0,3,2.378356,38.670249,0.902559,1.000000,7.631531,0.770122,0.672904
581,1,0,2.380367,38.783964,0.902923,1.000000,7.631531,0.769726,0.805761
582,3,2,2.682258,39.098220,0.902525,1.000000,7.631531,0.769330,1.000510
583,2,5,2.306495,39.343259,0.902181,1.000000,7.631531,0.768934,0.473421
584,0,2,2.792706,39.176316,0.902464,1.000000,7.631531,0.768538,0.967624
585,3,3,2.332656,38.885739,0.902552,1.000000,7.631531,0.768142,0.715551
586,1,0,2.461163,38.870844,0.902698,1.000000,7.631531,0.767746,0.761465
587,3,2,2.805699,38.793251,0.902944,1.000000,7.631531,0.767350,0.961311
588,0,2,1.928986,39.084983,0.902550,1.000000,7.631531,0.766954,1.035328
589,0,3,2.521567,38.937233,0.902988,1.000000,7.631531,0.766558,0.670622
590,1,0,2.628568,38.805901,0.902602,1.000000,7.631531,0.766162,0.774126
591,0,4,2.428873,38.850754,0.903021,1.000000,7.631531,0.765766,0.600289
592,2,5,2.566060,38.961935,0.902968,1.000000,7.631531,0.765370,0.560603
593,1,0,2.342140,38.570704,0.902558,1.000000,7.631531,0.764974,0.713271
594,0,3,2.410746,38.569700,0.902924,1.000000,7.631531,0.764578,0.667048
595,1,1,2.413310,38.642260,0.902206,1.000000,7.631531,0.764182,0.489407
596,3,1,2.506292,38.679288,0.902521,1.000000,7.631531,0.763786,0.525097
597,0,5,2.004583,38.524471,0.902913,1.000000,7.631531,0.763390,0.735172
598,0,4,2.563662,38.791358,0.902711,1.000000,7.631531,0.762994,0.551013
599,0,2,3.030931,38.452224,0.902863,1.000000,7.631531,0.762598,0.826060
600,2,5,2.386708,38.605308,0.902463,1.000000,7.631531,0.762202,0.841876
601,1,6,2.480297,38.690768,0.902122,1.000000,7.631531,0.761806,0.574942
602,2,6,2.753087,38.690392,0.902121,1.000000,7.631531,0.761410,0.536436
603,0,3,2.738686,38.602003,0.902278,1.000000,7.631531,0.761014,0.597673
604,3,1,2.355715,38.416082,0.902700,1.000000,7.631531,0.760618,0.651695
605,1,6,2.552339,38.158300,0.902897,1.000000,7.631531,0.760222,0.576222
606,1,0,1.819809,37.995695,0.902452,1.000000,7.631531,0.759826,0.909318
607,0,5,2.651207,37.979818,0.903061,1.000000,7.631531,0.759430,0.675625
608,3,2,1.887510,38.014264,0.902546,1.000000,7.631531,0.759034,0.979288
609,1,6,2.502712,38.139644,0.902982,1.000000,7.631531,0.758638,0.429074
610,2,5,2.697012,38.247057,0.902748,1.000000,7.631531,0.758242,0.581245
611,3,7,2.523258,38.169410,0.902561,1.000000,7.631531,0.757846,0.628933
612,0,4,2.559277,38.171691,0.902640,1.000000,7.631531,0.757450,0.632757
613,1,0,2.507544,38.106306,0.902530,1.000000,7.631531,0.757054,0.927598
614,3,1,1.966926,38.124926,0.902420,1.000000,7.631531,0.756658,0.848470
615,1,7,2.716671,38.137936,0.903113,1.000000,7.631531,0.756262,0.631304
616,0,3,2.132539,38.458769,0.902623,1.000000,7.631531,0.755866,0.509640
617,1,1,2.678402,38.722880,0.902512,1.000000,7.631531,0.755470,0.848064
618,0,4,2.574432,38.708124,0.902894,1.000000,7.631531,0.755074,0.698284
619,0,2,2.606209,38.952498,0.902077,1.000000,7.631531,0.754678,1.069692
620,2,6,2.559101,38.855729,0.902496,1.000000,7.631531,0.754282,0.385294
621,0,2,2.497058,38.823434,0.902422,1.000000,7.631531,0.753886,1.035426
622,0,4,2.253388,38.769118,0.902633,1.000000,7.631531,0.753490,0.697058
623,2,6,2.422055,38.761212,0.902561,1.000000,7.631531,0.753094,0.379954
624,0,4,2.542860,38.668557,0.902532,1.000000,7.631531,0.752698,0.591456
625,0,4,2.545242,38.949625,0.902360,1.000000,7.631531,0.752302,0.444887
626,2,6,2.280413,38.962638,0.902626,1.000000,7.631531,0.751906,0.369871
627,0,4,2.569416,39.154663,0.902408,1.000000,7.631531,0.751510,0.500349
628,0,3,2.505696,39.196188,0.902582,1.000000,7.631531,0.751114,0.370773
629,1,7,2.603021,39.089179,0.903135,1.000000,7.631531,0.750718,0.568086
630,1,7,2.869628,38.853194,0.902043,1.000000,7.631531,0.750322,0.572116
631,3,1,2.804089,39.044175,0.902864,1.000000,7.631531,0.749926,0.836236
632,1,6,2.967601,38.940332,0.903191,1.000000,7.631531,0.749530,0.445922
633,0,3,2.669138,38.796920,0.902179,1.000000,7.631531,0.749134,0.411855
634,3,3,2.557944,38.982219,0.902506,1.000000,7.631531,0.748738,0.427891
635,0,5,2.784633,39.184298,0.902895,1.000000,7.631531,0.748342,0.685656
636,1,7,2.358891,39.568165,0.902452,1.000000,7.631531,0.747946,0.567292
637,0,3,2.380730,39.738738,0.902223,1.000000,7.631531,0.747550,0.473561
638,0,5,2.547898,40.022619,0.902903,1.000000,7.631531,0.747154,0.642488
639,1,7,2.865410,39.933145,0.902944,1.000000,7.631531,0.746758,0.777210
640,2,5,2.533775,39.949286,0.902562,1.000000,7.631531,0.746362,0.681654
641,1,7,2.581597,40.030372,0.902711,1.000000,7.631531,0.745966,0.811877
642,1,7,2.932293,40.185590,0.902528,1.000000,7.631531,0.745570,0.974204
643,1,7,2.608625,40.401645,0.902155,1.000000,7.631531,0.745174,0.962598
644,1,0,2.248046,40.465440,0.902595,1.000000,7.631531,0.744778,0.928781
645,1,6,2.642039,40.248939,0.902940,1.000000,7.631531,0.744382,0.577213
646,0,4,2.521148,40.008310,0.902663,1.000000,7.631531,0.743986,0.575225
647,0,4,2.365541,39.863132,0.902509,1.000000,7.631531,0.743590,0.745601
648,1,7,2.383110,39.517863,0.903058,1.000000,7.631531,0.743194,0.695502
649,1,6,2.497881,39.593307,0.902870,1.000000,7.631531,0.742798,0.607170
650,0,3,2.519777,39.615582,0.902256,1.000000,7.631531,0.742402,0.712317
651,1,0,2.604249,39.359310,0.902804,1.000000,7.631531,0.742006,0.809310
652,0,5,2.314319,39.612065,0.902233,1.000000,7.631531,0.741610,0.648649
653,1,7,2.346059,39.637919,0.902185,1.000000,7.631531,0.741214,0.715650
654,0,4,2.771240,39.847727,0.902440,1.000000,7.631531,0.740818,0.712827
655,0,2,2.029900,39.905088,0.902214,1.000000,7.631531,0.740422,0.908442
656,1,6,2.249338,39.651465,0.902845,1.000000,7.631531,0.740026,0.529869
657,0,3,2.677185,39.646577,0.902338,1.000000,7.631531,0.739630,0.649166
658,0,3,2.733028,39.715776,0.902536,1.000000,7.631531,0.739234,0.616686
659,2,6,2.256174,39.532763,0.902856,1.000000,7.631531,0.738838,0.488773
660,1,0,2.361157,39.548469,0.902555,1.000000,7.631531,0.738442,0.801824
661,0,4,2.628107,39.699873,0.903249,1.000000,7.631531,0.738046,0.661755
662,0,4,2.461012,39.818562,0.902790,1.000000,7.631531,0.737650,0.477543
663,1,0,2.856686,39.455355,0.902090,1.000000,7.631531,0.737254,0.870225
664,1,0,2.315006,39.489960,0.902547,1.000000,7.631531,0.736858,0.880085
665,3,1,2.475035,39.773436,0.902791,1.000000,7.631531,0.736462,1.002230
666,0,5,2.532341,39.511652,0.903239,1.000000,7.631531,0.736066,0.680087
667,1,7,2.340069,39.749412,0.902468,1.000000,7.631531,0.735670,0.664498
668,1,6,2.197464,39.327978,0.902933,1.000000,7.631531,0.735274,0.547357
669,2,5,2.803356,39.139270,0.902622,1.000000,7.631531,0.734878,0.652502
670,0,5,2.698845,39.087744,0.902830,1.000000,7.631531,0.734482,0.579748
671,1,0,2.538962,38.822412,0.902145,1.000000,7.631531,0.734086,0.873353
672,1,0,2.576782,38.849515,0.902478,1.000000,7.631531,0.733690,0.497005
673,0,5,1.996885,38.717243,0.902838,1.000000,7.631531,0.733294,0.793092
674,1,6,2.771217,38.687886,0.902099,1.000000,7.631531,0.732898,0.613323
675,2,5,2.677053,38.447858,0.902802,1.000000,7.631531,0.732502,0.767780
676,3,1,2.337837,38.395594,0.902190,1.000000,7.631531,0.732106,0.637655
677,2,5,2.454147,38.496009,0.902933,1.000000,7.631531,0.731710,0.910953
678,0,5,2.605799,38.414225,0.902816,1.000000,7.631531,0.731314,0.907363
679,1,6,2.409156,38.323912,0.902922,1.000000,7.631531,0.730918,0.755723
680,0,4,2.565036,38.294820,0.902446,1.000000,7.631531,0.730522,0.808220
681,1,1,2.508940,38.463168,0.902230,1.000000,7.631531,0.730126,0.655979
682,1,6,2.509342,38.605492,0.902519,1.000000,7.631531,0.729730,0.811027
683,2,6,2.418390,38.770708,0.902646,1.000000,7.631531,0.729334,0.813947
684,0,4,2.715796,38.760554,0.902959,1.000000,7.631531,0.728938,0.831915
685,2,6,2.358138,38.741714,0.903116,1.000000,7.631531,0.728542,0.815758
686,1,0,2.255883,38.684070,0.902445,1.000000,7.631531,0.728146,0.482327
687,1,6,2.627740,38.708908,0.902627,1.000000,7.631531,0.727750,0.651737
688,1,6,2.278523,38.855273,0.902557,1.000000,7.631531,0.727354,0.656153
689,0,5,2.472284,38.814060,0.902810,1.000000,7.631531,0.726958,0.701122
690,0,3,2.388301,38.993268,0.902872,1.000000,7.631531,0.726562,0.976441
691,1,7,2.151803,38.942985,0.902122,1.000000,7.631531,0.726166,0.813779
692,0,3,2.385599,38.911776,0.902404,1.000000,7.631531,0.725770,1.009429
693,0,5,2.586026,38.856271,0.902870,1.000000,7.631531,0.725374,0.546277
694,1,6,2.418430,38.981847,0.902541,1.000000,7.631531,0.724978,0.575520
695,1,6,2.365134,39.208523,0.902926,1.000000,7.631531,0.724582,0.528929
696,0,2,2.773500,38.995693,0.902355,1.000000,7.631531,0.724186,0.595360
697,0,5,2.321452,38.820198,0.902254,1.000000,7.631531,0.723790,0.591047
698,1,0,2.596997,38.915585,0.902426,1.000000,7.631531,0.723394,0.480952
699,3,1,2.167183,38.885381,0.903187,1.000000,7.631531,0.722998,0.671960
700,0,2,2.189577,39.350942,0.902688,1.000000,7.631531,0.722602,0.438473
701,0,3,2.823969,39.348662,0.902410,1.000000,7.631531,0.722206,1.011710
702,1,6,2.644352,39.242806,0.902112,1.000000,7.631531,0.721810,0.454294
703,0,3,2.581586,39.450116,0.903027,1.000000,7.631531,0.721414,0.983062
704,0,4,2.469260,39.292319,0.902751,1.000000,7.631531,0.721018,0.773502
705,0,4,2.585255,39.379947,0.902918,1.000000,7.631531,0.720622,0.786827
706,1,7,2.764621,39.494902,0.902632,1.000000,7.631531,0.720226,0.706145
707,0,3,2.311188,39.863127,0.902725,1.000000,7.631531,0.719830,0.974792
708,0,4,2.402937,39.869325,0.902205,1.000000,7.631531,0.719434,0.716355
709,1,7,2.353536,39.597329,0.902733,1.000000,7.631531,0.719038,0.681648
710,0,3,2.381799,39.607264,0.902468,1.000000,7.631531,0.718642,0.952762
711,0,5,2.231848,39.785379,0.902470,1.000000,7.631531,0.718246,0.693109
712,1,7,2.596202,39.754951,0.902908,1.000000,7.631531,0.717850,0.615393
713,0,5,2.674009,39.328465,0.902501,1.000000,7.631531,0.717454,0.834554
714,0,3,2.421789,39.250649,0.902055,1.000000,7.631531,0.717058,0.905864
715,1,0,2.376431,39.121608,0.903140,1.000000,7.631531,0.716662,0.423082
716,0,4,2.716786,39.018976,0.902520,1.000000,7.631531,0.716266,0.579752
717,0,3,3.147651,38.990576,0.902926,1.000000,7.631531,0.715870,0.709480
718,0,4,2.761102,38.946866,0.902923,1.000000,7.631531,0.715474,0.587904
719,3,2,2.510094,38.770141,0.902434,1.000000,7.631531,0.715078,0.462915
720,0,5,2.678414,38.861793,0.902606,1.000000,7.631531,0.714682,0.566610
721,1,6,2.507011,39.062442,0.903215,1.000000,7.631531,0.714286,0.501473
722,1,7,1.853932,38.693072,0.902719,1.000000,7.631531,0.713890,0.884800
723,3,1,2.192964,38.891178,0.902831,1.000000,7.631531,0.713494,0.723154
724,0,3,2.284541,38.667173,0.902461,1.000000,7.631531,0.713098,0.585815
725,0,4,3.119848,38.736364,0.902490,1.000000,7.631531,0.712702,0.415273
726,2,5,2.778942,38.509711,0.902258,1.000000,7.631531,0.712306,0.589950
727,1,0,2.447557,38.751525,0.902878,1.000000,7.631531,0.711910,0.450602
728,0,2,2.396526,38.911239,0.902492,1.000000,7.631531,0.711514,0.477836
729,0,3,2.088297,38.732858,0.902169,1.000000,7.631531,0.711118,0.750992
730,0,4,2.920345,38.900735,0.902309,1.000000,7.631531,0.710722,0.514580
731,0,4,2.258401,38.851760,0.902493,1.000000,7.631531,0.710326,0.613829
732,0,5,2.380989,38.678519,0.902019,1.000000,7.631531,0.709930,0.492440
733,1,7,2.251763,38.669606,0.902552,1.000000,7.631531,0.709534,0.887372
734,1,6,2.538214,38.794692,0.902518,1.000000,7.631531,0.709138,0.460939
735,1,7,2.296338,38.693428,0.902548,1.000000,7.631531,0.708742,0.816466
736,1,6,2.549127,38.775011,0.902439,1.000000,7.631531,0.708346,0.460883
737,0,4,2.816230,38.640171,0.902223,1.000000,7.631531,0.707950,0.562113
738,1,6,2.339946,38.663291,0.902073,1.000000,7.631531,0.707554,0.605443
739,3,3,2.360509,38.409329,0.902902,1.000000,7.631531,0.707158,0.782434
740,0,4,2.169473,38.394637,0.902219,1.000000,7.631531,0.706762,0.663160
741,0,4,2.298586,38.445691,0.902609,1.000000,7.631531,0.706366,0.677583
742,1,7,2.399356,38.508803,0.902423,1.000000,7.631531,0.705970,0.718877
743,3,1,2.233459,38.345383,0.902851,1.000000,7.631531,0.705574,0.782989
744,2,6,2.531914,38.354311,0.902566,1.000000,7.631531,0.705178,0.386536
745,1,7,2.608524,38.718890,0.902470,1.000000,7.631531,0.704782,0.624219
746,2,6,2.550466,38.570948,0.902206,1.000000,7.631531,0.704386,0.451546
747,3,6,2.806424,38.757435,0.903049,1.000000,7.631531,0.703990,0.440048
748,0,4,2.172530,38.840951,0.902587,1.000000,7.631531,0.703594,0.689132
749,0,5,2.584983,38.773185,0.902614,1.000000,7.631531,0.703198,0.337772
750,0,4,2.852971,38.821796,0.902651,1.000000,7.631531,0.702802,0.634388
751,1,6,2.480021,38.772947,0.902500,1.000000,7.631531,0.702406,0.294847
752,0,3,2.335930,38.502166,0.902828,1.000000,7.631531,0.702010,0.828224
753,2,6,2.569446,38.586469,0.902163,1.000000,7.631531,0.701614,0.320956
754,0,3,2.650151,38.683006,0.902510,1.000000,7.631531,0.701218,0.818284
755,1,7,2.223444,38.746410,0.902098,1.000000,7.631531,0.700822,0.602934
756,1,7,2.529443,38.991851,0.902799,1.000000,7.631531,0.700426,0.543027
757,1,6,2.573477,38.950244,0.902540,1.000000,7.631531,0.700030,0.360970
758,0,4,2.360859,38.994616,0.902226,1.000000,7.631531,0.699634,0.773514
759,1,6,2.677542,38.736891,0.902729,1.000000,7.631531,0.699238,0.370495
760,1,6,2.648233,38.745395,0.902832,1.000000,7.631531,0.698842,0.331595
761,0,4,2.621535,38.940336,0.903034,1.000000,7.631531,0.698446,0.768558
762,0,4,2.542635,38.912157,0.902771,1.000000,7.631531,0.698050,0.731380
763,0,4,2.602400,38.896803,0.902843,1.000000,7.631531,0.697654,0.631668
764,0,4,2.454442,39.004796,0.902779,1.000000,7.631531,0.697258,0.626222
765,2,6,1.836276,39.109417,0.902560,1.000000,7.631531,0.696862,0.453475
766,1,1,2.510359,39.074609,0.902460,1.000000,7.631531,0.696466,0.755716
767,1,7,2.623855,39.013854,0.902484,1.000000,7.631531,0.696070,0.598458
768,0,5,2.263188,39.026720,0.902947,1.000000,7.631531,0.695674,0.273165
769,0,5,2.312412,39.388561,0.902080,1.000000,7.631531,0.695278,0.258713
770,1,0,2.686904,39.319132,0.902403,1.000000,7.631531,0.694882,0.432757
771,1,1,2.178663,39.353050,0.902967,1.000000,7.631531,0.694486,0.718229
772,1,6,2.873639,39.219917,0.902643,1.000000,7.631531,0.694090,0.655426
773,0,5,2.331710,39.218138,0.902926,1.000000,7.631531,0.693694,0.189781
774,0,5,2.555368,39.234255,0.902170,1.000000,7.631531,0.693298,0.249319
775,0,3,2.517121,39.391959,0.902879,1.000000,7.631531,0.692902,0.515314
776,1,6,2.774365,39.631685,0.902662,1.000000,7.631531,0.692506,0.725163
777,1,0,2.639295,39.522858,0.902599,1.000000,7.631531,0.692110,0.510886
778,0,4,2.508099,39.572330,0.902480,1.000000,7.631531,0.691714,0.412660
779,1,6,2.325192,39.419606,0.902598,1.000000,7.631531,0.691318,0.753549
780,1,7,2.637241,39.426208,0.902585,1.000000,7.631531,0.690922,0.567331
781,0,4,2.133285,39.449770,0.902871,1.000000,7.631531,0.690526,0.456022
782,0,5,2.546119,39.225507,0.902549,1.000000,7.631531,0.690130,0.305457
783,0,5,2.064387,39.382123,0.902521,1.000000,7.631531,0.689734,0.355197
784,0,3,2.650659,39.676696,0.902507,1.000000,7.631531,0.689338,0.617228
785,1,7,2.914538,39.887563,0.902806,1.000000,7.631531,0.688942,0.749799
786,0,5,2.170283,39.952209,0.902142,1.000000,7.631531,0.688546,0.360819
787,0,4,2.276519,39.611066,0.903047,1.000000,7.631531,0.688150,0.467613
788,3,7,2.499620,39.299476,0.902265,1.000000,7.631531,0.687754,0.772261
789,1,6,2.432860,39.228626,0.902819,1.000000,7.631531,0.687358,0.654708
790,0,4,2.514683,39.105268,0.902853,1.000000,7.631531,0.686962,0.376280
791,0,5,2.814688,39.457577,0.902626,1.000000,7.631531,0.686566,0.470967
792,1,6,2.118476,39.643760,0.903177,1.000000,7.631531,0.686170,0.631148
793,0,5,2.472363,39.423859,0.902041,1.000000,7.631531,0.685774,0.473097
794,0,2,2.456928,39.401913,0.902896,1.000000,7.631531,0.685378,0.451916
795,1,6,2.714932,39.453837,0.902494,1.000000,7.631531,0.684982,0.637303
796,2,6,2.504148,39.401204,0.903032,1.000000,7.631531,0.684586,0.572269
797,0,4,2.567277,39.344167,0.902177,1.000000,7.631531,0.684190,0.385511
798,1,7,2.483801,39.313609,0.902180,1.000000,7.631531,0.683794,0.723795
799,3,1,2.389761,39.516325,0.902514,1.000000,7.631531,0.683398,0.806561
800,2,5,2.507328,39.492445,0.902230,1.000000,7.631531,0.683002,0.457629
801,1,7,2.802881,39.218803,0.902466,1.000000,7.631531,0.682606,0.538672
802,1,1,2.238685,39.307630,0.902465,1.000000,7.631531,0.682210,0.777957
803,0,5,2.578479,39.245404,0.902463,1.000000,7.631531,0.681814,0.427760
804,1,6,1.994198,39.389404,0.902491,1.000000,7.631531,0.681418,0.592184
805,2,5,2.277676,39.303287,0.902671,1.000000,7.631531,0.681022,0.351677
806,0,3,2.564408,39.270022,0.902908,1.000000,7.631531,0.680626,0.717067
807,2,6,2.546319,39.252529,0.902682,1.000000,7.631531,0.680230,0.570727
808,0,3,2.487870,39.056927,0.902502,1.000000,7.631531,0.679834,0.596027
809,0,4,2.133848,39.321486,0.902382,1.000000,7.631531,0.679438,0.627250
810,1,1,2.822525,39.221451,0.902403,1.000000,7.631531,0.679042,0.733138
811,0,5,2.753430,39.196685,0.902940,1.000000,7.631531,0.678646,0.350042
812,0,2,2.771423,39.187465,0.902637,1.000000,7.631531,0.678250,0.445134
813,1,1,2.214169,39.195857,0.902232,1.000000,7.631531,0.677854,0.531864
814,2,5,2.448324,39.167630,0.902526,1.000000,7.631531,0.677458,0.343307
815,1,1,2.449135,39.160085,0.902221,1.000000,7.631531,0.677062,0.523555
816,0,2,2.444332,39.061316,0.902470,1.000000,7.631531,0.676666,0.445732
817,0,4,2.190809,38.940214,0.902549,1.000000,7.631531,0.676270,0.772502
818,0,4,2.644877,38.967006,0.902649,1.000000,7.631531,0.675874,0.761894
819,0,3,2.206842,39.266468,0.902319,1.000000,7.631531,0.675478,0.496059
820,1,6,2.594554,39.423205,0.902243,1.000000,7.631531,0.675082,0.382702
821,0,4,2.843919,39.750983,0.902625,1.000000,7.631531,0.674686,0.847148
822,0,4,2.733917,39.849287,0.902144,1.000000,7.631531,0.674290,0.903604
823,2,5,2.228075,39.432589,0.902292,1.000000,7.631531,0.673894,0.376510
824,3,2,2.396980,39.405981,0.902172,1.000000,7.631531,0.673498,0.424398
825,2,6,2.606108,39.422223,0.903285,1.000000,7.631531,0.673102,0.418336
826,1,6,2.500157,39.376052,0.902856,1.000000,7.631531,0.672706,0.390510
827,0,4,2.244018,39.230800,0.902460,1.000000,7.631531,0.672310,0.910093
828,1,6,3.138753,39.170014,0.902154,1.000000,7.631531,0.671914,0.580195
829,0,3,2.239889,39.159932,0.902072,1.000000,7.631531,0.671518,0.571599
830,1,6,2.797093,39.152727,0.902837,1.000000,7.631531,0.671122,0.607349
831,2,6,2.612559,39.323015,0.903333,1.000000,7.631531,0.670726,0.503513
832,1,0,2.681114,39.483757,0.902585,1.000000,7.631531,0.670330,0.678243
833,0,5,2.785906,39.532625,0.902543,1.000000,7.631531,0.669934,0.688868
834,0,5,2.120396,39.537792,0.903028,1.000000,7.631531,0.669538,0.694589
835,1,7,2.288078,39.715232,0.902609,1.000000,7.631531,0.669142,0.651115
836,1,6,2.630779,39.604490,0.902762,1.000000,7.631531,0.668746,0.562227
837,0,4,2.344784,39.793164,0.902238,1.000000,7.631531,0.668350,0.746345
838,1,6,2.373453,39.788363,0.902439,1.000000,7.631531,0.667954,0.531250
839,3,6,2.620684,39.848591,0.902639,1.000000,7.631531,0.667558,0.560119
840,1,6,2.766521,39.977177,0.903174,1.000000,7.631531,0.667162,0.604130
841,0,3,2.434212,39.668480,0.902758,1.000000,7.631531,0.666766,0.506983
842,0,4,2.618863,39.511410,0.902825,1.000000,7.631531,0.666370,0.536300
843,0,5,2.446900,39.799153,0.903065,1.000000,7.631531,0.665974,0.698962
844,0,5,2.702151,39.990549,0.902304,1.000000,7.631531,0.665578,0.734689
845,3,5,2.246996,39.801948,0.903491,1.000000,7.631531,0.665182,0.649887
846,0,4,2.250256,39.863534,0.902515,1.000000,7.631531,0.664786,0.492019
847,0,5,2.869985,39.975221,0.902878,1.000000,7.631531,0.664390,0.681284
848,0,4,2.351026,40.156635,0.902956,1.000000,7.631531,0.663994,0.461066
849,1,6,2.509497,40.239476,0.902173,1.000000,7.631531,0.663598,0.698229
850,0,5,2.536648,40.266744,0.902497,1.000000,7.631531,0.663202,0.690287
851,0,3,2.402496,40.395423,0.902953,1.000000,7.631531,0.662806,0.539163
852,1,6,2.179082,40.422159,0.902944,1.000000,7.631531,0.662410,0.597479
853,2,5,1.996770,40.282728,0.902117,1.000000,7.631531,0.662014,0.666594
854,0,3,2.637839,40.114626,0.902956,1.000000,7.631531,0.661618,0.626443
855,3,2,2.491365,40.035530,0.902218,1.000000,7.631531,0.661222,0.576135
856,2,6,2.486049,39.585923,0.902830,1.000000,7.631531,0.660826,0.646613
857,1,7,2.922532,39.864389,0.902325,1.000000,7.631531,0.660430,0.623258
858,1,6,2.419098,39.670383,0.902828,1.000000,7.631531,0.660034,0.672078
859,1,0,2.942892,39.834076,0.903159,1.000000,7.631531,0.659638,0.953465
860,0,3,2.018822,39.849706,0.902576,1.000000,7.631531,0.659242,0.534072
861,0,5,2.387924,39.995464,0.902900,1.000000,7.631531,0.658846,0.541038
862,1,6,2.479370,40.016370,0.903144,1.000000,7.631531,0.658450,0.469040
863,1,6,2.586925,40.015970,0.902215,1.000000,7.631531,0.658054,0.471049
864,3,3,2.679144,39.997175,0.902739,1.000000,7.631531,0.657658,0.624433
865,3,4,2.348178,39.895871,0.902173,1.000000,7.631531,0.657262,0.624519
866,0,5,2.000803,40.133415,0.902249,1.000000,7.631531,0.656866,0.583382
867,0,2,2.270193,40.129565,0.902828,1.000000,7.631531,0.656470,0.588560
868,1,6,2.178436,40.258909,0.902551,1.000000,7.631531,0.656074,0.465196
869,0,3,2.453844,40.140355,0.902474,1.000000,7.631531,0.655678,0.611413
870,1,0,2.783959,40.407241,0.902486,1.000000,7.631531,0.655282,0.874651
871,2,6,2.649750,40.202120,0.903328,1.000000,7.631531,0.654886,0.453284
872,2,5,2.626719,40.293260,0.902490,1.000000,7.631531,0.654490,0.573626
873,3,2,2.563528,40.396142,0.902595,1.000000,7.631531,0.654094,0.660714
874,0,4,2.664011,40.745099,0.903172,1.000000,7.631531,0.653698,0.800687
875,1,6,2.467497,40.352357,0.902480,1.000000,7.631531,0.653302,0.428172
876,1,1,2.162009,40.457378,0.902465,1.000000,7.631531,0.652906,0.519290
877,1,1,2.065780,40.622668,0.902907,1.000000,7.631531,0.652510,0.344609
878,0,4,2.651312,40.924410,0.902562,1.000000,7.631531,0.652114,0.835036
879,0,5,2.677554,40.897741,0.902743,1.000000,7.631531,0.651718,0.668011
880,0,4,2.738525,40.661520,0.902445,1.000000,7.631531,0.651322,0.938425
881,0,5,2.611607,40.685478,0.902944,1.000000,7.631531,0.650926,0.681442
882,1,0,2.569003,40.752253,0.902479,1.000000,7.631531,0.650530,0.851635
883,1,7,2.288180,40.640637,0.903146,1.000000,7.631531,0.650134,0.624488
884,2,5,2.991929,40.602819,0.902911,1.000000,7.631531,0.649738,0.794198
885,0,5,2.610630,40.618170,0.903005,1.000000,7.631531,0.649342,0.690326
886,2,5,2.593764,40.803152,0.902880,1.000000,7.631531,0.648946,0.645798
887,0,3,2.853601,41.038314,0.902433,1.000000,7.631531,0.648550,0.867108
888,0,5,2.852846,41.308393,0.902545,1.000000,7.631531,0.648154,0.784469
889,1,7,2.492802,41.519386,0.902457,1.000000,7.631531,0.647758,0.832115
890,1,7,2.941796,41.929116,0.902632,1.000000,7.631531,0.647362,1.167937
891,0,4,2.632469,41.688423,0.903051,1.000000,7.631531,0.646966,0.403901
892,0,5,2.957871,41.494605,0.902548,1.000000,7.631531,0.646570,0.917258
893,0,3,2.411594,41.132873,0.902094,1.000000,7.631531,0.646174,1.070729
894,2,5,2.777246,41.004582,0.902544,1.000000,7.631531,0.645778,0.762612
895,1,6,3.032875,40.657883,0.902583,1.000000,7.631531,0.645382,0.701492
896,2,5,2.737669,40.334526,0.902598,1.000000,7.631531,0.644986,0.833715
897,0,5,2.586155,40.365117,0.902489,1.000000,7.631531,0.644590,0.907787
898,0,5,2.882409,40.071051,0.902884,1.000000,7.631531,0.644194,0.898284
899,0,4,2.604003,40.018980,0.902937,1.000000,7.631531,0.643798,0.541015
900,2,6,2.467802,40.332650,0.902905,1.000000,7.631531,0.643402,0.710376
901,1,7,2.520827,40.212020,0.902546,1.000000,7.631531,0.643006,1.053560
902,0,4,2.171033,40.024100,0.902671,1.000000,7.631531,0.642610,0.707605
903,0,4,2.607303,39.974623,0.902671,1.000000,7.631531,0.642214,0.765446
904,0,3,2.424546,40.075657,0.902656,1.000000,7.631531,0.641818,0.844781
905,1,0,2.370151,39.882902,0.902751,1.000000,7.631531,0.641422,0.856859
906,1,6,2.881839,39.913677,0.902370,1.000000,7.631531,0.641026,0.795841
907,0,5,2.459519,39.998423,0.902531,1.000000,7.631531,0.640630,0.683604
908,0,3,2.783751,39.863180,0.902493,1.000000,7.631531,0.640234,0.847398
909,1,7,2.783900,39.862046,0.902836,1.000000,7.631531,0.639838,1.086043
910,2,6,2.678106,39.904748,0.902137,1.000000,7.631531,0.639442,0.907145
911,3,2,2.426545,39.760092,0.902652,1.000000,7.631531,0.639046,0.815446
912,2,5,2.110451,39.734647,0.902568,1.000000,7.631531,0.638650,0.568967
913,1,7,2.614752,39.910172,0.902802,1.000000,7.631531,0.638254,1.076819
914,0,2,2.663975,39.865614,0.902338,1.000000,7.631531,0.637858,0.778536
915,0,5,2.332691,39.928880,0.902475,1.000000,7.631531,0.637462,0.467222
916,0,4,2.511464,39.896230,0.902923,1.000000,7.631531,0.637066,0.738354
917,1,6,2.646430,39.928392,0.902146,1.000000,5.203552,0.636670,0.842681
918,1,0,2.342695,39.447256,0.902500,1.000000,7.631531,0.636274,0.869095
919,1,1,2.685063,39.238307,0.902567,1.000000,7.631531,0.635878,0.351697
920,2,6,2.603465,39.352503,0.902436,1.000000,7.631531,0.635482,0.674996
921,0,3,2.314273,39.143891,0.902436,1.000000,7.631531,0.635086,0.757653
922,1,7,2.334059,39.147852,0.902081,1.000000,7.631531,0.634690,1.152061
923,1,6,2.543401,39.282898,0.902603,1.000000,7.631531,0.634294,0.678667
924,0,5,2.484538,39.535105,0.902546,1.000000,7.631531,0.633898,0.442245
925,0,4,2.462117,39.747887,0.903156,1.000000,7.631531,0.633502,0.785252
926,1,6,2.608816,39.841820,0.902764,1.000000,7.631531,0.633106,0.595580
927,0,2,2.475234,39.951443,0.902805,1.000000,7.631531,0.632710,0.468078
928,0,4,2.500918,39.760012,0.902377,1.000000,7.631531,0.632314,0.480303
929,1,1,2.474039,39.696717,0.902593,1.000000,7.631531,0.631918,0.283414
930,2,6,2.720263,39.713050,0.902421,1.000000,7.631531,0.631522,0.585855
931,0,2,2.323488,39.385496,0.902233,1.000000,7.631531,0.631126,0.643101
932,0,5,2.858485,39.140255,0.902488,1.000000,7.631531,0.630730,0.477329
933,0,5,2.438288,39.434749,0.902414,1.000000,7.631531,0.630334,0.651700
934,0,3,2.793508,39.165753,0.902897,1.000000,7.631531,0.629938,0.725568
935,1,6,2.437844,39.257110,0.902996,1.000000,7.631531,0.629542,0.614311
936,1,7,2.365051,39.170094,0.902927,1.000000,7.631531,0.629146,1.174534
937,0,4,2.639272,39.114591,0.902047,1.000000,7.631531,0.628750,0.487664
938,3,1,2.612260,39.180249,0.902541,1.000000,7.631531,0.628354,0.285788
939,0,5,2.251145,38.976214,0.902066,1.000000,7.631531,0.627958,0.781203
940,0,5,2.551584,38.959095,0.902634,1.000000,7.631531,0.627562,0.746053
941,1,6,2.556054,38.998598,0.902155,1.000000,7.631531,0.627166,0.836072
942,3,2,2.071880,39.081496,0.902934,1.000000,7.631531,0.626770,0.867091
943,0,5,2.474460,39.227794,0.902458,1.000000,7.631531,0.626374,0.769151
944,0,4,2.404799,39.471243,0.902488,1.000000,7.631531,0.625978,0.597392
945,1,7,2.285468,39.600016,0.902389,1.000000,7.631531,0.625582,1.236749
946,1,6,3.089283,39.678124,0.902870,1.000000,7.631531,0.625186,0.859919
947,1,6,2.209003,39.729981,0.902061,1.000000,7.631531,0.624790,0.885987
948,0,4,3.049782,39.896737,0.902750,1.000000,7.631531,0.624394,0.777330
949,0,5,2.368755,40.160775,0.902476,1.000000,7.631531,0.623998,0.697380
950,2,5,2.648195,40.617868,0.902585,1.000000,7.631531,0.623602,0.902432
951,1,7,2.277505,40.724924,0.903392,1.000000,7.631531,0.623206,0.691120
952,1,6,2.644542,40.575055,0.902435,1.000000,7.631531,0.622810,0.959177
953,2,6,2.560477,40.624489,0.902726,1.000000,7.631531,0.622414,1.048256
954,0,4,2.522967,40.682568,0.902568,1.000000,7.631531,0.622018,0.825410
955,0,5,2.109511,40.679017,0.902249,1.000000,7.631531,0.621622,0.946018
956,1,6,2.734717,40.556502,0.902797,1.000000,7.631531,0.621226,1.074020
957,3,1,2.345779,40.557681,0.902168,1.000000,7.631531,0.620830,0.533496
958,0,5,2.545736,40.512893,0.902115,1.000000,7.631531,0.620434,0.966917
959,1,6,2.646697,40.795150,0.902680,1.000000,7.631531,0.620038,0.970837
960,0,4,2.393264,40.843036,0.902504,1.000000,7.631531,0.619642,0.773689
961,0,3,2.280286,40.632132,0.902349,1.000000,7.631531,0.619246,0.476452
962,1,6,2.766786,40.509895,0.902479,1.000000,7.631531,0.618850,0.741428
963,2,5,2.302426,40.738249,0.902560,1.000000,7.631531,0.618454,0.730002
964,1,0,2.645140,40.752049,0.902509,1.000000,5.234680,0.618058,1.054420
965,1,1,2.128456,40.538434,0.902451,1.000000,7.631531,0.617662,0.526160
966,1,0,2.740403,40.590330,0.902592,1.000000,7.631531,0.617266,1.074095
967,0,5,3.144275,40.881842,0.902276,1.000000,7.631531,0.616870,0.705699
968,2,6,2.610278,40.769251,0.902560,1.000000,7.631531,0.616474,0.709323
969,1,0,2.266627,41.102555,0.902175,1.000000,7.631531,0.616078,1.002630
970,1,0,2.515342,40.838311,0.902774,1.000000,7.631531,0.615682,1.040839
971,3,1,2.097316,40.798435,0.902043,1.000000,7.631531,0.615286,0.693633
972,0,2,2.759842,40.664005,0.902527,1.000000,7.631531,0.614890,0.963155
973,0,5,2.628897,40.663872,0.902892,1.000000,7.631531,0.614494,0.708165
974,0,5,2.741369,40.368002,0.902599,1.000000,7.631531,0.614098,0.590442
975,0,4,2.432039,40.385571,0.902121,1.000000,7.631531,0.613702,0.433988
976,0,2,2.755947,40.200324,0.902790,1.000000,7.631531,0.613306,0.859332
977,0,4,2.277969,39.890412,0.902547,1.000000,7.631531,0.612910,0.505897
978,1,6,2.807236,39.908400,0.902885,1.000000,7.631531,0.612514,0.474816
979,0,5,2.656116,39.900428,0.902119,1.000000,7.631531,0.612118,0.643050
980,0,4,2.232380,39.871808,0.902292,1.000000,7.631531,0.611722,0.565995
981,0,3,2.190186,39.737455,0.902742,1.000000,7.631531,0.611326,0.559627
982,2,6,2.495402,39.526931,0.902791,1.000000,7.631531,0.610930,0.613602
983,1,6,2.721784,39.395900,0.902450,1.000000,7.631531,0.610534,0.627852
984,0,2,2.137231,39.469635,0.902491,1.000000,7.631531,0.610138,0.973036
985,1,1,2.383649,39.464106,0.902939,1.000000,7.631531,0.609742,0.791705
986,0,5,2.942190,39.493139,0.902950,1.000000,7.631531,0.609346,0.730492
987,1,0,2.731682,39.337350,0.902444,1.000000,7.631531,0.608950,0.994454
988,0,5,2.587814,39.504153,0.902924,1.000000,7.631531,0.608554,0.796606
989,3,2,2.387832,39.494784,0.902672,1.000000,7.631531,0.608158,0.934259
990,0,4,2.688596,39.534102,0.902562,1.000000,7.631531,0.607762,0.437493
991,0,4,2.789391,39.383451,0.902081,1.000000,7.631531,0.607366,0.435646
992,0,5,2.555419,39.373108,0.902533,1.000000,7.631531,0.606970,0.893186
993,3,1,2.288966,39.753327,0.902553,1.000000,7.631531,0.606574,0.858072
994,3,6,2.569306,39.962740,0.902884,1.000000,7.631531,0.606178,0.599352
995,0,5,2.590765,39.730076,0.902033,1.000000,7.631531,0.605782,0.794671
996,2,5,2.572035,40.115298,0.902443,1.000000,7.631531,0.605386,0.748335
997,1,7,2.238943,40.071102,0.902099,1.000000,7.631531,0.604990,0.630893
998,2,6,2.497615,40.288739,0.902470,1.000000,7.631531,0.604594,0.507593
999,0,4,2.367513,40.114738,0.902875,1.000000,7.631531,0.604198,0.531787
