step,modality,source,obs_norm,confidence,free_energy,prediction_error,cycle_count
0,physics,physics:step_1,0.049566,0.898512,0.000060,0.072513,1
1,text,wiki:Biology_1,0.237129,0.918101,0.000712,0.244557,2
2,image,/tmp/omni_img_ahr7_nej/circle_00.png,0.061756,0.918289,0.000072,0.083150,3
3,physics,physics:step_2,0.055280,0.918167,0.000069,0.071387,4
4,text,wiki:Biology_1,0.272184,0.918000,0.000911,0.284572,5
5,code,/tmp/omni_code_5rm7dhr_/class_stack_00.py,7.815459,0.852056,0.842680,7.671960,6
6,physics,physics:step_3,0.064256,0.913571,0.004579,0.538530,7
7,physics,physics:step_4,0.066996,0.918305,0.003453,0.477914,8
8,text,wiki:Biology_1,0.257909,0.918087,0.003894,0.525329,9
9,text,wiki:History_0,0.242720,0.893880,0.003001,0.479479,10
10,text,wiki:History_0,0.271342,0.918057,0.002529,0.461892,11
11,audio,/tmp/omni_aud_9vbpth3p/chirp_00_220hz.wav,0.157298,0.918268,0.001561,0.355877,12
12,physics,physics:step_5,0.062984,0.918194,0.001005,0.299846,13
13,image,/tmp/omni_img_ahr7_nej/circle_01.png,0.062542,0.918282,0.000741,0.287421,14
14,text,wiki:History_0,0.266223,0.918170,0.001503,0.398376,15
15,text,wiki:Biology_3,0.235779,0.917961,0.001066,0.352847,16
16,text,wiki:Biology_3,0.267918,0.918127,0.001115,0.372986,17
17,text,wiki:Mathematics_3,0.244391,0.917984,0.000962,0.337510,18
18,image,/tmp/omni_img_ahr7_nej/circle_02.png,0.061960,0.918229,0.000360,0.221138,19
19,physics,physics:step_6,0.070787,0.918134,0.000390,0.206173,20
20,physics,physics:step_7,0.069618,0.918101,0.000332,0.202522,21
21,text,wiki:Mathematics_3,0.266256,0.918178,0.000864,0.337697,22
22,code,/tmp/omni_code_5rm7dhr_/class_stack_01.py,7.815455,0.852062,0.822002,7.669038,23
23,image,/tmp/omni_img_ahr7_nej/cross_00.png,0.069560,0.918177,0.005741,0.656523,24
24,physics,physics:step_8,0.071481,0.918184,0.004508,0.600827,25
25,text,wiki:Mathematics_3,0.244391,0.911116,0.004717,0.617516,26
26,text,wiki:Mathematics_3,0.266256,0.918118,0.003684,0.586175,27
27,text,wiki:Computer Science_2,0.238689,0.917971,0.002887,0.543768,28
28,text,wiki:Computer Science_2,0.273169,0.913967,0.002510,0.522423,29
29,physics,physics:step_9,0.060133,0.918180,0.001480,0.404455,30
30,physics,physics:step_10,0.054420,0.918219,0.001182,0.377573,31
31,code,/tmp/omni_code_5rm7dhr_/fib_00.py,4.320841,0.891484,0.239211,4.196240,32
32,text,wiki:Computer Science_2,0.260393,0.918044,0.004922,0.646995,33
33,text,wiki:Biology_1,0.237129,0.918041,0.003647,0.573297,34
34,text,wiki:Biology_1,0.272184,0.918051,0.003096,0.554523,35
35,text,wiki:Biology_1,0.257909,0.918115,0.002518,0.529831,36
36,text,wiki:Biology_3,0.235779,0.918070,0.001914,0.480519,37
37,text,wiki:Biology_3,0.267918,0.918092,0.001788,0.487186,38
38,text,wiki:Geography_4,0.222755,0.913770,0.001401,0.436134,39
39,physics,physics:step_11,0.057127,0.915626,0.000945,0.353103,40
40,text,wiki:Geography_4,0.271357,0.911427,0.001283,0.438535,41
41,image,/tmp/omni_img_ahr7_nej/cross_01.png,0.068981,0.918452,0.000707,0.313597,42
42,physics,physics:step_12,0.059743,0.918234,0.000621,0.299611,43
43,text,wiki:Geography_4,0.343732,0.914177,0.001921,0.510292,44
44,image,/tmp/omni_img_ahr7_nej/cross_02.png,0.070345,0.918332,0.000481,0.274637,45
45,image,/tmp/omni_img_ahr7_nej/noise_00.png,0.051378,0.918453,0.000397,0.275950,46
46,text,wiki:Biology_1,0.237129,0.917939,0.000799,0.350157,47
47,text,wiki:Biology_1,0.272184,0.918150,0.000850,0.382817,48
48,physics,physics:step_13,0.058521,0.918262,0.000361,0.245244,49
49,text,wiki:Biology_1,0.257909,0.918097,0.000733,0.368151,50
50,text,wiki:Geography_0,0.234919,0.918267,0.000619,0.323843,51
51,text,wiki:Geography_0,0.265763,0.918059,0.000623,0.361112,52
52,physics,physics:step_14,0.055213,0.918233,0.000381,0.233495,53
53,physics,physics:step_15,0.050286,0.918108,0.000322,0.217777,54
54,physics,physics:step_16,0.062374,0.918116,0.000259,0.207201,55
55,physics,physics:step_17,0.071352,0.918253,0.000308,0.197864,56
56,text,wiki:Geography_0,0.443470,0.918075,0.002468,0.527522,57
57,text,wiki:Biology_4,0.230980,0.918105,0.000501,0.298118,58
58,text,wiki:Biology_4,0.271342,0.918126,0.000593,0.347220,59
59,text,wiki:Biology_4,0.266223,0.918233,0.000528,0.348455,60
60,physics,physics:step_18,0.065802,0.918355,0.000346,0.186048,61
61,text,wiki:Mathematics_4,0.251755,0.917757,0.000537,0.310131,62
62,text,wiki:Mathematics_4,0.266707,0.918042,0.000483,0.339988,63
63,physics,physics:step_19,0.067142,0.918306,0.000347,0.184496,64
64,physics,physics:step_20,0.061327,0.918284,0.000264,0.178620,65
65,text,wiki:History_0,0.242720,0.918086,0.000454,0.293021,66
66,text,wiki:History_0,0.271342,0.918051,0.000516,0.334978,67
67,text,wiki:History_0,0.266223,0.918189,0.000458,0.334003,68
68,text,wiki:Mathematics_4,0.251755,0.917997,0.000435,0.306053,69
69,text,wiki:Mathematics_4,0.266707,0.918083,0.000401,0.337214,70
70,text,wiki:History_0,0.242720,0.918030,0.000319,0.301537,71
71,text,wiki:History_0,0.271342,0.918059,0.000396,0.345120,72
72,image,/tmp/omni_img_ahr7_nej/noise_01.png,0.058727,0.918258,0.000353,0.174986,73
73,text,wiki:History_0,0.266223,0.918105,0.000391,0.334720,74
74,text,wiki:Geography_0,0.234919,0.917951,0.000308,0.292097,75
75,text,wiki:Geography_0,0.265763,0.918101,0.000352,0.337963,76
76,text,wiki:Geography_0,0.443470,0.917854,0.002053,0.512520,77
77,physics,physics:step_21,0.058958,0.918350,0.000423,0.192307,78
78,text,wiki:Mathematics_2,0.248881,0.917991,0.000344,0.310278,79
79,physics,physics:step_22,0.054427,0.918224,0.000340,0.188306,80
80,physics,physics:step_23,0.061546,0.918340,0.000271,0.180332,81
81,text,wiki:Mathematics_2,0.266364,0.918061,0.000421,0.329674,82
82,image,/tmp/omni_img_ahr7_nej/noise_02.png,0.057033,0.918390,0.000227,0.181077,83
83,text,wiki:Geography_1,0.236690,0.918016,0.000337,0.284744,84
84,text,wiki:Geography_1,0.273008,0.917899,0.000436,0.337490,85
85,text,wiki:Geography_1,0.254855,0.918164,0.000315,0.319999,86
86,physics,physics:step_24,0.068401,0.918252,0.000260,0.180915,87
87,text,wiki:History_4,0.245905,0.917919,0.000337,0.299298,88
88,text,wiki:History_4,0.271342,0.918063,0.000395,0.337753,89
89,text,wiki:History_4,0.266223,0.918122,0.000343,0.331745,90
90,text,wiki:Geography_0,0.234919,0.917841,0.000272,0.293449,91
91,physics,physics:step_25,0.067510,0.918094,0.000316,0.190073,92
92,text,wiki:Geography_0,0.265763,0.918142,0.000355,0.332537,93
93,text,wiki:Geography_0,0.443470,0.917853,0.002031,0.502908,94
94,text,wiki:Biology_2,0.225765,0.918141,0.000227,0.289082,95
95,physics,physics:step_26,0.060107,0.918200,0.000331,0.188653,96
96,text,wiki:Biology_2,0.265468,0.918267,0.000342,0.336678,97
97,text,wiki:History_3,0.237630,0.917979,0.000276,0.299899,98
98,text,wiki:History_3,0.266213,0.918304,0.000314,0.339983,99
99,code,/tmp/omni_code_5rm7dhr_/fib_01.py,4.322077,0.892513,0.259265,4.281839,100
100,audio,/tmp/omni_aud_9vbpth3p/chirp_01_440hz.wav,0.170713,0.918510,0.000830,0.285158,112
101,physics,physics:step_27,0.061387,0.918060,0.000378,0.234554,113
102,text,wiki:Physics_3,0.245737,0.918015,0.000399,0.342747,114
103,code,/tmp/omni_code_5rm7dhr_/import_heavy_00.py,10.462508,0.766897,1.508222,10.422802,115
104,physics,physics:step_28,0.080012,0.916526,0.009941,0.756299,116
105,physics,physics:step_29,0.064644,0.918275,0.006922,0.666512,117
106,text,wiki:Physics_3,0.267137,0.889524,0.005370,0.651605,118
107,text,wiki:History_0,0.242720,0.917926,0.004017,0.584994,119
108,text,wiki:History_0,0.271342,0.918072,0.003190,0.564040,120
109,audio,/tmp/omni_aud_9vbpth3p/chord_00_220hz.wav,0.156743,0.918199,0.002493,0.497166,121
110,text,wiki:History_0,0.266223,0.918110,0.002057,0.501123,122
111,text,wiki:Physics_2,0.242079,0.917954,0.001619,0.460185,123
112,text,wiki:Physics_2,0.272555,0.889819,0.001473,0.465092,124
113,text,wiki:Physics_2,0.256701,0.918278,0.001166,0.440139,125
114,text,wiki:Mathematics_3,0.244391,0.918004,0.001085,0.409246,126
115,image,/tmp/omni_img_ahr7_nej/square_00.png,0.056485,0.902530,0.000815,0.332537,127
116,physics,physics:step_30,0.062024,0.918276,0.000739,0.321529,128
117,physics,physics:step_31,0.056036,0.918088,0.000655,0.298404,129
118,text,wiki:Mathematics_3,0.266256,0.918010,0.000757,0.389411,130
119,physics,physics:step_32,0.063737,0.918266,0.000478,0.286994,131
120,text,wiki:Geography_1,0.236690,0.917952,0.000619,0.337508,132
121,physics,physics:step_33,0.068812,0.918345,0.000420,0.270906,133
122,text,wiki:Geography_1,0.273008,0.918059,0.000659,0.374369,134
123,text,wiki:Geography_1,0.254855,0.918130,0.000479,0.356367,135
124,text,wiki:Geography_0,0.234919,0.917923,0.000447,0.324882,136
125,text,wiki:Geography_0,0.265763,0.918118,0.000466,0.364935,137
126,text,wiki:Geography_0,0.443470,0.918076,0.002145,0.530060,138
127,text,wiki:Mathematics_3,0.244391,0.917889,0.000433,0.336360,139
128,text,wiki:Mathematics_3,0.266256,0.918071,0.000377,0.371160,140
129,text,wiki:History_4,0.245905,0.918002,0.000333,0.340178,141
130,text,wiki:History_4,0.271342,0.917888,0.000375,0.376594,142
131,audio,/tmp/omni_aud_9vbpth3p/chord_01_440hz.wav,0.157181,0.918159,0.000717,0.292223,143
132,text,wiki:History_4,0.266223,0.918148,0.000337,0.361262,144
133,text,wiki:Geography_4,0.222755,0.917992,0.000267,0.308141,145
134,text,wiki:Geography_4,0.271357,0.918010,0.000348,0.370048,146
135,text,wiki:Geography_4,0.343732,0.918040,0.001058,0.438347,147
136,code,/tmp/omni_code_5rm7dhr_/import_heavy_01.py,10.462790,0.766682,1.500082,10.427570,148
137,text,wiki:Biology_1,0.237129,0.918012,0.010058,0.812827,149
138,physics,physics:step_34,0.061862,0.918298,0.007420,0.703925,150
139,text,wiki:Biology_1,0.272184,0.918061,0.005485,0.686762,151
140,text,wiki:Biology_1,0.257909,0.918136,0.004093,0.630508,152
141,text,wiki:Computer Science_1,0.246705,0.918149,0.003193,0.585117,153
142,audio,/tmp/omni_aud_9vbpth3p/click_00_220hz.wav,0.169014,0.917982,0.003295,0.537055,154
143,text,wiki:Computer Science_1,0.267755,0.918021,0.002081,0.530746,155
144,text,wiki:Computer Science_1,0.717103,0.917655,0.009119,0.773348,156
145,text,wiki:Computer Science_2,0.238689,0.917955,0.001360,0.460985,157
146,text,wiki:Computer Science_2,0.273169,0.918179,0.001279,0.481071,158
147,text,wiki:Computer Science_2,0.260393,0.918166,0.001020,0.455112,159
148,text,wiki:Biology_1,0.237129,0.918126,0.000853,0.418989,160
149,text,wiki:Biology_1,0.272184,0.918100,0.000839,0.450913,161
150,image,/tmp/omni_img_ahr7_nej/square_01.png,0.055965,0.918313,0.000726,0.344116,162
151,image,/tmp/omni_img_ahr7_nej/square_02.png,0.056660,0.918349,0.000600,0.328535,163
152,text,wiki:Biology_1,0.257909,0.918097,0.000602,0.408746,164
153,text,wiki:Computer Science_2,0.238689,0.918161,0.000529,0.376113,165
154,text,wiki:Computer Science_2,0.273169,0.918074,0.000604,0.415455,166
155,physics,physics:step_35,0.059527,0.918332,0.000500,0.297081,167
156,text,wiki:Computer Science_2,0.260393,0.918115,0.000507,0.384082,168
157,physics,physics:step_36,0.060971,0.918216,0.000426,0.284362,169
158,physics,physics:step_37,0.069601,0.918323,0.000368,0.273489,170
159,physics,physics:step_38,0.067356,0.918229,0.000314,0.265153,171
160,text,wiki:Geography_1,0.236690,0.917973,0.000467,0.336687,172
161,audio,/tmp/omni_aud_9vbpth3p/click_01_440hz.wav,0.169014,0.918147,0.000754,0.293936,173
162,text,wiki:Geography_1,0.273008,0.918005,0.000559,0.376485,174
163,text,wiki:Geography_1,0.254855,0.918000,0.000386,0.355663,175
164,text,wiki:Computer Science_0,0.254955,0.917904,0.000426,0.350633,176
165,text,wiki:Computer Science_0,0.259894,0.918166,0.000383,0.363325,177
166,image,/tmp/omni_img_ahr7_nej/triangle_00.png,0.056779,0.918295,0.000318,0.251496,178
167,image,/tmp/omni_img_ahr7_nej/triangle_01.png,0.056326,0.918173,0.000262,0.242552,179
168,text,wiki:Physics_2,0.242079,0.917873,0.000365,0.331458,180
169,code,/tmp/omni_code_5rm7dhr_/loop_algo_00.py,2.772118,0.906078,0.107377,2.844738,181
170,text,wiki:Physics_2,0.272555,0.917909,0.001481,0.384992,182
171,text,wiki:Physics_2,0.256701,0.918052,0.001139,0.349291,183
172,text,wiki:History_3,0.237630,0.918137,0.000761,0.334414,184
173,audio,/tmp/omni_aud_9vbpth3p/noise_00_220hz.wav,0.164001,0.918300,0.000678,0.295492,185
174,text,wiki:History_3,0.266213,0.918055,0.000702,0.354733,186
175,text,wiki:History_0,0.242720,0.916096,0.000509,0.324613,187
176,text,wiki:History_0,0.271342,0.918040,0.000549,0.361545,188
177,code,/tmp/omni_code_5rm7dhr_/loop_algo_01.py,2.772597,0.906140,0.103310,2.856333,189
178,image,/tmp/omni_img_ahr7_nej/triangle_02.png,0.056581,0.918160,0.001042,0.327225,190
179,physics,physics:step_39,0.071517,0.918234,0.000866,0.294942,191
180,image,/tmp/omni_img_ahr7_nej/circle_00.png,0.061756,0.918562,0.000646,0.292441,192
181,image,/tmp/omni_img_ahr7_nej/circle_01.png,0.062542,0.918263,0.000510,0.278043,193
182,text,wiki:History_0,0.266223,0.918348,0.001112,0.354464,194
183,text,wiki:Mathematics_4,0.251755,0.917934,0.000825,0.335991,195
184,physics,physics:step_40,0.068962,0.918507,0.000373,0.230671,196
185,physics,physics:step_41,0.069774,0.918090,0.000312,0.220015,197
186,text,wiki:Mathematics_4,0.266707,0.917962,0.000718,0.343614,198
187,text,wiki:Biology_2,0.225765,0.917488,0.000477,0.299594,199
188,physics,physics:step_42,0.066761,0.918426,0.000276,0.213618,200
189,text,wiki:Biology_2,0.265468,0.918035,0.000560,0.339341,201
190,audio,/tmp/omni_aud_9vbpth3p/noise_01_440hz.wav,0.172719,0.918152,0.000548,0.265449,202
191,text,wiki:Biology_1,0.237129,0.918084,0.000426,0.301909,203
192,text,wiki:Biology_1,0.272184,0.918103,0.000512,0.348242,204
193,image,/tmp/omni_img_ahr7_nej/circle_02.png,0.061960,0.918340,0.000228,0.224753,205
194,text,wiki:Biology_1,0.257909,0.918092,0.000434,0.329465,206
195,text,wiki:Biology_4,0.230980,0.918029,0.000305,0.299529,207
196,text,wiki:Biology_4,0.271342,0.918166,0.000425,0.351060,208
197,image,/tmp/omni_img_ahr7_nej/cross_00.png,0.069560,0.918534,0.000278,0.214939,209
198,text,wiki:Biology_4,0.266223,0.918019,0.000404,0.338784,210
199,text,wiki:Mathematics_3,0.244391,0.917981,0.000346,0.311888,211
200,physics,physics:step_43,0.067190,0.918131,0.000491,0.251798,222
201,code,/tmp/omni_code_5rm7dhr_/class_stack_00.py,7.815459,0.851931,0.842676,7.734655,223
202,text,wiki:Computer Science_2,0.238689,0.918264,0.005388,0.653271,224
203,text,wiki:Computer Science_2,0.273169,0.918178,0.004157,0.608925,225
204,text,wiki:Computer Science_2,0.260393,0.916962,0.003138,0.581603,226
205,text,wiki:Biology_3,0.235779,0.918056,0.002340,0.526537,227
206,text,wiki:Biology_3,0.267918,0.918078,0.001969,0.521480,228
207,physics,physics:step_44,0.066898,0.918251,0.001530,0.393144,229
208,text,wiki:History_0,0.242720,0.917892,0.001387,0.456932,230
209,text,wiki:History_0,0.271342,0.918363,0.001182,0.469585,231
210,physics,physics:step_45,0.059980,0.918195,0.000875,0.328755,232
211,text,wiki:History_0,0.266223,0.918151,0.000919,0.444067,233
212,text,wiki:History_0,0.242720,0.918229,0.000769,0.406024,234
213,image,/tmp/omni_img_ahr7_nej/cross_01.png,0.068981,0.918465,0.000598,0.298752,235
214,physics,physics:step_46,0.058895,0.918313,0.000548,0.285590,236
215,physics,physics:step_47,0.069611,0.918165,0.000506,0.266456,237
216,text,wiki:History_0,0.271342,0.918000,0.000669,0.403312,238
217,text,wiki:History_0,0.266223,0.918182,0.000588,0.396877,239
218,audio,/tmp/omni_aud_9vbpth3p/sine_00_220hz.wav,0.171834,0.918269,0.000843,0.310742,240
219,text,wiki:History_3,0.237630,0.918058,0.000478,0.348906,241
220,text,wiki:History_3,0.266213,0.917946,0.000476,0.383719,242
221,text,wiki:Biology_2,0.225765,0.918187,0.000321,0.332292,243
222,physics,physics:step_48,0.062700,0.918162,0.000400,0.233996,244
223,code,/tmp/omni_code_5rm7dhr_/class_stack_01.py,7.815455,0.851752,0.827357,7.719691,245
224,text,wiki:Biology_2,0.265468,0.918092,0.006408,0.721890,246
225,audio,/tmp/omni_aud_9vbpth3p/sine_01_440hz.wav,0.153902,0.918358,0.004539,0.608618,247
226,text,wiki:History_4,0.245905,0.917972,0.004009,0.616386,248
227,text,wiki:History_4,0.271342,0.906143,0.003135,0.593791,249
228,physics,physics:step_49,0.065829,0.918289,0.002141,0.475606,250
229,text,wiki:History_4,0.266223,0.917920,0.002174,0.543450,251
230,text,wiki:History_4,0.245905,0.917950,0.001808,0.499019,252
231,text,wiki:History_4,0.271342,0.918166,0.001500,0.503585,253
232,code,/tmp/omni_code_5rm7dhr_/fib_00.py,4.320841,0.892561,0.240735,4.226337,254
233,text,wiki:History_4,0.266223,0.901729,0.004330,0.639843,255
234,audio,/tmp/omni_aud_9vbpth3p/chirp_00_220hz.wav,0.157298,0.918271,0.002838,0.540544,256
235,image,/tmp/omni_img_ahr7_nej/cross_02.png,0.070345,0.900126,0.002116,0.477954,257
236,text,wiki:Physics_0,0.238298,0.917901,0.002305,0.523082,258
237,physics,physics:step_50,0.071068,0.917946,0.001628,0.432372,259
238,text,wiki:Physics_0,0.271342,0.918062,0.001757,0.503299,260
239,text,wiki:Physics_0,0.266223,0.917992,0.001542,0.491807,261
240,image,/tmp/omni_img_ahr7_nej/noise_00.png,0.051378,0.918331,0.000823,0.376397,262
241,physics,physics:step_51,0.058934,0.918263,0.000792,0.342849,263
242,text,wiki:Geography_0,0.234919,0.917907,0.001052,0.413887,264
243,text,wiki:Geography_0,0.265763,0.918094,0.000960,0.435394,265
244,physics,physics:step_52,0.076734,0.918258,0.000661,0.297031,266
245,image,/tmp/omni_img_ahr7_nej/noise_01.png,0.058727,0.918168,0.000500,0.282086,267
246,physics,physics:step_53,0.079272,0.918189,0.000522,0.281149,268
247,text,wiki:Geography_0,0.443470,0.917817,0.002636,0.577065,269
248,text,wiki:History_3,0.237630,0.918088,0.000664,0.364460,270
249,text,wiki:History_3,0.266213,0.918001,0.000662,0.397892,271
250,physics,physics:step_54,0.067120,0.918312,0.000441,0.254723,272
251,image,/tmp/omni_img_ahr7_nej/noise_02.png,0.057033,0.918323,0.000322,0.270614,273
252,text,wiki:Mathematics_4,0.251755,0.917950,0.000673,0.354669,274
253,text,wiki:Mathematics_4,0.266707,0.918292,0.000579,0.379842,275
254,text,wiki:Biology_3,0.235779,0.917880,0.000421,0.342329,276
255,physics,physics:step_55,0.055976,0.918442,0.000341,0.228007,277
256,image,/tmp/omni_img_ahr7_nej/square_00.png,0.056485,0.918772,0.000217,0.234363,278
257,text,wiki:Biology_3,0.267918,0.918040,0.000552,0.368742,279
258,text,wiki:Physics_3,0.245737,0.917728,0.000449,0.340807,280
259,text,wiki:Physics_3,0.267137,0.918009,0.000465,0.366848,281
260,text,wiki:Mathematics_4,0.251755,0.917945,0.000450,0.338646,282
261,image,/tmp/omni_img_ahr7_nej/square_01.png,0.055965,0.918265,0.000254,0.230041,283
262,text,wiki:Mathematics_4,0.266707,0.918125,0.000436,0.362722,284
263,text,wiki:Biology_2,0.225765,0.918186,0.000291,0.309960,285
264,audio,/tmp/omni_aud_9vbpth3p/chirp_01_440hz.wav,0.170713,0.918165,0.000665,0.270675,286
265,text,wiki:Biology_2,0.265468,0.918018,0.000419,0.356765,287
266,text,wiki:Biology_4,0.230980,0.918130,0.000290,0.313192,288
267,text,wiki:Biology_4,0.271342,0.917855,0.000402,0.364826,289
268,text,wiki:Biology_4,0.266223,0.918104,0.000374,0.358686,290
269,text,wiki:Mathematics_3,0.244391,0.918135,0.000333,0.327617,291
270,text,wiki:Mathematics_3,0.266256,0.918162,0.000326,0.364341,292
271,text,wiki:Physics_1,0.236917,0.918111,0.000225,0.327128,293
272,text,wiki:Physics_1,0.275010,0.918057,0.000344,0.375251,294
273,text,wiki:Physics_1,0.260393,0.918357,0.000377,0.353678,295
274,physics,physics:step_56,0.063086,0.918181,0.000415,0.228681,296
275,text,wiki:Physics_3,0.245737,0.917953,0.000287,0.335600,297
276,text,wiki:Physics_3,0.267137,0.917966,0.000308,0.362145,298
277,text,wiki:Biology_2,0.225765,0.918254,0.000202,0.308936,299
278,image,/tmp/omni_img_ahr7_nej/square_02.png,0.056660,0.918408,0.000302,0.226294,300
279,image,/tmp/omni_img_ahr7_nej/triangle_00.png,0.056779,0.918288,0.000261,0.219806,301
280,text,wiki:Biology_2,0.265468,0.917973,0.000351,0.351656,302
281,text,wiki:Biology_1,0.237129,0.918038,0.000241,0.312749,303
282,text,wiki:Biology_1,0.272184,0.918201,0.000346,0.362527,304
283,text,wiki:Biology_1,0.257909,0.918084,0.000277,0.346986,305
284,text,wiki:History_4,0.245905,0.917734,0.000251,0.330278,306
285,text,wiki:History_4,0.271342,0.918141,0.000307,0.367562,307
286,text,wiki:History_4,0.266223,0.918147,0.000277,0.358160,308
287,text,wiki:History_0,0.242720,0.917904,0.000215,0.329008,309
288,text,wiki:History_0,0.271342,0.918029,0.000284,0.372197,310
289,text,wiki:History_0,0.266223,0.918099,0.000255,0.362234,311
290,image,/tmp/omni_img_ahr7_nej/triangle_01.png,0.056326,0.918193,0.000384,0.237580,312
291,text,wiki:History_3,0.237630,0.918127,0.000230,0.323166,313
292,audio,/tmp/omni_aud_9vbpth3p/chord_00_220hz.wav,0.156743,0.918228,0.000658,0.261281,314
293,text,wiki:History_3,0.266213,0.918029,0.000299,0.354973,315
294,image,/tmp/omni_img_ahr7_nej/triangle_02.png,0.056581,0.918365,0.000286,0.220264,316
295,audio,/tmp/omni_aud_9vbpth3p/chord_01_440hz.wav,0.157181,0.918195,0.000554,0.251869,317
296,code,/tmp/omni_code_5rm7dhr_/fib_01.py,4.322077,0.892787,0.257583,4.295170,318
297,image,/tmp/omni_img_ahr7_nej/circle_00.png,0.061756,0.918249,0.001604,0.354478,319
298,physics,physics:step_57,0.062151,0.917927,0.001151,0.317483,320
299,physics,physics:step_58,0.050530,0.918238,0.000807,0.292811,321
300,physics,physics:step_59,0.058573,0.918188,0.000423,0.251554,337
301,text,wiki:History_4,0.245905,0.918088,0.000281,0.349543,338
302,text,wiki:History_4,0.271342,0.918078,0.000321,0.384353,339
303,text,wiki:History_4,0.266223,0.918067,0.000291,0.374576,340
304,image,/tmp/omni_img_ahr7_nej/circle_01.png,0.062542,0.918298,0.000383,0.254510,341
305,text,wiki:Mathematics_2,0.248881,0.917804,0.000282,0.344497,342
306,text,wiki:Mathematics_2,0.266364,0.918089,0.000285,0.374109,343
307,physics,physics:step_60,0.067098,0.918403,0.000360,0.242955,344
308,text,wiki:Biology_3,0.235779,0.918016,0.000217,0.331602,345
309,text,wiki:Biology_3,0.267918,0.918066,0.000301,0.370978,346
310,text,wiki:History_4,0.245905,0.917979,0.000245,0.341300,347
311,text,wiki:History_4,0.271342,0.918004,0.000296,0.377019,348
312,text,wiki:History_4,0.266223,0.918084,0.000268,0.366390,349
313,text,wiki:Physics_1,0.236917,0.917937,0.000175,0.337722,350
314,text,wiki:Physics_1,0.275010,0.917963,0.000286,0.385135,351
315,text,wiki:Physics_1,0.260393,0.918104,0.000312,0.356120,352
316,text,wiki:Geography_4,0.222755,0.917979,0.000183,0.321194,353
317,physics,physics:step_61,0.066885,0.918328,0.000459,0.231048,354
318,text,wiki:Geography_4,0.271357,0.917888,0.000286,0.373630,355
319,audio,/tmp/omni_aud_9vbpth3p/click_00_220hz.wav,0.169014,0.918111,0.000782,0.269160,356
320,audio,/tmp/omni_aud_9vbpth3p/click_01_440hz.wav,0.169014,0.918087,0.000666,0.258864,357
321,text,wiki:Geography_4,0.343732,0.918262,0.001064,0.416569,358
322,text,wiki:Computer Science_1,0.246705,0.918047,0.000295,0.342331,359
323,text,wiki:Computer Science_1,0.267755,0.918103,0.000301,0.365243,360
324,image,/tmp/omni_img_ahr7_nej/circle_02.png,0.061960,0.918264,0.000291,0.231918,361
325,physics,physics:step_62,0.070150,0.918210,0.000318,0.211070,362
326,image,/tmp/omni_img_ahr7_nej/cross_00.png,0.069560,0.918278,0.000235,0.208670,363
327,text,wiki:Computer Science_1,0.717103,0.917749,0.006960,0.715099,364
328,physics,physics:step_63,0.057511,0.918429,0.000242,0.200017,365
329,text,wiki:Biology_3,0.235779,0.917868,0.000347,0.316688,366
330,physics,physics:step_64,0.057625,0.918455,0.000246,0.193239,367
331,text,wiki:Biology_3,0.267918,0.918058,0.000445,0.348232,368
332,physics,physics:step_65,0.064117,0.918080,0.000245,0.202470,369
333,image,/tmp/omni_img_ahr7_nej/cross_01.png,0.068981,0.918292,0.000190,0.191422,370
334,text,wiki:Physics_3,0.245737,0.917877,0.000395,0.317798,371
335,physics,physics:step_66,0.059660,0.918212,0.000196,0.194085,372
336,text,wiki:Physics_3,0.267137,0.917945,0.000453,0.336143,373
337,physics,physics:step_67,0.063712,0.918310,0.000203,0.188039,374
338,text,wiki:Mathematics_3,0.244391,0.918102,0.000378,0.303828,375
339,audio,/tmp/omni_aud_9vbpth3p/noise_00_220hz.wav,0.164001,0.918219,0.000509,0.234394,376
340,text,wiki:Mathematics_3,0.266256,0.917996,0.000441,0.332866,377
341,code,/tmp/omni_code_5rm7dhr_/import_heavy_00.py,10.462508,0.751457,1.509418,10.435530,378
342,image,/tmp/omni_img_ahr7_nej/cross_02.png,0.070345,0.918347,0.009854,0.728022,379
343,text,wiki:History_3,0.237630,0.918067,0.006974,0.685621,380
344,physics,physics:step_68,0.067950,0.918471,0.004872,0.583796,381
345,physics,physics:step_69,0.065800,0.884709,0.003642,0.526611,382
346,audio,/tmp/omni_aud_9vbpth3p/noise_01_440hz.wav,0.172719,0.918146,0.003442,0.485794,383
347,text,wiki:History_3,0.266213,0.918092,0.002533,0.497850,384
348,text,wiki:Geography_1,0.236690,0.899823,0.001995,0.444701,385
349,text,wiki:Geography_1,0.273008,0.918046,0.001715,0.457162,386
350,physics,physics:step_70,0.060177,0.909707,0.001195,0.354560,387
351,text,wiki:Geography_1,0.254855,0.918200,0.001162,0.407248,388
352,text,wiki:Physics_2,0.242079,0.917925,0.000952,0.385653,389
353,text,wiki:Physics_2,0.272555,0.918004,0.000962,0.404554,390
354,text,wiki:Physics_2,0.256701,0.918179,0.000767,0.380278,391
355,text,wiki:Mathematics_4,0.251755,0.917890,0.000748,0.364034,392
356,physics,physics:step_71,0.058056,0.918426,0.000549,0.288315,393
357,physics,physics:step_72,0.065349,0.918119,0.000455,0.271986,394
358,text,wiki:Mathematics_4,0.266707,0.918060,0.000623,0.367238,395
359,text,wiki:Biology_1,0.237129,0.918051,0.000471,0.325644,396
360,audio,/tmp/omni_aud_9vbpth3p/sine_00_220hz.wav,0.171834,0.918194,0.000788,0.307689,397
361,text,wiki:Biology_1,0.272184,0.918030,0.000569,0.363316,398
362,text,wiki:Biology_1,0.257909,0.917975,0.000442,0.347514,399
363,text,wiki:Physics_1,0.236917,0.918050,0.000356,0.324338,400
364,physics,physics:step_73,0.060643,0.918044,0.000367,0.237996,401
365,text,wiki:Physics_1,0.275010,0.918113,0.000497,0.362458,402
366,physics,physics:step_74,0.061964,0.918344,0.000334,0.220642,403
367,physics,physics:step_75,0.060007,0.918380,0.000267,0.211051,404
368,text,wiki:Physics_1,0.260393,0.918088,0.000486,0.326234,405
369,image,/tmp/omni_img_ahr7_nej/noise_00.png,0.051378,0.918357,0.000225,0.208128,406
370,physics,physics:step_76,0.061835,0.918309,0.000199,0.210046,407
371,text,wiki:History_0,0.242720,0.918034,0.000398,0.299852,408
372,text,wiki:History_0,0.271342,0.918054,0.000483,0.343594,409
373,text,wiki:History_0,0.266223,0.918106,0.000395,0.336299,410
374,text,wiki:Geography_1,0.236690,0.917917,0.000305,0.301428,411
375,text,wiki:Geography_1,0.273008,0.918083,0.000401,0.352959,412
376,audio,/tmp/omni_aud_9vbpth3p/sine_01_440hz.wav,0.153902,0.918267,0.000574,0.252578,413
377,text,wiki:Geography_1,0.254855,0.918115,0.000314,0.326684,414
378,text,wiki:Mathematics_3,0.244391,0.918134,0.000332,0.309609,415
379,physics,physics:step_77,0.053869,0.918258,0.000286,0.212872,416
380,text,wiki:Mathematics_3,0.266256,0.918208,0.000374,0.340978,417
381,audio,/tmp/omni_aud_9vbpth3p/chirp_00_220hz.wav,0.157298,0.918218,0.000552,0.248600,418
382,physics,physics:step_78,0.065096,0.918223,0.000234,0.199468,419
383,text,wiki:Geography_1,0.236690,0.917947,0.000326,0.292501,420
384,text,wiki:Geography_1,0.273008,0.918021,0.000435,0.344476,421
385,code,/tmp/omni_code_5rm7dhr_/import_heavy_01.py,10.462790,0.757736,1.501904,10.424468,422
386,physics,physics:step_79,0.063137,0.918280,0.010124,0.770139,423
387,code,/tmp/omni_code_5rm7dhr_/loop_algo_00.py,2.772118,0.905897,0.117904,2.953313,424
388,text,wiki:Geography_1,0.254855,0.918174,0.005927,0.639007,425
389,image,/tmp/omni_img_ahr7_nej/noise_01.png,0.058727,0.918257,0.003444,0.537875,426
390,physics,physics:step_80,0.060610,0.918243,0.003000,0.502180,427
391,text,wiki:Geography_1,0.236690,0.918013,0.002882,0.500353,428
392,text,wiki:Geography_1,0.273008,0.918186,0.002425,0.498650,429
393,physics,physics:step_81,0.060241,0.918577,0.001474,0.411110,430
394,text,wiki:Geography_1,0.254855,0.918147,0.001615,0.443170,431
395,text,wiki:Biology_2,0.225765,0.918241,0.001288,0.400778,432
396,image,/tmp/omni_img_ahr7_nej/noise_02.png,0.057033,0.918337,0.000756,0.352917,433
397,text,wiki:Biology_2,0.265468,0.918077,0.001119,0.412166,434
398,text,wiki:Computer Science_2,0.238689,0.917902,0.000867,0.374004,435
399,text,wiki:Computer Science_2,0.273169,0.918278,0.000909,0.404658,436
400,text,wiki:Computer Science_0,0.254955,0.917735,0.000402,0.374566,446
401,audio,/tmp/omni_aud_9vbpth3p/chirp_01_440hz.wav,0.170713,0.918248,0.000909,0.329499,447
402,physics,physics:step_82,0.056858,0.918257,0.000398,0.272185,448
403,text,wiki:Computer Science_0,0.259894,0.917922,0.000395,0.371553,449
404,code,/tmp/omni_code_5rm7dhr_/loop_algo_01.py,2.772597,0.905954,0.106919,2.855887,450
405,image,/tmp/omni_img_ahr7_nej/square_00.png,0.056485,0.918383,0.000777,0.310292,451
406,text,wiki:Geography_4,0.222755,0.918021,0.001033,0.345871,452
407,image,/tmp/omni_img_ahr7_nej/square_01.png,0.055965,0.918338,0.000464,0.281977,453
408,text,wiki:Geography_4,0.271357,0.918021,0.000924,0.375738,454
409,code,/tmp/omni_code_5rm7dhr_/class_stack_00.py,7.815459,0.851550,0.830113,7.721257,455
410,physics,physics:step_83,0.051266,0.918199,0.005660,0.640382,456
411,physics,physics:step_84,0.060141,0.918306,0.004274,0.588289,457
412,text,wiki:Geography_4,0.343732,0.904079,0.004974,0.677827,458
413,image,/tmp/omni_img_ahr7_nej/square_02.png,0.056660,0.918453,0.002402,0.494415,459
414,text,wiki:Biology_3,0.235779,0.909289,0.002618,0.526267,460
415,text,wiki:Biology_3,0.267918,0.918117,0.002233,0.519967,461
416,text,wiki:Physics_2,0.242079,0.917713,0.001753,0.482702,462
417,physics,physics:step_85,0.062292,0.918292,0.001010,0.378462,463
418,text,wiki:Physics_2,0.272555,0.917952,0.001426,0.466965,464
419,audio,/tmp/omni_aud_9vbpth3p/chord_00_220hz.wav,0.156743,0.918225,0.001174,0.386776,465
420,physics,physics:step_86,0.066721,0.918293,0.000674,0.324313,466
421,text,wiki:Physics_2,0.256701,0.918159,0.001001,0.431903,467
422,text,wiki:Mathematics_2,0.248881,0.906641,0.000896,0.399460,468
423,text,wiki:Mathematics_2,0.266364,0.918078,0.000788,0.416636,469
424,physics,physics:step_87,0.066271,0.918368,0.000536,0.294806,470
425,image,/tmp/omni_img_ahr7_nej/triangle_00.png,0.056779,0.918419,0.000354,0.290401,471
426,text,wiki:Geography_1,0.236690,0.917940,0.000636,0.356672,472
427,image,/tmp/omni_img_ahr7_nej/triangle_01.png,0.056326,0.918154,0.000302,0.275425,473
428,text,wiki:Geography_1,0.273008,0.918070,0.000681,0.392396,474
429,image,/tmp/omni_img_ahr7_nej/triangle_02.png,0.056581,0.918282,0.000272,0.265301,475
430,audio,/tmp/omni_aud_9vbpth3p/chord_01_440hz.wav,0.157181,0.918180,0.000588,0.292333,476
431,physics,physics:step_88,0.068410,0.918343,0.000302,0.240069,477
432,physics,physics:step_89,0.058217,0.918326,0.000247,0.218891,478
433,image,/tmp/omni_img_ahr7_nej/circle_00.png,0.061756,0.918337,0.000185,0.235318,479
434,text,wiki:Geography_1,0.254855,0.918307,0.000603,0.348524,480
435,text,wiki:History_3,0.237630,0.918243,0.000504,0.320478,481
436,text,wiki:History_3,0.266213,0.918178,0.000531,0.356743,482
437,text,wiki:Geography_1,0.236690,0.917998,0.000409,0.315249,483
438,physics,physics:step_90,0.052191,0.918270,0.000284,0.205425,484
439,physics,physics:step_91,0.060381,0.918314,0.000207,0.220540,485
440,image,/tmp/omni_img_ahr7_nej/circle_01.png,0.062542,0.918323,0.000168,0.214688,486
441,text,wiki:Geography_1,0.273008,0.918017,0.000586,0.352912,487
442,physics,physics:step_92,0.053481,0.918360,0.000202,0.198204,488
443,text,wiki:Geography_1,0.254855,0.918122,0.000460,0.331958,489
444,text,wiki:Physics_0,0.238298,0.918072,0.000370,0.310949,490
445,physics,physics:step_93,0.054820,0.918048,0.000208,0.190884,491
446,code,/tmp/omni_code_5rm7dhr_/class_stack_01.py,7.815455,0.851601,0.832679,7.718468,492
447,physics,physics:step_94,0.051751,0.918369,0.005028,0.601161,493
448,text,wiki:Physics_0,0.271342,0.918082,0.004925,0.632371,494
449,physics,physics:step_95,0.063152,0.918371,0.002881,0.499486,495
450,text,wiki:Physics_0,0.266223,0.918233,0.003122,0.561563,496
451,image,/tmp/omni_img_ahr7_nej/circle_02.png,0.061960,0.899999,0.001723,0.441852,497
452,physics,physics:step_96,0.066201,0.918175,0.001358,0.409043,498
453,text,wiki:History_0,0.242720,0.918033,0.001819,0.464593,499
454,text,wiki:History_0,0.271342,0.918117,0.001562,0.470339,500
455,text,wiki:History_0,0.266223,0.918137,0.001318,0.461156,501
456,code,/tmp/omni_code_5rm7dhr_/fib_00.py,4.320841,0.892610,0.242473,4.226845,502
457,text,wiki:History_0,0.242720,0.918026,0.003958,0.585886,503
458,physics,physics:step_97,0.060044,0.918392,0.002344,0.479308,504
459,physics,physics:step_98,0.065212,0.904394,0.001810,0.446245,505
460,text,wiki:History_0,0.271342,0.918108,0.002280,0.511569,506
461,text,wiki:History_0,0.266223,0.918213,0.001929,0.495877,507
462,audio,/tmp/omni_aud_9vbpth3p/click_00_220hz.wav,0.169014,0.916453,0.001656,0.441685,508
463,text,wiki:History_0,0.242720,0.918175,0.001371,0.433663,509
464,text,wiki:History_0,0.271342,0.918400,0.001227,0.448484,510
465,physics,physics:step_99,0.051553,0.918354,0.000641,0.314526,511
466,physics,physics:step_100,0.056741,0.918324,0.000551,0.312503,512
467,audio,/tmp/omni_aud_9vbpth3p/click_01_440hz.wav,0.169014,0.918102,0.001049,0.367933,513
468,text,wiki:History_0,0.266223,0.918237,0.000984,0.409821,514
469,text,wiki:Biology_3,0.235779,0.917968,0.000697,0.367639,515
470,text,wiki:Biology_3,0.267918,0.918061,0.000737,0.398551,516
471,text,wiki:History_4,0.245905,0.917962,0.000635,0.364031,517
472,text,wiki:History_4,0.271342,0.918036,0.000627,0.393881,518
473,text,wiki:History_4,0.266223,0.918189,0.000587,0.391616,519
474,text,wiki:Mathematics_4,0.251755,0.918096,0.000571,0.359805,520
475,text,wiki:Mathematics_4,0.266707,0.918023,0.000477,0.386006,521
476,text,wiki:Computer Science_0,0.254955,0.917751,0.000464,0.364027,522
477,physics,physics:step_101,0.059098,0.918330,0.000345,0.252972,523
478,physics,physics:step_102,0.048434,0.918307,0.000289,0.238723,524
479,text,wiki:Computer Science_0,0.259894,0.918246,0.000462,0.361386,525
480,text,wiki:History_0,0.242720,0.918018,0.000388,0.333705,526
481,text,wiki:History_0,0.271342,0.917997,0.000438,0.373903,527
482,text,wiki:History_0,0.266223,0.918098,0.000412,0.370034,528
483,text,wiki:Computer Science_1,0.246705,0.917875,0.000329,0.345670,529
484,text,wiki:Computer Science_1,0.267755,0.918027,0.000354,0.372725,530
485,text,wiki:Computer Science_1,0.717103,0.917538,0.007271,0.727000,531
486,text,wiki:History_4,0.245905,0.918097,0.000346,0.345581,532
487,text,wiki:History_4,0.271342,0.918044,0.000384,0.381257,533
488,text,wiki:History_4,0.266223,0.918088,0.000334,0.374331,534
489,text,wiki:Geography_0,0.234919,0.917916,0.000285,0.332423,535
490,physics,physics:step_103,0.053500,0.918254,0.000398,0.226102,536
491,physics,physics:step_104,0.061068,0.918332,0.000352,0.219951,537
492,physics,physics:step_105,0.056223,0.918207,0.000240,0.215874,538
493,text,wiki:Geography_0,0.265763,0.918132,0.000398,0.352954,539
494,physics,physics:step_106,0.054801,0.918226,0.000216,0.195862,540
495,text,wiki:Geography_0,0.443470,0.917774,0.002135,0.515316,541
496,text,wiki:Computer Science_1,0.246705,0.917924,0.000341,0.332733,542
497,physics,physics:step_107,0.065560,0.918265,0.000284,0.204136,543
498,text,wiki:Computer Science_1,0.267755,0.917972,0.000385,0.352998,544
499,text,wiki:Computer Science_1,0.717103,0.917864,0.006935,0.721586,545
500,physics,physics:step_108,0.048726,0.918201,0.000381,0.224539,552
501,image,/tmp/omni_img_ahr7_nej/cross_00.png,0.069560,0.918299,0.000359,0.224483,553
502,audio,/tmp/omni_aud_9vbpth3p/noise_00_220hz.wav,0.164001,0.918258,0.000611,0.258456,554
503,text,wiki:Physics_0,0.238298,0.918082,0.000314,0.325411,555
504,text,wiki:Physics_0,0.271342,0.918027,0.000401,0.364880,556
505,physics,physics:step_109,0.055730,0.918004,0.000305,0.198607,557
506,text,wiki:Physics_0,0.266223,0.918093,0.000368,0.349157,558
507,image,/tmp/omni_img_ahr7_nej/cross_01.png,0.068981,0.918584,0.000267,0.206535,559
508,text,wiki:Mathematics_2,0.248881,0.917972,0.000346,0.323864,560
509,text,wiki:Mathematics_2,0.266364,0.918040,0.000357,0.352895,561
510,text,wiki:Geography_4,0.222755,0.918055,0.000227,0.299893,562
511,image,/tmp/omni_img_ahr7_nej/cross_02.png,0.070345,0.918347,0.000291,0.207693,563
512,text,wiki:Geography_4,0.271357,0.918063,0.000386,0.355170,564
513,text,wiki:Geography_4,0.343732,0.918010,0.001081,0.410808,565
514,text,wiki:Mathematics_2,0.248881,0.917962,0.000294,0.328573,566
515,text,wiki:Mathematics_2,0.266364,0.918034,0.000306,0.358278,567
516,text,wiki:Mathematics_3,0.244391,0.918027,0.000278,0.326473,568
517,physics,physics:step_110,0.065974,0.918341,0.000361,0.206054,569
518,text,wiki:Mathematics_3,0.266256,0.917989,0.000323,0.354528,570
519,image,/tmp/omni_img_ahr7_nej/noise_00.png,0.051378,0.918239,0.000262,0.205307,571
520,image,/tmp/omni_img_ahr7_nej/noise_01.png,0.058727,0.918294,0.000264,0.175928,572
521,text,wiki:Biology_3,0.235779,0.918076,0.000268,0.310678,573
522,text,wiki:Biology_3,0.267918,0.918160,0.000359,0.348534,574
523,physics,physics:step_111,0.061631,0.918378,0.000265,0.196056,575
524,text,wiki:Biology_3,0.235779,0.918051,0.000252,0.308884,576
525,text,wiki:Biology_3,0.267918,0.917897,0.000349,0.347193,577
526,code,/tmp/omni_code_5rm7dhr_/fib_01.py,4.322077,0.892365,0.258698,4.292782,578
527,code,/tmp/omni_code_5rm7dhr_/import_heavy_00.py,10.462508,0.766147,1.489314,10.388764,579
528,physics,physics:step_112,0.063746,0.918161,0.012190,0.847495,580
529,text,wiki:History_4,0.245905,0.918059,0.009494,0.789275,581
530,physics,physics:step_113,0.055920,0.905874,0.006416,0.672264,582
531,physics,physics:step_114,0.063309,0.918342,0.004645,0.606078,583
532,text,wiki:History_4,0.271342,0.918054,0.004333,0.602911,584
533,physics,physics:step_115,0.053619,0.918298,0.002735,0.497955,585
534,text,wiki:History_4,0.266223,0.918036,0.002793,0.529045,586
535,text,wiki:Computer Science_2,0.238689,0.918099,0.002143,0.479980,587
536,text,wiki:Computer Science_2,0.273169,0.918108,0.001910,0.482256,588
537,text,wiki:Computer Science_2,0.260393,0.897615,0.001591,0.459296,589
538,text,wiki:Computer Science_1,0.246705,0.918095,0.001256,0.431399,590
539,image,/tmp/omni_img_ahr7_nej/noise_02.png,0.057033,0.918419,0.000831,0.354016,591
540,code,/tmp/omni_code_5rm7dhr_/import_heavy_01.py,10.462790,0.764811,1.457044,10.440567,592
541,text,wiki:Computer Science_1,0.267755,0.913876,0.013929,0.973281,593
542,image,/tmp/omni_img_ahr7_nej/square_00.png,0.056485,0.918342,0.009899,0.841947,594
543,code,/tmp/omni_code_5rm7dhr_/loop_algo_00.py,2.772118,0.906059,0.115616,2.976639,595
544,text,wiki:Computer Science_1,0.717103,0.917735,0.014938,0.975381,596
545,text,wiki:Biology_1,0.237129,0.918023,0.005120,0.674318,597
546,text,wiki:Biology_1,0.272184,0.917959,0.004201,0.648803,598
547,text,wiki:Biology_1,0.257909,0.918289,0.003322,0.609364,599
548,physics,physics:step_116,0.066399,0.918240,0.002205,0.527779,600
549,text,wiki:History_0,0.242720,0.914838,0.002328,0.533142,601
550,text,wiki:History_0,0.271342,0.918044,0.002059,0.534600,602
551,text,wiki:History_0,0.266223,0.918098,0.001700,0.517623,603
552,text,wiki:Computer Science_1,0.246705,0.917985,0.001435,0.482269,604
553,audio,/tmp/omni_aud_9vbpth3p/noise_01_440hz.wav,0.172719,0.918191,0.001569,0.438425,605
554,text,wiki:Computer Science_1,0.267755,0.918074,0.001190,0.471056,606
555,text,wiki:Computer Science_1,0.717103,0.917608,0.007975,0.777946,607
556,text,wiki:Physics_2,0.242079,0.917740,0.000908,0.430151,608
557,text,wiki:Physics_2,0.272555,0.917849,0.000921,0.451753,609
558,text,wiki:Physics_2,0.256701,0.918207,0.000752,0.433497,610
559,text,wiki:Computer Science_1,0.246705,0.917945,0.000683,0.414439,611
560,text,wiki:Computer Science_1,0.267755,0.918229,0.000653,0.431990,612
561,text,wiki:Computer Science_1,0.717103,0.917647,0.007123,0.757587,613
562,image,/tmp/omni_img_ahr7_nej/square_01.png,0.055965,0.918330,0.000533,0.329202,614
563,physics,physics:step_117,0.058630,0.918182,0.000560,0.307617,615
564,physics,physics:step_118,0.065794,0.918411,0.000483,0.302952,616
565,physics,physics:step_119,0.062723,0.918214,0.000336,0.287662,617
566,physics,physics:step_120,0.065409,0.918103,0.000350,0.278888,618
567,text,wiki:Computer Science_1,0.246705,0.917835,0.000593,0.367120,619
568,text,wiki:Computer Science_1,0.267755,0.918048,0.000589,0.388289,620
569,text,wiki:Computer Science_1,0.717103,0.917614,0.006790,0.737164,621
570,text,wiki:Biology_1,0.237129,0.918049,0.000470,0.355299,622
571,image,/tmp/omni_img_ahr7_nej/square_02.png,0.056660,0.918472,0.000297,0.272220,623
572,text,wiki:Biology_1,0.272184,0.918054,0.000572,0.392352,624
573,physics,physics:step_121,0.063704,0.918274,0.000345,0.252534,625
574,image,/tmp/omni_img_ahr7_nej/triangle_00.png,0.056779,0.918203,0.000260,0.254765,626
575,text,wiki:Biology_1,0.257909,0.918238,0.000470,0.364023,627
576,audio,/tmp/omni_aud_9vbpth3p/sine_00_220hz.wav,0.171834,0.918235,0.000630,0.308867,628
577,text,wiki:Computer Science_1,0.246705,0.917868,0.000450,0.347391,629
578,image,/tmp/omni_img_ahr7_nej/triangle_01.png,0.056326,0.918271,0.000230,0.240415,630
579,text,wiki:Computer Science_1,0.267755,0.917989,0.000499,0.365970,631
580,text,wiki:Computer Science_1,0.717103,0.917785,0.006642,0.729873,632
581,text,wiki:History_0,0.242720,0.918080,0.000419,0.342355,633
582,text,wiki:History_0,0.271342,0.917950,0.000496,0.381854,634
583,text,wiki:History_0,0.266223,0.917960,0.000380,0.371746,635
584,audio,/tmp/omni_aud_9vbpth3p/sine_01_440hz.wav,0.153902,0.918454,0.000560,0.283575,636
585,physics,physics:step_122,0.053602,0.918257,0.000287,0.225227,637
586,text,wiki:Physics_1,0.236917,0.918049,0.000337,0.332548,638
587,text,wiki:Physics_1,0.275010,0.917930,0.000470,0.376314,639
588,text,wiki:Physics_1,0.260393,0.918091,0.000400,0.345229,640
589,text,wiki:Physics_2,0.242079,0.917912,0.000315,0.338051,641
590,audio,/tmp/omni_aud_9vbpth3p/chirp_00_220hz.wav,0.157298,0.918315,0.000564,0.275700,642
591,text,wiki:Physics_2,0.272555,0.918086,0.000433,0.371738,643
592,text,wiki:Physics_2,0.256701,0.918141,0.000342,0.342996,644
593,text,wiki:Physics_0,0.238298,0.917937,0.000259,0.334608,645
594,text,wiki:Physics_0,0.271342,0.918176,0.000364,0.374248,646
595,text,wiki:Physics_0,0.266223,0.918212,0.000288,0.363716,647
596,physics,physics:step_123,0.057698,0.918035,0.000372,0.219609,648
597,physics,physics:step_124,0.071839,0.918300,0.000297,0.215730,649
598,code,/tmp/omni_code_5rm7dhr_/loop_algo_01.py,2.772597,0.905973,0.107126,2.835148,650
599,physics,physics:step_125,0.066734,0.918340,0.000759,0.261576,651
600,text,wiki:Physics_1,0.236917,0.918165,0.000362,0.340297,658
601,physics,physics:step_126,0.069669,0.918522,0.000339,0.235144,659
602,audio,/tmp/omni_aud_9vbpth3p/chirp_01_440hz.wav,0.170713,0.918179,0.000600,0.275753,660
603,physics,physics:step_127,0.072647,0.918246,0.000248,0.226264,661
604,code,/tmp/omni_code_5rm7dhr_/class_stack_00.py,7.815459,0.851692,0.835590,7.717320,662
605,physics,physics:step_128,0.070538,0.898465,0.005077,0.587271,663
606,image,/tmp/omni_img_ahr7_nej/triangle_02.png,0.056581,0.918318,0.003719,0.547804,664
607,text,wiki:Physics_1,0.275010,0.918091,0.003961,0.583035,665
608,physics,physics:step_129,0.064687,0.918266,0.002269,0.435126,666
609,text,wiki:Physics_1,0.260393,0.918041,0.002508,0.527274,667
610,text,wiki:Mathematics_3,0.244391,0.918103,0.002075,0.476839,668
611,physics,physics:step_130,0.060565,0.918332,0.001124,0.342575,669
612,code,/tmp/omni_code_5rm7dhr_/class_stack_01.py,7.815455,0.851609,0.791463,7.676121,670
613,code,/tmp/omni_code_5rm7dhr_/fib_00.py,4.320841,0.887060,0.209765,4.142635,671
614,text,wiki:Mathematics_3,0.266256,0.917861,0.014625,1.026967,672
615,physics,physics:step_131,0.056022,0.918425,0.009490,0.867217,673
616,physics,physics:step_132,0.064882,0.918247,0.007175,0.795380,674
617,text,wiki:Biology_4,0.230980,0.917922,0.007035,0.796786,675
618,text,wiki:Biology_4,0.271342,0.918132,0.005736,0.756292,676
619,text,wiki:Biology_4,0.266223,0.918147,0.004692,0.719572,677
620,physics,physics:step_133,0.065595,0.918399,0.002802,0.592552,678
621,text,wiki:Geography_4,0.222755,0.918295,0.003126,0.619429,679
622,code,/tmp/omni_code_5rm7dhr_/fib_01.py,4.322077,0.887676,0.224699,4.198381,680
623,text,wiki:Geography_4,0.271357,0.916917,0.006703,0.786771,681
624,code,/tmp/omni_code_5rm7dhr_/import_heavy_00.py,10.462508,0.766202,1.471349,10.367123,682
625,text,wiki:Geography_4,0.343732,0.912628,0.017780,1.136253,683
626,physics,physics:step_134,0.058960,0.918264,0.011782,0.945066,684
627,text,wiki:Computer Science_0,0.254955,0.917864,0.009810,0.906885,685
628,text,wiki:Computer Science_0,0.259894,0.881482,0.007677,0.838865,686
629,image,/tmp/omni_img_ahr7_nej/circle_00.png,0.061756,0.918348,0.005411,0.736888,687
630,audio,/tmp/omni_aud_9vbpth3p/chord_00_220hz.wav,0.156743,0.918283,0.004459,0.708295,688
631,image,/tmp/omni_img_ahr7_nej/circle_01.png,0.062542,0.918401,0.003464,0.640073,689
632,text,wiki:Mathematics_3,0.244391,0.918000,0.003616,0.638403,690
633,text,wiki:Mathematics_3,0.266256,0.917928,0.002916,0.624294,691
634,text,wiki:Biology_4,0.230980,0.917919,0.002378,0.568620,692
635,text,wiki:Biology_4,0.271342,0.918140,0.002146,0.576037,693
636,physics,physics:step_135,0.055697,0.889415,0.001449,0.481778,694
637,physics,physics:step_136,0.062951,0.918341,0.001345,0.459167,695
638,physics,physics:step_137,0.061127,0.918310,0.001058,0.446044,696
639,image,/tmp/omni_img_ahr7_nej/circle_02.png,0.061960,0.918448,0.000911,0.426685,697
640,physics,physics:step_138,0.048371,0.918352,0.000824,0.400126,698
641,image,/tmp/omni_img_ahr7_nej/cross_00.png,0.069560,0.918278,0.000736,0.382500,699
642,text,wiki:Biology_4,0.266223,0.918260,0.001267,0.470270,700
643,text,wiki:Computer Science_2,0.238689,0.917895,0.001013,0.424064,701
644,physics,physics:step_139,0.051207,0.918382,0.000582,0.347946,702
645,image,/tmp/omni_img_ahr7_nej/cross_01.png,0.068981,0.918337,0.000496,0.334304,703
646,text,wiki:Computer Science_2,0.273169,0.918188,0.000974,0.428560,704
647,text,wiki:Computer Science_2,0.260393,0.918187,0.000914,0.430169,705
648,physics,physics:step_140,0.055665,0.918294,0.000466,0.311884,706
649,text,wiki:Physics_0,0.238298,0.918104,0.000679,0.378339,707
650,text,wiki:Physics_0,0.271342,0.918123,0.000726,0.410938,708
651,image,/tmp/omni_img_ahr7_nej/cross_02.png,0.070345,0.918368,0.000383,0.292764,709
652,physics,physics:step_141,0.064091,0.918203,0.000396,0.268172,710
653,text,wiki:Physics_0,0.266223,0.918217,0.000691,0.396187,711
654,image,/tmp/omni_img_ahr7_nej/noise_00.png,0.051378,0.918194,0.000273,0.274652,712
655,text,wiki:Geography_4,0.222755,0.918042,0.000519,0.333990,713
656,image,/tmp/omni_img_ahr7_nej/noise_01.png,0.058727,0.918275,0.000267,0.236613,714
657,text,wiki:Geography_4,0.271357,0.918005,0.000628,0.379718,715
658,text,wiki:Geography_4,0.343732,0.918103,0.001359,0.466119,716
659,text,wiki:Geography_1,0.236690,0.918048,0.000463,0.337554,717
660,text,wiki:Geography_1,0.273008,0.918101,0.000517,0.386492,718
661,image,/tmp/omni_img_ahr7_nej/noise_02.png,0.057033,0.918230,0.000301,0.258732,719
662,text,wiki:Geography_1,0.254855,0.918154,0.000412,0.364912,720
663,text,wiki:Biology_1,0.237129,0.918325,0.000364,0.335287,721
664,text,wiki:Biology_1,0.272184,0.918067,0.000450,0.381464,722
665,physics,physics:step_142,0.072299,0.918294,0.000373,0.227077,723
666,image,/tmp/omni_img_ahr7_nej/square_00.png,0.056485,0.918367,0.000220,0.238036,724
667,code,/tmp/omni_code_5rm7dhr_/import_heavy_01.py,10.462790,0.766592,1.492850,10.430686,725
668,text,wiki:Biology_1,0.257909,0.918166,0.010711,0.830171,726
669,text,wiki:Computer Science_2,0.238689,0.918093,0.007585,0.736728,727
670,text,wiki:Computer Science_2,0.273169,0.918139,0.005751,0.690114,728
671,text,wiki:Computer Science_2,0.260393,0.918102,0.004284,0.632391,729
672,code,/tmp/omni_code_5rm7dhr_/loop_algo_00.py,2.772118,0.906026,0.111539,2.906161,730
673,physics,physics:step_143,0.060236,0.918339,0.002525,0.513082,731
674,text,wiki:Computer Science_0,0.254955,0.916424,0.002755,0.527377,732
675,text,wiki:Computer Science_0,0.259894,0.917951,0.002220,0.509006,733
676,audio,/tmp/omni_aud_9vbpth3p/chord_01_440hz.wav,0.157181,0.918211,0.001535,0.466105,734
677,text,wiki:Physics_3,0.245737,0.918012,0.001555,0.460008,735
678,text,wiki:Physics_3,0.267137,0.918094,0.001385,0.461778,736
679,text,wiki:Computer Science_0,0.254955,0.890466,0.001165,0.435016,737
680,text,wiki:Computer Science_0,0.259894,0.918015,0.000993,0.436252,738
681,text,wiki:Mathematics_3,0.244391,0.917965,0.000892,0.408216,739
682,text,wiki:Mathematics_3,0.266256,0.918073,0.000787,0.429665,740
683,text,wiki:Biology_3,0.235779,0.916027,0.000598,0.393914,741
684,physics,physics:step_144,0.068845,0.918362,0.000604,0.325455,742
685,text,wiki:Biology_3,0.267918,0.918100,0.000642,0.413414,743
686,text,wiki:Mathematics_2,0.248881,0.917988,0.000569,0.382766,744
687,code,/tmp/omni_code_5rm7dhr_/loop_algo_01.py,2.772597,0.904394,0.105007,2.871193,745
688,physics,physics:step_145,0.061683,0.918338,0.001033,0.345291,746
689,text,wiki:Mathematics_2,0.266364,0.918012,0.001408,0.420914,747
690,text,wiki:Computer Science_1,0.246705,0.918069,0.001025,0.394039,748
691,image,/tmp/omni_img_ahr7_nej/square_01.png,0.055965,0.918415,0.000495,0.320280,749
692,text,wiki:Computer Science_1,0.267755,0.918152,0.000886,0.400776,750
693,text,wiki:Computer Science_1,0.717103,0.917881,0.007641,0.761043,751
694,audio,/tmp/omni_aud_9vbpth3p/click_00_220hz.wav,0.169014,0.918089,0.000841,0.337413,752
695,text,wiki:Geography_0,0.234919,0.918003,0.000615,0.356758,753
696,physics,physics:step_146,0.053105,0.918435,0.000307,0.270520,754
697,text,wiki:Geography_0,0.265763,0.918201,0.000629,0.382484,755
698,physics,physics:step_147,0.067883,0.918388,0.000295,0.268482,756
699,text,wiki:Geography_0,0.443470,0.917878,0.002311,0.543730,757
700,text,wiki:History_0,0.242720,0.918046,0.000235,0.375454,771
701,text,wiki:History_0,0.271342,0.918063,0.000283,0.415665,772
702,text,wiki:History_0,0.266223,0.918098,0.000230,0.405523,773
703,image,/tmp/omni_img_ahr7_nej/square_02.png,0.056660,0.918129,0.000432,0.292132,774
704,text,wiki:Biology_4,0.230980,0.918116,0.000207,0.358831,775
705,text,wiki:Biology_4,0.271342,0.918079,0.000288,0.407621,776
706,physics,physics:step_148,0.069546,0.918425,0.000431,0.269371,777
707,physics,physics:step_149,0.058500,0.918350,0.000322,0.253455,778
708,text,wiki:Biology_4,0.266223,0.918074,0.000304,0.382814,779
709,text,wiki:Biology_3,0.235779,0.917970,0.000221,0.355938,780
710,code,/tmp/omni_code_5rm7dhr_/class_stack_00.py,7.815459,0.851294,0.837371,7.745229,781
711,physics,physics:step_150,0.062672,0.901667,0.004920,0.598061,782
712,image,/tmp/omni_img_ahr7_nej/triangle_00.png,0.056779,0.918199,0.003573,0.553878,783
713,audio,/tmp/omni_aud_9vbpth3p/click_01_440hz.wav,0.169014,0.918100,0.003437,0.557192,784
714,physics,physics:step_151,0.060809,0.918222,0.002113,0.448992,785
715,text,wiki:Biology_3,0.267918,0.918134,0.002416,0.532354,786
716,text,wiki:Mathematics_3,0.244391,0.917927,0.002006,0.488776,787
717,text,wiki:Mathematics_3,0.266256,0.918471,0.001544,0.490992,788
718,physics,physics:step_152,0.052279,0.918410,0.000815,0.358329,789
719,code,/tmp/omni_code_5rm7dhr_/class_stack_01.py,7.815455,0.851213,0.794801,7.700116,790
720,text,wiki:Mathematics_3,0.244391,0.903659,0.009765,0.866480,791
721,text,wiki:Mathematics_3,0.266256,0.918080,0.007282,0.804291,792
722,text,wiki:Mathematics_3,0.244391,0.917938,0.005862,0.738259,793
723,code,/tmp/omni_code_5rm7dhr_/fib_00.py,4.320841,0.878401,0.222426,4.179100,794
724,text,wiki:Mathematics_3,0.266256,0.918154,0.008556,0.858632,795
725,text,wiki:Geography_1,0.236690,0.918005,0.006484,0.785720,796
726,text,wiki:Geography_1,0.273008,0.917889,0.005333,0.751606,797
727,text,wiki:Geography_1,0.254855,0.918167,0.004194,0.706049,798
728,text,wiki:Physics_1,0.236917,0.916008,0.003340,0.649998,799
729,text,wiki:Physics_1,0.275010,0.918064,0.002882,0.641728,800
730,text,wiki:Physics_1,0.260393,0.918119,0.002559,0.630136,801
731,text,wiki:History_3,0.237630,0.918087,0.001993,0.564981,802
732,text,wiki:History_3,0.266213,0.918125,0.001748,0.572186,803
733,text,wiki:Physics_1,0.236917,0.918177,0.001433,0.526440,804
734,text,wiki:Physics_1,0.275010,0.917907,0.001342,0.542959,805
735,physics,physics:step_153,0.051537,0.918386,0.001075,0.429226,806
736,text,wiki:Physics_1,0.260393,0.918298,0.001241,0.520748,807
737,text,wiki:Physics_0,0.238298,0.918036,0.000947,0.470897,808
738,text,wiki:Physics_0,0.271342,0.917960,0.000891,0.493971,809
739,text,wiki:Physics_0,0.266223,0.918080,0.000842,0.488250,810
740,text,wiki:Mathematics_2,0.248881,0.918037,0.000752,0.450628,811
741,text,wiki:Mathematics_2,0.266364,0.918093,0.000651,0.469437,812
742,image,/tmp/omni_img_ahr7_nej/triangle_01.png,0.056326,0.918441,0.000605,0.358764,813
743,text,wiki:Biology_1,0.237129,0.918008,0.000562,0.416170,814
744,text,wiki:Biology_1,0.272184,0.917953,0.000581,0.452255,815
745,text,wiki:Biology_1,0.257909,0.918170,0.000517,0.439589,816
746,text,wiki:History_0,0.242720,0.918054,0.000480,0.406173,817
747,text,wiki:History_0,0.271342,0.918109,0.000470,0.440873,818
748,physics,physics:step_154,0.054736,0.918555,0.000484,0.327375,819
749,image,/tmp/omni_img_ahr7_nej/triangle_02.png,0.056581,0.918462,0.000405,0.309944,820
750,text,wiki:History_0,0.266223,0.918152,0.000496,0.416972,821
751,text,wiki:Mathematics_4,0.251755,0.917944,0.000489,0.386014,822
752,text,wiki:Mathematics_4,0.266707,0.918037,0.000399,0.413780,823
753,text,wiki:Biology_3,0.235779,0.917918,0.000306,0.376674,824
754,physics,physics:step_155,0.066681,0.918377,0.000483,0.282928,825
755,text,wiki:Biology_3,0.267918,0.918302,0.000394,0.404721,826
756,text,wiki:History_4,0.245905,0.917892,0.000352,0.370742,827
757,audio,/tmp/omni_aud_9vbpth3p/noise_00_220hz.wav,0.164001,0.918180,0.000749,0.309399,828
758,text,wiki:History_4,0.271342,0.917967,0.000400,0.398185,829
759,text,wiki:History_4,0.266223,0.918151,0.000375,0.392614,830
760,physics,physics:step_156,0.049264,0.918339,0.000344,0.255786,831
761,text,wiki:Mathematics_4,0.251755,0.917963,0.000404,0.357762,832
762,text,wiki:Mathematics_4,0.266707,0.918031,0.000342,0.387651,833
763,text,wiki:History_3,0.237630,0.918066,0.000289,0.349382,834
764,audio,/tmp/omni_aud_9vbpth3p/noise_01_440hz.wav,0.172719,0.918329,0.000697,0.306452,835
765,text,wiki:History_3,0.266213,0.918027,0.000347,0.381092,836
766,text,wiki:Physics_3,0.245737,0.917873,0.000297,0.357118,837
767,text,wiki:Physics_3,0.267137,0.918025,0.000314,0.382898,838
768,text,wiki:Geography_0,0.234919,0.918081,0.000265,0.340585,839
769,physics,physics:step_157,0.057152,0.918381,0.000351,0.243961,840
770,text,wiki:Geography_0,0.265763,0.917991,0.000318,0.375617,841
771,text,wiki:Geography_0,0.443470,0.917874,0.002069,0.533818,842
772,text,wiki:Physics_3,0.245737,0.917825,0.000281,0.358139,843
773,image,/tmp/omni_img_ahr7_nej/circle_00.png,0.061756,0.918357,0.000334,0.251479,844
774,text,wiki:Physics_3,0.267137,0.918109,0.000313,0.376839,845
775,image,/tmp/omni_img_ahr7_nej/circle_01.png,0.062542,0.918462,0.000298,0.245176,846
776,physics,physics:step_158,0.063088,0.918295,0.000202,0.228509,847
777,text,wiki:History_3,0.237630,0.918065,0.000305,0.329370,848
778,physics,physics:step_159,0.064621,0.918565,0.000245,0.214362,849
779,image,/tmp/omni_img_ahr7_nej/circle_02.png,0.061960,0.918382,0.000195,0.222909,850
780,text,wiki:History_3,0.266213,0.918067,0.000408,0.356966,851
781,audio,/tmp/omni_aud_9vbpth3p/sine_00_220hz.wav,0.171834,0.918300,0.000650,0.269893,852
782,text,wiki:History_4,0.245905,0.917968,0.000345,0.325418,853
783,physics,physics:step_160,0.061241,0.918408,0.000195,0.192571,854
784,code,/tmp/omni_code_5rm7dhr_/fib_01.py,4.322077,0.892290,0.255775,4.293645,855
785,text,wiki:History_4,0.271342,0.918151,0.002532,0.462137,856
786,image,/tmp/omni_img_ahr7_nej/cross_00.png,0.069560,0.918345,0.001271,0.327487,857
787,text,wiki:History_4,0.266223,0.918072,0.001677,0.414961,858
788,physics,physics:step_161,0.053078,0.918269,0.000710,0.283804,859
789,physics,physics:step_162,0.070657,0.918381,0.000610,0.281455,860
790,text,wiki:Biology_3,0.235779,0.917862,0.000891,0.354460,861
791,text,wiki:Biology_3,0.267918,0.918136,0.000888,0.379642,862
792,text,wiki:History_4,0.245905,0.918212,0.000685,0.350684,863
793,text,wiki:History_4,0.271342,0.918045,0.000680,0.376448,864
794,text,wiki:History_4,0.266223,0.914416,0.000614,0.369422,865
795,text,wiki:Mathematics_3,0.244391,0.918039,0.000512,0.341470,866
796,text,wiki:Mathematics_3,0.266256,0.918028,0.000471,0.369843,867
797,text,wiki:History_3,0.237630,0.918020,0.000348,0.332406,868
798,physics,physics:step_163,0.069373,0.916834,0.000322,0.225695,869
799,physics,physics:step_164,0.068644,0.918275,0.000265,0.233208,870
800,physics,physics:step_165,0.063732,0.918427,0.000432,0.267445,884
801,text,wiki:Biology_2,0.225765,0.918199,0.000193,0.325715,885
802,image,/tmp/omni_img_ahr7_nej/cross_01.png,0.068981,0.918613,0.000380,0.241104,886
803,text,wiki:Biology_2,0.265468,0.918316,0.000292,0.371438,887
804,text,wiki:Geography_4,0.222755,0.917769,0.000203,0.319342,888
805,text,wiki:Geography_4,0.271357,0.918040,0.000294,0.378585,889
806,physics,physics:step_166,0.064443,0.917937,0.000359,0.245416,890
807,text,wiki:Geography_4,0.343732,0.918089,0.001047,0.428854,891
808,text,wiki:Physics_1,0.236917,0.918146,0.000212,0.337126,892
809,code,/tmp/omni_code_5rm7dhr_/import_heavy_00.py,10.462508,0.744521,1.498798,10.435200,893
810,text,wiki:Physics_1,0.275010,0.917982,0.010459,0.814609,894
811,text,wiki:Physics_1,0.260393,0.918116,0.007403,0.716002,895
812,code,/tmp/omni_code_5rm7dhr_/import_heavy_01.py,10.462790,0.766505,1.373206,10.459046,896
813,text,wiki:Biology_3,0.235779,0.918019,0.026117,1.263865,897
814,text,wiki:Biology_3,0.267918,0.918128,0.018981,1.127732,898
815,image,/tmp/omni_img_ahr7_nej/cross_02.png,0.070345,0.918249,0.014304,0.983356,899
816,image,/tmp/omni_img_ahr7_nej/noise_00.png,0.051378,0.918311,0.010293,0.892906,900
817,text,wiki:Physics_2,0.242079,0.917873,0.008080,0.835648,901
818,physics,physics:step_167,0.058636,0.918154,0.006312,0.750435,902
819,text,wiki:Physics_2,0.272555,0.910583,0.005194,0.725875,903
820,text,wiki:Physics_2,0.256701,0.918236,0.004008,0.675602,904
821,text,wiki:Physics_2,0.242079,0.917854,0.003286,0.628930,905
822,text,wiki:Physics_2,0.272555,0.903527,0.002848,0.613562,906
823,physics,physics:step_168,0.057027,0.918567,0.002266,0.529127,907
824,image,/tmp/omni_img_ahr7_nej/noise_01.png,0.058727,0.918152,0.001626,0.479207,908
825,text,wiki:Physics_2,0.256701,0.918027,0.001713,0.529068,909
826,text,wiki:Biology_2,0.225765,0.918243,0.001490,0.480645,910
827,text,wiki:Biology_2,0.265468,0.918077,0.001332,0.500947,911
828,image,/tmp/omni_img_ahr7_nej/noise_02.png,0.057033,0.918408,0.000978,0.420049,912
829,text,wiki:Biology_4,0.230980,0.918114,0.000988,0.438012,913
830,physics,physics:step_169,0.056451,0.918190,0.000851,0.379420,914
831,text,wiki:Biology_4,0.271342,0.918156,0.000961,0.455100,915
832,text,wiki:Biology_4,0.266223,0.918031,0.000782,0.445558,916
833,physics,physics:step_170,0.068554,0.918122,0.000591,0.347801,917
834,physics,physics:step_171,0.066429,0.918206,0.000598,0.333575,918
835,text,wiki:Biology_1,0.237129,0.918096,0.000643,0.384967,919
836,physics,physics:step_172,0.064444,0.918158,0.000508,0.317003,920
837,code,/tmp/omni_code_5rm7dhr_/loop_algo_00.py,2.772118,0.905848,0.106747,2.865092,921
838,text,wiki:Biology_1,0.272184,0.918037,0.001762,0.429992,922
839,text,wiki:Biology_1,0.257909,0.918079,0.001313,0.404156,923
840,text,wiki:Physics_1,0.236917,0.918029,0.000960,0.380841,924
841,physics,physics:step_173,0.055751,0.917703,0.000461,0.306869,925
842,text,wiki:Physics_1,0.275010,0.918463,0.000896,0.402286,926
843,text,wiki:Physics_1,0.260393,0.918313,0.000779,0.380795,927
844,text,wiki:Mathematics_2,0.248881,0.916623,0.000595,0.365836,928
845,image,/tmp/omni_img_ahr7_nej/square_00.png,0.056485,0.918525,0.000319,0.288923,929
846,text,wiki:Mathematics_2,0.266364,0.918100,0.000563,0.384553,930
847,physics,physics:step_174,0.058282,0.917447,0.000296,0.263952,931
848,text,wiki:Physics_1,0.236917,0.918008,0.000438,0.348738,932
849,code,/tmp/omni_code_5rm7dhr_/loop_algo_01.py,2.772597,0.905897,0.104072,2.865309,933
850,text,wiki:Physics_1,0.275010,0.918021,0.001776,0.425123,934
851,text,wiki:Physics_1,0.260393,0.916045,0.001451,0.392548,935
852,image,/tmp/omni_img_ahr7_nej/square_01.png,0.055965,0.918511,0.000551,0.308437,936
853,audio,/tmp/omni_aud_9vbpth3p/sine_01_440hz.wav,0.153902,0.918256,0.000767,0.326081,937
854,text,wiki:Biology_4,0.230980,0.915167,0.000741,0.347078,938
855,text,wiki:Biology_4,0.271342,0.918130,0.000783,0.384202,939
856,physics,physics:step_175,0.069165,0.918073,0.000392,0.264188,940
857,image,/tmp/omni_img_ahr7_nej/square_02.png,0.056660,0.918244,0.000254,0.266115,941
858,text,wiki:Biology_4,0.266223,0.918144,0.000662,0.365334,942
859,text,wiki:Biology_2,0.225765,0.918487,0.000438,0.325332,943
860,physics,physics:step_176,0.061241,0.917637,0.000255,0.248071,944
861,physics,physics:step_177,0.054097,0.918314,0.000218,0.229277,945
862,physics,physics:step_178,0.051848,0.918171,0.000207,0.233514,946
863,text,wiki:Biology_2,0.265468,0.918063,0.000576,0.355027,947
864,text,wiki:Physics_3,0.245737,0.917974,0.000458,0.333930,948
865,audio,/tmp/omni_aud_9vbpth3p/chirp_00_220hz.wav,0.157298,0.918261,0.000539,0.277768,949
866,image,/tmp/omni_img_ahr7_nej/triangle_00.png,0.056779,0.918277,0.000182,0.232309,950
867,physics,physics:step_179,0.061436,0.918271,0.000221,0.222603,951
868,text,wiki:Physics_3,0.267137,0.918132,0.000554,0.347504,952
869,text,wiki:History_4,0.245905,0.918138,0.000419,0.320638,953
870,physics,physics:step_180,0.062683,0.918182,0.000261,0.216634,954
871,text,wiki:History_4,0.271342,0.918087,0.000515,0.353128,955
872,code,/tmp/omni_code_5rm7dhr_/class_stack_00.py,7.815459,0.851389,0.833344,7.725180,956
873,text,wiki:History_4,0.266223,0.918025,0.006208,0.677510,957
874,physics,physics:step_181,0.064529,0.918082,0.003571,0.545851,958
875,image,/tmp/omni_img_ahr7_nej/triangle_01.png,0.056326,0.918203,0.002776,0.504713,959
876,text,wiki:Biology_3,0.235779,0.917986,0.002888,0.534991,960
877,text,wiki:Biology_3,0.267918,0.911313,0.002422,0.523621,961
878,physics,physics:step_182,0.052437,0.918439,0.001279,0.403088,962
879,text,wiki:History_4,0.245905,0.918008,0.001732,0.461822,963
880,text,wiki:History_4,0.271342,0.918129,0.001445,0.467283,964
881,physics,physics:step_183,0.068890,0.918093,0.000792,0.363279,965
882,audio,/tmp/omni_aud_9vbpth3p/chirp_01_440hz.wav,0.170713,0.918334,0.001078,0.354652,966
883,text,wiki:History_4,0.266223,0.918115,0.001054,0.430567,967
884,text,wiki:Computer Science_0,0.254955,0.917977,0.000883,0.406693,968
885,text,wiki:Computer Science_0,0.259894,0.917948,0.000782,0.407127,969
886,text,wiki:History_0,0.242720,0.917949,0.000657,0.378420,970
887,text,wiki:History_0,0.271342,0.918028,0.000652,0.409152,971
888,text,wiki:History_0,0.266223,0.918082,0.000588,0.404461,972
889,physics,physics:step_184,0.066975,0.918183,0.000431,0.285389,973
890,text,wiki:Biology_4,0.230980,0.918060,0.000441,0.349838,974
891,code,/tmp/omni_code_5rm7dhr_/class_stack_01.py,7.815455,0.851404,0.817759,7.716750,975
892,text,wiki:Biology_4,0.271342,0.917946,0.007096,0.756077,976
893,text,wiki:Biology_4,0.266223,0.917956,0.005407,0.706835,977
894,physics,physics:step_185,0.056709,0.918207,0.003456,0.582273,978
895,image,/tmp/omni_img_ahr7_nej/triangle_02.png,0.056581,0.913711,0.002679,0.540000,979
896,text,wiki:Computer Science_0,0.254955,0.917917,0.002853,0.585434,980
897,text,wiki:Computer Science_0,0.259894,0.918204,0.002366,0.554951,981
898,text,wiki:History_0,0.242720,0.918040,0.001941,0.517203,982
899,text,wiki:History_0,0.271342,0.918260,0.001646,0.521608,983
900,text,wiki:Computer Science_0,0.254955,0.917886,0.000476,0.424299,996
901,text,wiki:Computer Science_0,0.259894,0.917900,0.000427,0.432161,997
902,text,wiki:Mathematics_4,0.251755,0.917970,0.000466,0.407084,998
903,text,wiki:Mathematics_4,0.266707,0.917988,0.000380,0.433167,999
904,code,/tmp/omni_code_5rm7dhr_/fib_00.py,4.320841,0.892079,0.252271,4.279297,1000
905,physics,physics:step_186,0.061720,0.918181,0.002135,0.451211,1001
906,text,wiki:History_0,0.242720,0.918078,0.002031,0.489327,1002
907,text,wiki:History_0,0.271342,0.918024,0.001643,0.494081,1003
908,text,wiki:History_0,0.266223,0.918149,0.001405,0.477041,1004
909,text,wiki:Mathematics_3,0.244391,0.917858,0.001120,0.442102,1005
910,physics,physics:step_187,0.060643,0.918010,0.000890,0.342130,1006
911,image,/tmp/omni_img_ahr7_nej/circle_00.png,0.061756,0.918333,0.000596,0.336164,1007
912,audio,/tmp/omni_aud_9vbpth3p/chord_00_220hz.wav,0.156743,0.918135,0.000848,0.350595,1008
913,code,/tmp/omni_code_5rm7dhr_/fib_01.py,4.322077,0.892131,0.241673,4.265916,1009
914,code,/tmp/omni_code_5rm7dhr_/import_heavy_00.py,10.462508,0.763950,1.471526,10.376980,1010
915,code,/tmp/omni_code_5rm7dhr_/import_heavy_01.py,10.462790,0.762844,1.312394,10.418365,1011
916,text,wiki:Mathematics_3,0.266256,0.914723,0.041026,1.545442,1012
917,text,wiki:Mathematics_4,0.251755,0.918034,0.029912,1.374242,1013
918,text,wiki:Mathematics_4,0.266707,0.918249,0.021666,1.227145,1014
919,text,wiki:Computer Science_0,0.254955,0.917830,0.016213,1.106519,1015
920,text,wiki:Computer Science_0,0.259894,0.917974,0.012418,1.013353,1016
921,image,/tmp/omni_img_ahr7_nej/circle_01.png,0.062542,0.915009,0.009252,0.904329,1017
922,physics,physics:step_188,0.061836,0.917169,0.007192,0.834707,1018
923,text,wiki:Biology_1,0.237129,0.917917,0.006207,0.786055,1019
924,text,wiki:Biology_1,0.272184,0.894687,0.005091,0.757945,1020
925,text,wiki:Biology_1,0.257909,0.911664,0.004125,0.717351,1021
926,text,wiki:Biology_1,0.237129,0.918094,0.003420,0.654542,1022
927,image,/tmp/omni_img_ahr7_nej/circle_02.png,0.061960,0.915252,0.002663,0.602456,1023
928,text,wiki:Biology_1,0.272184,0.918116,0.002545,0.621526,1024
929,physics,physics:step_189,0.061119,0.918254,0.001899,0.540382,1025
930,text,wiki:Biology_1,0.257909,0.918310,0.001883,0.573658,1026
931,text,wiki:Mathematics_3,0.244391,0.918020,0.001716,0.529959,1027
932,text,wiki:Mathematics_3,0.266256,0.918042,0.001435,0.540232,1028
933,physics,physics:step_190,0.065768,0.918327,0.001339,0.463104,1029
934,physics,physics:step_191,0.048365,0.918237,0.001039,0.432953,1030
935,text,wiki:Physics_3,0.245737,0.917914,0.001074,0.473914,1031
936,audio,/tmp/omni_aud_9vbpth3p/chord_01_440hz.wav,0.157181,0.918209,0.001032,0.446399,1032
937,text,wiki:Physics_3,0.267137,0.918085,0.000972,0.473496,1033
938,image,/tmp/omni_img_ahr7_nej/cross_00.png,0.069560,0.918294,0.000696,0.383112,1034
939,text,wiki:Mathematics_2,0.248881,0.917934,0.000844,0.430931,1035
940,text,wiki:Mathematics_2,0.266364,0.918045,0.000763,0.450282,1036
941,image,/tmp/omni_img_ahr7_nej/cross_01.png,0.068981,0.918297,0.000568,0.354861,1037
942,text,wiki:History_4,0.245905,0.917979,0.000642,0.407638,1038
943,text,wiki:History_4,0.271342,0.918045,0.000667,0.437245,1039
944,text,wiki:History_4,0.266223,0.918015,0.000583,0.432106,1040
945,text,wiki:Mathematics_4,0.251755,0.917991,0.000583,0.400286,1041
946,physics,physics:step_192,0.053173,0.918097,0.000455,0.323863,1042
947,image,/tmp/omni_img_ahr7_nej/cross_02.png,0.070345,0.918293,0.000423,0.315149,1043
948,image,/tmp/omni_img_ahr7_nej/noise_00.png,0.051378,0.918495,0.000324,0.301831,1044
949,text,wiki:Mathematics_4,0.266707,0.918012,0.000564,0.405763,1045
950,text,wiki:Geography_4,0.222755,0.918027,0.000417,0.351954,1046
951,text,wiki:Geography_4,0.271357,0.917996,0.000498,0.406178,1047
952,text,wiki:Geography_4,0.343732,0.918061,0.001256,0.479552,1048
953,text,wiki:Mathematics_4,0.251755,0.918024,0.000457,0.374555,1049
954,audio,/tmp/omni_aud_9vbpth3p/click_00_220hz.wav,0.169014,0.918395,0.000852,0.327376,1050
955,image,/tmp/omni_img_ahr7_nej/noise_01.png,0.058727,0.918114,0.000293,0.247422,1051
956,physics,physics:step_193,0.053121,0.918298,0.000264,0.254811,1052
957,text,wiki:Mathematics_4,0.266707,0.918107,0.000491,0.386418,1053
958,text,wiki:Physics_1,0.236917,0.918040,0.000356,0.354002,1054
959,text,wiki:Physics_1,0.275010,0.918068,0.000459,0.395924,1055
960,text,wiki:Physics_1,0.260393,0.918325,0.000421,0.373842,1056
961,text,wiki:Geography_1,0.236690,0.918027,0.000316,0.347649,1057
962,text,wiki:Geography_1,0.273008,0.917921,0.000382,0.396897,1058
963,text,wiki:Geography_1,0.254855,0.917973,0.000271,0.377194,1059
964,code,/tmp/omni_code_5rm7dhr_/loop_algo_00.py,2.772118,0.905871,0.107234,2.853216,1060
965,text,wiki:Computer Science_1,0.246705,0.917796,0.001176,0.387732,1061
966,code,/tmp/omni_code_5rm7dhr_/loop_algo_01.py,2.772597,0.905896,0.096869,2.880819,1062
967,text,wiki:Computer Science_1,0.267755,0.918160,0.002936,0.474899,1063
968,text,wiki:Computer Science_1,0.717103,0.917460,0.009067,0.831077,1064
969,text,wiki:Geography_0,0.234919,0.916633,0.001544,0.413307,1065
970,text,wiki:Geography_0,0.265763,0.918006,0.001331,0.421945,1066
971,text,wiki:Geography_0,0.443470,0.916719,0.002877,0.578740,1067
972,text,wiki:History_3,0.237630,0.918184,0.000771,0.382772,1068
973,audio,/tmp/omni_aud_9vbpth3p/click_01_440hz.wav,0.169014,0.918041,0.000884,0.341891,1069
974,text,wiki:History_3,0.266213,0.918097,0.000710,0.400294,1070
975,physics,physics:step_194,0.065096,0.915621,0.000474,0.287645,1071
976,text,wiki:History_4,0.245905,0.916815,0.000549,0.364768,1072
977,text,wiki:History_4,0.271342,0.918299,0.000556,0.395349,1073
978,text,wiki:History_4,0.266223,0.918145,0.000485,0.387047,1074
979,text,wiki:Computer Science_2,0.238689,0.917988,0.000380,0.354487,1075
980,code,/tmp/omni_code_5rm7dhr_/class_stack_00.py,7.815459,0.851274,0.829023,7.731713,1076
981,image,/tmp/omni_img_ahr7_nej/noise_02.png,0.057033,0.904252,0.005308,0.653217,1077
982,physics,physics:step_195,0.064280,0.918261,0.004390,0.592332,1078
983,text,wiki:Computer Science_2,0.273169,0.918094,0.003951,0.613395,1079
984,text,wiki:Computer Science_2,0.260393,0.918115,0.003056,0.592481,1080
985,audio,/tmp/omni_aud_9vbpth3p/noise_00_220hz.wav,0.164001,0.918209,0.002063,0.487902,1081
986,text,wiki:Physics_0,0.238298,0.918097,0.002047,0.508744,1082
987,text,wiki:Physics_0,0.271342,0.918050,0.001726,0.512646,1083
988,text,wiki:Physics_0,0.266223,0.918091,0.001429,0.500009,1084
989,physics,physics:step_196,0.055633,0.918334,0.001002,0.368974,1085
990,physics,physics:step_197,0.056919,0.918141,0.000871,0.352065,1086
991,physics,physics:step_198,0.067930,0.918598,0.000810,0.322230,1087
992,physics,physics:step_199,0.060170,0.918241,0.000567,0.309822,1088
993,text,wiki:History_0,0.242720,0.918181,0.000894,0.401432,1089
994,audio,/tmp/omni_aud_9vbpth3p/noise_01_440hz.wav,0.172719,0.918328,0.000797,0.330896,1090
995,text,wiki:History_0,0.271342,0.918094,0.000806,0.419549,1091
996,physics,physics:step_200,0.074343,0.918423,0.000389,0.272208,1092
997,text,wiki:History_0,0.266223,0.918105,0.000724,0.406984,1093
998,code,/tmp/omni_code_5rm7dhr_/class_stack_01.py,7.815455,0.851439,0.812752,7.718079,1094
999,text,wiki:History_4,0.245905,0.918126,0.007621,0.770869,1095
